{"type": "FeatureCollection", "features": [{"type": "Feature", "properties": {"height": 15, "building": "train_station", "building_levels": 5, "roof_shape": "flat", "name": "Charing Cross Railway Station", "addr_street": "", "source_id": "osm/way/27038418", "footprint_source": "OpenStreetMap", "height_source": "type_estimate", "height_method": "Building type: train_station", "measured": false, "external_source": false, "ground_elevation": 5.0, "roof_elevation": 20.0, "source_date": "live", "licence": "ODbL 1.0", "confidence": 0.4}, "geometry": {"type": "Polygon", "coordinates": [[[-0.1254442, 51.5080946], [-0.1253838, 51.5081378], [-0.1253316, 51.508175], [-0.1251124, 51.5083316], [-0.1250112, 51.5084039], [-0.1249756, 51.5084293], [-0.1248992, 51.5084839], [-0.1249232, 51.5084969], [-0.1248053, 51.5085814], [-0.1247917, 51.508574], [-0.124771, 51.5085889], [-0.1247066, 51.5085541], [-0.1247274, 51.5085392], [-0.1246258, 51.5084841], [-0.1246068, 51.5084738], [-0.1245878, 51.5084634], [-0.1245812, 51.5084579], [-0.1242912, 51.5083], [-0.1242464, 51.5082756], [-0.1241362, 51.5082136], [-0.1241099, 51.5081993], [-0.1240588, 51.508171], [-0.1240164, 51.5081475], [-0.1239135, 51.5080907], [-0.1232348, 51.5077063], [-0.1233166, 51.5076493], [-0.1232209, 51.5075974], [-0.1231282, 51.5076553], [-0.1228753, 51.5075114], [-0.1228253, 51.5074697], [-0.1228202, 51.5074352], [-0.1228286, 51.5074145], [-0.1228669, 51.5073716], [-0.1228749, 51.5073755], [-0.1229658, 51.5074193], [-0.1229738, 51.5074132], [-0.1229854, 51.5074047], [-0.1229478, 51.5073849], [-0.1229694, 51.5073691], [-0.1229844, 51.507377], [-0.1229983, 51.5073671], [-0.1230805, 51.5073082], [-0.1231145, 51.5072838], [-0.1232235, 51.5072058], [-0.1232563, 51.5071823], [-0.1234213, 51.5070643], [-0.1234418, 51.5070496], [-0.123431, 51.5070439], [-0.123454, 51.5070268], [-0.1234975, 51.5070497], [-0.1234908, 51.5070547], [-0.1236222, 51.5071261], [-0.1236345, 51.5071174], [-0.1237814, 51.507197], [-0.1238236, 51.5071669], [-0.1239712, 51.507247], [-0.123929, 51.5072771], [-0.1244164, 51.5075415], [-0.1244578, 51.5075119], [-0.1246091, 51.5075939], [-0.1245676, 51.5076235], [-0.1247022, 51.5076965], [-0.1246926, 51.5077035], [-0.1248265, 51.5077761], [-0.1248319, 51.5077722], [-0.1248682, 51.5077461], [-0.1253383, 51.5079921], [-0.1253024, 51.5080177], [-0.1253991, 51.5080701], [-0.1254442, 51.5080946]]]}}, {"type": "Feature", "properties": {"height": 31.0, "building": "yes", "building_levels": 10, "roof_shape": "flat", "name": "Ministry of Defence", "addr_street": "Horse Guards Avenue", "source_id": "osm/way/30656117", "footprint_source": "OpenStreetMap", "height_source": "osm_levels", "height_method": "OSM levels x 3.1m", "measured": false, "external_source": true, "ground_elevation": 5.0, "roof_elevation": 36.0, "source_date": "live", "licence": "ODbL 1.0", "confidence": 0.65}, "geometry": {"type": "Polygon", "coordinates": [[[-0.1242732, 51.5047047], [-0.1241509, 51.5046933], [-0.1241812, 51.5045445], [-0.1242444, 51.5042624], [-0.1242597, 51.5041976], [-0.1242616, 51.5041894], [-0.1242635, 51.5041815], [-0.1242788, 51.5041163], [-0.1243399, 51.5038365], [-0.1243546, 51.5037721], [-0.1243567, 51.5037629], [-0.1243588, 51.5037539], [-0.1243735, 51.5036894], [-0.1244366, 51.5034084], [-0.1244754, 51.5032586], [-0.1246047, 51.5032707], [-0.124811, 51.5032823], [-0.1248125, 51.5032637], [-0.1248139, 51.503245], [-0.1248593, 51.5032462], [-0.1248582, 51.5032599], [-0.1249339, 51.5032623], [-0.1250096, 51.5032647], [-0.1250107, 51.5032511], [-0.1250554, 51.5032517], [-0.1250547, 51.5032716], [-0.1250539, 51.5032915], [-0.1252591, 51.5032929], [-0.12538, 51.5032908], [-0.1253862, 51.5034434], [-0.1253972, 51.5037275], [-0.1254006, 51.5038022], [-0.125404, 51.5038768], [-0.1254118, 51.5041589], [-0.1254141, 51.5042333], [-0.1254164, 51.5043076], [-0.1254267, 51.5045903], [-0.1254344, 51.5047385], [-0.1253179, 51.5047408], [-0.12512, 51.5047437], [-0.1250654, 51.5047445], [-0.1249148, 51.5047451], [-0.1249143, 51.5047642], [-0.1249138, 51.5047833], [-0.1248796, 51.5047833], [-0.12488, 51.5047658], [-0.1247974, 51.5047633], [-0.1247147, 51.5047608], [-0.1247127, 51.5047783], [-0.1246704, 51.5047764], [-0.1246724, 51.5047563], [-0.1246744, 51.5047362], [-0.1244812, 51.5047238], [-0.1242732, 51.5047047]]]}}, {"type": "Feature", "properties": {"height": 20, "building": "yes", "building_levels": 6, "roof_shape": "flat", "name": "Department for Energy Security and Net Zero", "addr_street": "Whitehall Place", "source_id": "osm/way/30656466", "footprint_source": "OpenStreetMap", "height_source": "tag_inference", "height_method": "Government/diplomatic from tags", "measured": false, "external_source": false, "ground_elevation": 5.0, "roof_elevation": 25.0, "source_date": "live", "licence": "ODbL 1.0", "confidence": 0.38}, "geometry": {"type": "Polygon", "coordinates": [[[-0.1267342, 51.5059915], [-0.1264252, 51.5060795], [-0.1258052, 51.5062561], [-0.1256552, 51.5060439], [-0.1256328, 51.5060103], [-0.1262569, 51.5058386], [-0.126573, 51.5057613], [-0.1267342, 51.5059915]]]}}, {"type": "Feature", "properties": {"height": 21.7, "building": "yes", "building_levels": 7, "roof_shape": "flat", "name": "New Scotland Yard", "addr_street": "Victoria Embankment", "source_id": "osm/way/31117060", "footprint_source": "OpenStreetMap", "height_source": "osm_levels", "height_method": "OSM levels x 3.1m", "measured": false, "external_source": true, "ground_elevation": 5.0, "roof_elevation": 26.7, "source_date": "live", "licence": "ODbL 1.0", "confidence": 0.65}, "geometry": {"type": "Polygon", "coordinates": [[[-0.1245512, 51.5025637], [-0.1245432, 51.5026542], [-0.1245073, 51.502653], [-0.1244868, 51.5028867], [-0.1245147, 51.5028876], [-0.1245082, 51.5029622], [-0.1244586, 51.5029603], [-0.1241963, 51.5029515], [-0.1241951, 51.5029657], [-0.1241685, 51.5029648], [-0.1241451, 51.502964], [-0.1241457, 51.5029572], [-0.124147, 51.5029407], [-0.1241525, 51.5028761], [-0.1241431, 51.5028902], [-0.1241305, 51.5029013], [-0.1241091, 51.5029112], [-0.1240835, 51.5029161], [-0.1240568, 51.5029152], [-0.1240322, 51.5029088], [-0.1240125, 51.5028975], [-0.1240018, 51.5028857], [-0.1239968, 51.5028725], [-0.1239979, 51.5028589], [-0.1240232, 51.5026329], [-0.1240246, 51.5026191], [-0.1240323, 51.5026063], [-0.1240457, 51.5025953], [-0.1240665, 51.5025865], [-0.1240909, 51.5025824], [-0.124116, 51.5025837], [-0.1241391, 51.50259], [-0.1241574, 51.5026008], [-0.1241676, 51.5026125], [-0.1241744, 51.5026256], [-0.1241809, 51.5025509], [-0.1242364, 51.5025528], [-0.1243258, 51.5025558], [-0.1244423, 51.5025597], [-0.1244946, 51.5025615], [-0.1245512, 51.5025637]]]}}, {"type": "Feature", "properties": {"height": 12.4, "building": "yes", "building_levels": 4, "roof_shape": "flat", "name": "", "addr_street": "Whitehall", "source_id": "osm/way/31117518", "footprint_source": "OpenStreetMap", "height_source": "osm_levels", "height_method": "OSM levels x 3.1m", "measured": false, "external_source": true, "ground_elevation": 5.0, "roof_elevation": 17.4, "source_date": "live", "licence": "ODbL 1.0", "confidence": 0.65}, "geometry": {"type": "Polygon", "coordinates": [[[-0.1248015, 51.5025948], [-0.1248793, 51.5025972], [-0.1249001, 51.502589], [-0.124901, 51.5025799], [-0.1249863, 51.5025816], [-0.1249758, 51.5027386], [-0.1249926, 51.5027514], [-0.1252474, 51.5027588], [-0.1252476, 51.5027553], [-0.125267, 51.5027445], [-0.1252907, 51.5027448], [-0.125306, 51.5025772], [-0.125179, 51.5025723], [-0.1251776, 51.5025884], [-0.1251331, 51.5025872], [-0.1251399, 51.5025165], [-0.125076, 51.5025155], [-0.1250574, 51.5025041], [-0.1250586, 51.5024868], [-0.1250777, 51.5024781], [-0.1251645, 51.5024801], [-0.1253038, 51.5024833], [-0.1253143, 51.5023856], [-0.1253274, 51.5023858], [-0.1253308, 51.5023431], [-0.1251986, 51.5023404], [-0.1251982, 51.5023472], [-0.1251691, 51.5023466], [-0.1251735, 51.5022801], [-0.1251275, 51.5022796], [-0.1251111, 51.502267], [-0.1251118, 51.5022505], [-0.1251278, 51.5022408], [-0.1251851, 51.5022419], [-0.1251869, 51.5021979], [-0.1252459, 51.5021989], [-0.1252508, 51.5021349], [-0.1252648, 51.5021352], [-0.1252676, 51.5020898], [-0.125363, 51.5020922], [-0.1253651, 51.502061], [-0.1254027, 51.5020619], [-0.1254024, 51.5020668], [-0.125402, 51.5020729], [-0.1254015, 51.5020809], [-0.1254676, 51.5020818], [-0.1254665, 51.5021129], [-0.1254782, 51.5021127], [-0.1254885, 51.5021128], [-0.125524, 51.5021136], [-0.1255468, 51.5021278], [-0.125546, 51.502143], [-0.1255278, 51.5021549], [-0.1255097, 51.502437], [-0.125565, 51.5024396], [-0.1255784, 51.5023144], [-0.1256171, 51.502316], [-0.1256711, 51.5023182], [-0.1258049, 51.5023237], [-0.125792, 51.5024556], [-0.1257895, 51.5024813], [-0.1257857, 51.50252], [-0.1256053, 51.5025131], [-0.1256039, 51.5025264], [-0.1255988, 51.5025262], [-0.1255927, 51.502527], [-0.1255877, 51.5025289], [-0.1255843, 51.5025315], [-0.1255824, 51.5025347], [-0.1255821, 51.5025381], [-0.1255831, 51.5025415], [-0.1255801, 51.5025394], [-0.1255749, 51.5025378], [-0.125569, 51.5025373], [-0.1255633, 51.502538], [-0.1255583, 51.50254], [-0.1255548, 51.5025426], [-0.1255529, 51.5025457], [-0.1255526, 51.5025491], [-0.1255189, 51.5025638], [-0.1254966, 51.5025735], [-0.1254964, 51.5025747], [-0.1254932, 51.5026382], [-0.1254924, 51.502648], [-0.1254888, 51.5027007], [-0.1254879, 51.5027131], [-0.1254846, 51.5027574], [-0.125483, 51.5027601], [-0.1254827, 51.5027635], [-0.1254842, 51.5027668], [-0.1254872, 51.5027696], [-0.1254914, 51.5027717], [-0.1254965, 51.5027728], [-0.125502, 51.5027729], [-0.1255072, 51.502772], [-0.1255116, 51.50277], [-0.1255151, 51.5027671], [-0.1255873, 51.5027684], [-0.1255912, 51.5027206], [-0.1257202, 51.5027257], [-0.1257128, 51.5028161], [-0.1257117, 51.5028303], [-0.1257111, 51.5028421], [-0.1257076, 51.5029157], [-0.1255334, 51.5029114], [-0.125534, 51.5029031], [-0.1252864, 51.5028956], [-0.1252859, 51.5029026], [-0.1250408, 51.5028938], [-0.125041, 51.5028842], [-0.1247678, 51.5028738], [-0.1247672, 51.5028825], [-0.1247289, 51.5028814], [-0.1246002, 51.5028777], [-0.1246125, 51.5027049], [-0.1247408, 51.502708], [-0.1247393, 51.5027385], [-0.124793, 51.5027395], [-0.1247958, 51.5026914], [-0.1248015, 51.5025948]]]}}, {"type": "Feature", "properties": {"height": 15.5, "building": "government", "building_levels": 5, "roof_shape": "flat", "name": "Royal United Service Institute for Defence and Security Studies", "addr_street": "Whitehall", "source_id": "osm/way/31117836", "footprint_source": "OpenStreetMap", "height_source": "osm_levels", "height_method": "OSM levels x 3.1m", "measured": false, "external_source": true, "ground_elevation": 5.0, "roof_elevation": 20.5, "source_date": "live", "licence": "ODbL 1.0", "confidence": 0.65}, "geometry": {"type": "Polygon", "coordinates": [[[-0.1257237, 51.5044089], [-0.1256722, 51.5043969], [-0.125628, 51.5043752], [-0.1256021, 51.5043382], [-0.125594, 51.5042952], [-0.125645, 51.5042634], [-0.1257052, 51.5042468], [-0.1257379, 51.5042452], [-0.1259314, 51.504227], [-0.1259465, 51.5042259], [-0.1259606, 51.5042326], [-0.1259773, 51.5042312], [-0.1260075, 51.5043472], [-0.1259954, 51.5043488], [-0.1260028, 51.5043772], [-0.1257237, 51.5044089]]]}}, {"type": "Feature", "properties": {"height": 12.4, "building": "yes", "building_levels": 4, "roof_shape": "flat", "name": "Office of the Secretary of State for Wales", "addr_street": "Whitehall", "source_id": "osm/way/31119923", "footprint_source": "OpenStreetMap", "height_source": "osm_levels", "height_method": "OSM levels x 3.1m", "measured": false, "external_source": true, "ground_elevation": 5.0, "roof_elevation": 17.4, "source_date": "live", "licence": "ODbL 1.0", "confidence": 0.65}, "geometry": {"type": "Polygon", "coordinates": [[[-0.1257379, 51.5042452], [-0.1257239, 51.5040616], [-0.1258913, 51.5040503], [-0.1259091, 51.5040491], [-0.1259207, 51.5041309], [-0.1259227, 51.5041454], [-0.1259256, 51.504166], [-0.1259314, 51.504227], [-0.1257379, 51.5042452]]]}}, {"type": "Feature", "properties": {"height": 20, "building": "yes", "building_levels": 6, "roof_shape": "flat", "name": "Department for International Development", "addr_street": "Whitehall", "source_id": "osm/way/31142588", "footprint_source": "OpenStreetMap", "height_source": "tag_inference", "height_method": "Government office from tags", "measured": false, "external_source": false, "ground_elevation": 5.0, "roof_elevation": 25.0, "source_date": "live", "licence": "ODbL 1.0", "confidence": 0.38}, "geometry": {"type": "Polygon", "coordinates": [[[-0.1273798, 51.5061371], [-0.1274084, 51.5062004], [-0.1276746, 51.5061591], [-0.1276905, 51.5061565], [-0.127768, 51.506355], [-0.1275728, 51.5063961], [-0.127534, 51.5063081], [-0.1275053, 51.5063131], [-0.1275466, 51.5064066], [-0.1273607, 51.5064417], [-0.1271906, 51.5060694], [-0.1272118, 51.5060662], [-0.127205, 51.506049], [-0.1272645, 51.5060406], [-0.1272674, 51.5060486], [-0.1273231, 51.5060407], [-0.1273373, 51.5060792], [-0.1273574, 51.5060763], [-0.1273798, 51.5061371]]]}}, {"type": "Feature", "properties": {"height": 15, "building": "ship", "building_levels": 5, "roof_shape": "flat", "name": "The Tattershall Castle", "addr_street": "Victoria Embankment", "source_id": "osm/way/31200563", "footprint_source": "OpenStreetMap", "height_source": "tag_inference", "height_method": "Heritage building from tags", "measured": false, "external_source": false, "ground_elevation": 5.0, "roof_elevation": 20.0, "source_date": "live", "licence": "ODbL 1.0", "confidence": 0.38}, "geometry": {"type": "Polygon", "coordinates": [[[-0.1226383, 51.5042105], [-0.122662, 51.5042363], [-0.1226759, 51.5042807], [-0.1226783, 51.5043222], [-0.1226775, 51.5043607], [-0.122675, 51.5043817], [-0.1226884, 51.5043958], [-0.1226928, 51.5044362], [-0.1226469, 51.5046119], [-0.1226421, 51.5046276], [-0.1225806, 51.504665], [-0.1225359, 51.5047503], [-0.1225169, 51.5047645], [-0.1224881, 51.5047721], [-0.122464, 51.504763], [-0.1224484, 51.5047481], [-0.1224493, 51.5047095], [-0.1224486, 51.5046595], [-0.1224301, 51.5046254], [-0.1224115, 51.5045941], [-0.1224385, 51.5045047], [-0.1224559, 51.5044312], [-0.1224746, 51.5043935], [-0.1224949, 51.5043684], [-0.1225299, 51.5043628], [-0.1225493, 51.5043114], [-0.1225777, 51.5042654], [-0.1226075, 51.5042298], [-0.1226383, 51.5042105]]]}}, {"type": "Feature", "properties": {"height": 32.0, "building": "yes", "building_levels": 8, "roof_shape": "flat", "name": "The Benjamin Franklin", "addr_street": "The Strand", "source_id": "osm/way/38325241", "footprint_source": "OpenStreetMap", "height_source": "osm_height", "height_method": "OSM height tag", "measured": true, "external_source": true, "ground_elevation": 5.0, "roof_elevation": 37.0, "source_date": "live", "licence": "ODbL 1.0", "confidence": 0.85}, "geometry": {"type": "Polygon", "coordinates": [[[-0.1257375, 51.507989], [-0.1259769, 51.5081128], [-0.1259832, 51.5081354], [-0.1259627, 51.5081489], [-0.1259539, 51.5081484], [-0.1258949, 51.5081919], [-0.125884, 51.5081914], [-0.1258555, 51.5082114], [-0.1258533, 51.5082229], [-0.1257949, 51.5082601], [-0.1257974, 51.5082672], [-0.1257768, 51.5082817], [-0.1257443, 51.5082842], [-0.1255058, 51.5081509], [-0.1255045, 51.5081294], [-0.1255021, 51.508106], [-0.1255534, 51.508069], [-0.1256624, 51.5079935], [-0.1257375, 51.507989]]]}}, {"type": "Feature", "properties": {"height": 18.6, "building": "yes", "building_levels": 6, "roof_shape": "flat", "name": "Citadines Trafalgar Square", "addr_street": "Northumberland Avenue", "source_id": "osm/way/38325257", "footprint_source": "OpenStreetMap", "height_source": "osm_levels", "height_method": "OSM levels x 3.1m", "measured": false, "external_source": true, "ground_elevation": 5.0, "roof_elevation": 23.6, "source_date": "live", "licence": "ODbL 1.0", "confidence": 0.65}, "geometry": {"type": "Polygon", "coordinates": [[[-0.1243828, 51.5070106], [-0.1249895, 51.5071213], [-0.124952, 51.5072039], [-0.1249409, 51.5072318], [-0.1249312, 51.5072414], [-0.1248474, 51.5073022], [-0.1247576, 51.5072529], [-0.1247354, 51.5072668], [-0.1248293, 51.5073168], [-0.1247679, 51.5073598], [-0.1242888, 51.5071202], [-0.1243565, 51.5070689], [-0.1243828, 51.5070106]]]}}, {"type": "Feature", "properties": {"height": 8, "building": "yes", "building_levels": 3, "roof_shape": "flat", "name": "Charing Cross Substation", "addr_street": "", "source_id": "osm/way/44583437", "footprint_source": "OpenStreetMap", "height_source": "tag_inference", "height_method": "Utility/infrastructure", "measured": false, "external_source": false, "ground_elevation": 5.0, "roof_elevation": 13.0, "source_date": "live", "licence": "ODbL 1.0", "confidence": 0.35}, "geometry": {"type": "Polygon", "coordinates": [[[-0.1223961, 51.5073973], [-0.1224565, 51.5074183], [-0.1223283, 51.5075721], [-0.122235, 51.5075435], [-0.1221989, 51.5075864], [-0.1222525, 51.5076022], [-0.1221645, 51.5077075], [-0.1219267, 51.5076354], [-0.1220534, 51.5074787], [-0.1220031, 51.5074619], [-0.1221293, 51.5073072], [-0.1223961, 51.5073973]]]}}, {"type": "Feature", "properties": {"height": 20, "building": "yes", "building_levels": 6, "roof_shape": "flat", "name": "Great Scotland Yard Hotel", "addr_street": "Great Scotland Yard", "source_id": "osm/way/45068228", "footprint_source": "OpenStreetMap", "height_source": "tag_inference", "height_method": "Hotel from tags", "measured": false, "external_source": false, "ground_elevation": 5.0, "roof_elevation": 25.0, "source_date": "live", "licence": "ODbL 1.0", "confidence": 0.38}, "geometry": {"type": "Polygon", "coordinates": [[[-0.1260299, 51.5063042], [-0.1265104, 51.5061623], [-0.1265881, 51.5062872], [-0.1266486, 51.5063736], [-0.1266063, 51.5063839], [-0.1266241, 51.5064084], [-0.1265567, 51.5064265], [-0.1265982, 51.506485], [-0.1262115, 51.5065977], [-0.1261738, 51.5065405], [-0.126206, 51.5065288], [-0.1260299, 51.5063042]]]}}, {"type": "Feature", "properties": {"height": 10, "building": "yes", "building_levels": 3, "roof_shape": "flat", "name": "", "addr_street": "Derby Gate", "source_id": "osm/way/46138969", "footprint_source": "OpenStreetMap", "height_source": "tag_inference", "height_method": "Addressed building (residential/commercial)", "measured": false, "external_source": false, "ground_elevation": 5.0, "roof_elevation": 15.0, "source_date": "live", "licence": "ODbL 1.0", "confidence": 0.25}, "geometry": {"type": "Polygon", "coordinates": [[[-0.1258797, 51.5015476], [-0.1257359, 51.5015458], [-0.1255225, 51.5015433], [-0.1255049, 51.5018194], [-0.1254975, 51.5019364], [-0.1258395, 51.5019438], [-0.1258515, 51.5018252], [-0.1258575, 51.5017665], [-0.1258612, 51.5017298], [-0.1258654, 51.5016886], [-0.125871, 51.5016334], [-0.1258726, 51.5016177], [-0.1258779, 51.5015653], [-0.1258793, 51.5015518], [-0.1258797, 51.5015476]]]}}, {"type": "Feature", "properties": {"height": 15, "building": "church", "building_levels": 5, "roof_shape": "flat", "name": "St Margaret's Church", "addr_street": "", "source_id": "osm/way/54486345", "footprint_source": "OpenStreetMap", "height_source": "type_estimate", "height_method": "Building type: church", "measured": false, "external_source": false, "ground_elevation": 5.0, "roof_elevation": 20.0, "source_date": "live", "licence": "ODbL 1.0", "confidence": 0.4}, "geometry": {"type": "Polygon", "coordinates": [[[-0.126926, 51.4999816], [-0.1269273, 51.5000372], [-0.1269212, 51.5000409], [-0.1269212, 51.5000461], [-0.1269271, 51.5000498], [-0.1269355, 51.5000497], [-0.1269415, 51.5000462], [-0.1269836, 51.5000458], [-0.1270069, 51.5000456], [-0.1270307, 51.5000454], [-0.1270366, 51.500049], [-0.127045, 51.500049], [-0.1270509, 51.5000454], [-0.1270509, 51.5000401], [-0.1270451, 51.5000364], [-0.1270438, 51.4999809], [-0.1270498, 51.4999772], [-0.1270497, 51.499972], [-0.1270438, 51.4999683], [-0.1270355, 51.4999683], [-0.1270295, 51.499972], [-0.1270156, 51.4999721], [-0.1270144, 51.4999187], [-0.1270711, 51.4999182], [-0.1270695, 51.4998433], [-0.1270129, 51.4998437], [-0.1270116, 51.4997853], [-0.1265916, 51.4997888], [-0.1265905, 51.4997385], [-0.1264714, 51.4997394], [-0.1264717, 51.4997526], [-0.1264453, 51.4997528], [-0.1264461, 51.49979], [-0.1264131, 51.4997902], [-0.1264138, 51.4998253], [-0.1264143, 51.4998491], [-0.1263746, 51.4998495], [-0.1263762, 51.4999244], [-0.1264159, 51.4999241], [-0.1264171, 51.4999819], [-0.1269201, 51.4999778], [-0.126926, 51.4999816]]]}}, {"type": "Feature", "properties": {"height": 6, "building": "yes", "building_levels": 2, "roof_shape": "flat", "name": "Gordon's Wine Bar", "addr_street": "Villiers Street", "source_id": "osm/way/71408528", "footprint_source": "OpenStreetMap", "height_source": "tag_inference", "height_method": "Amenity: bar", "measured": false, "external_source": false, "ground_elevation": 5.0, "roof_elevation": 11.0, "source_date": "live", "licence": "ODbL 1.0", "confidence": 0.38}, "geometry": {"type": "Polygon", "coordinates": [[[-0.1233118, 51.5078593], [-0.1233998, 51.5079091], [-0.1232985, 51.5079755], [-0.1232366, 51.5079397], [-0.1233118, 51.5078593]]]}}, {"type": "Feature", "properties": {"height": 12.4, "building": "yes", "building_levels": 4, "roof_shape": "flat", "name": "", "addr_street": "Buckingham Street", "source_id": "osm/way/71408530", "footprint_source": "OpenStreetMap", "height_source": "osm_levels", "height_method": "OSM levels x 3.1m", "measured": false, "external_source": true, "ground_elevation": 5.0, "roof_elevation": 17.4, "source_date": "live", "licence": "ODbL 1.0", "confidence": 0.65}, "geometry": {"type": "Polygon", "coordinates": [[[-0.1233905, 51.5080261], [-0.1233624, 51.5080089], [-0.1233246, 51.5079888], [-0.1232985, 51.5079755], [-0.1232366, 51.5079397], [-0.1230628, 51.5081284], [-0.123088, 51.5081409], [-0.1231872, 51.5081973], [-0.1233454, 51.5080905], [-0.1233855, 51.5080643], [-0.1234174, 51.5080426], [-0.1233905, 51.5080261]]]}}, {"type": "Feature", "properties": {"height": 8, "building": "yes", "building_levels": 3, "roof_shape": "flat", "name": "Allmart", "addr_street": "Villiers Street", "source_id": "osm/way/71408532", "footprint_source": "OpenStreetMap", "height_source": "tag_inference", "height_method": "Shop: convenience", "measured": false, "external_source": false, "ground_elevation": 5.0, "roof_elevation": 13.0, "source_date": "live", "licence": "ODbL 1.0", "confidence": 0.35}, "geometry": {"type": "Polygon", "coordinates": [[[-0.1235166, 51.5079752], [-0.1235859, 51.5080144], [-0.1234555, 51.5081037], [-0.1233855, 51.5080643], [-0.1234174, 51.5080426], [-0.1235166, 51.5079752]]]}}, {"type": "Feature", "properties": {"height": 10, "building": "yes", "building_levels": 3, "roof_shape": "flat", "name": "", "addr_street": "Villiers Street", "source_id": "osm/way/71408533", "footprint_source": "OpenStreetMap", "height_source": "tag_inference", "height_method": "Addressed building (residential/commercial)", "measured": false, "external_source": false, "ground_elevation": 5.0, "roof_elevation": 15.0, "source_date": "live", "licence": "ODbL 1.0", "confidence": 0.25}, "geometry": {"type": "Polygon", "coordinates": [[[-0.1234238, 51.5079227], [-0.1234403, 51.507932], [-0.1234575, 51.5079417], [-0.1233624, 51.5080089], [-0.1233246, 51.5079888], [-0.1234238, 51.5079227]]]}}, {"type": "Feature", "properties": {"height": 6, "building": "yes", "building_levels": 2, "roof_shape": "flat", "name": "Gordon's Deli", "addr_street": "Villiers Street", "source_id": "osm/way/71408537", "footprint_source": "OpenStreetMap", "height_source": "tag_inference", "height_method": "Amenity: cafe", "measured": false, "external_source": false, "ground_elevation": 5.0, "roof_elevation": 11.0, "source_date": "live", "licence": "ODbL 1.0", "confidence": 0.38}, "geometry": {"type": "Polygon", "coordinates": [[[-0.1232813, 51.5078445], [-0.1232478, 51.507885], [-0.1232132, 51.5078739], [-0.1232467, 51.5078334], [-0.1232813, 51.5078445]]]}}, {"type": "Feature", "properties": {"height": 8, "building": "yes", "building_levels": 3, "roof_shape": "flat", "name": "London Memorabilia", "addr_street": "Villiers Street", "source_id": "osm/way/71408540", "footprint_source": "OpenStreetMap", "height_source": "tag_inference", "height_method": "Shop: gift", "measured": false, "external_source": false, "ground_elevation": 5.0, "roof_elevation": 13.0, "source_date": "live", "licence": "ODbL 1.0", "confidence": 0.35}, "geometry": {"type": "Polygon", "coordinates": [[[-0.1233624, 51.5080089], [-0.1234575, 51.5079417], [-0.1235166, 51.5079752], [-0.1234174, 51.5080426], [-0.1233905, 51.5080261], [-0.1233624, 51.5080089]]]}}, {"type": "Feature", "properties": {"height": 8, "building": "yes", "building_levels": 3, "roof_shape": "flat", "name": "", "addr_street": "Villiers Street", "source_id": "osm/way/71408541", "footprint_source": "OpenStreetMap", "height_source": "tag_inference", "height_method": "Shop: vacant", "measured": false, "external_source": false, "ground_elevation": 5.0, "roof_elevation": 13.0, "source_date": "live", "licence": "ODbL 1.0", "confidence": 0.35}, "geometry": {"type": "Polygon", "coordinates": [[[-0.1233998, 51.5079091], [-0.1234238, 51.5079227], [-0.1233246, 51.5079888], [-0.1232985, 51.5079755], [-0.1233998, 51.5079091]]]}}, {"type": "Feature", "properties": {"height": 12.4, "building": "apartments", "building_levels": 4, "roof_shape": "flat", "name": "", "addr_street": "Craven Street", "source_id": "osm/way/104080990", "footprint_source": "OpenStreetMap", "height_source": "osm_levels", "height_method": "OSM levels x 3.1m", "measured": false, "external_source": true, "ground_elevation": 5.0, "roof_elevation": 17.4, "source_date": "live", "licence": "ODbL 1.0", "confidence": 0.65}, "geometry": {"type": "Polygon", "coordinates": [[[-0.1248348, 51.5076503], [-0.1249317, 51.5075766], [-0.1249159, 51.5075684], [-0.1248371, 51.5075261], [-0.1247325, 51.5075971], [-0.1248348, 51.5076503]]]}}, {"type": "Feature", "properties": {"height": 12.4, "building": "house", "building_levels": 4, "roof_shape": "flat", "name": "", "addr_street": "", "source_id": "osm/way/104080992", "footprint_source": "OpenStreetMap", "height_source": "osm_levels", "height_method": "OSM levels x 3.1m", "measured": false, "external_source": true, "ground_elevation": 5.0, "roof_elevation": 17.4, "source_date": "live", "licence": "ODbL 1.0", "confidence": 0.65}, "geometry": {"type": "Polygon", "coordinates": [[[-0.1241763, 51.5071834], [-0.1241908, 51.5071909], [-0.1242446, 51.5072184], [-0.1241488, 51.5072898], [-0.1240858, 51.5072524], [-0.1241763, 51.5071834]]]}}, {"type": "Feature", "properties": {"height": 12.4, "building": "yes", "building_levels": 4, "roof_shape": "flat", "name": "", "addr_street": "", "source_id": "osm/way/104080994", "footprint_source": "OpenStreetMap", "height_source": "osm_levels", "height_method": "OSM levels x 3.1m", "measured": false, "external_source": true, "ground_elevation": 5.0, "roof_elevation": 17.4, "source_date": "live", "licence": "ODbL 1.0", "confidence": 0.65}, "geometry": {"type": "Polygon", "coordinates": [[[-0.1251914, 51.5075949], [-0.1251829, 51.5075905], [-0.1251742, 51.5075861], [-0.1251332, 51.5075636], [-0.1252602, 51.5074709], [-0.1253193, 51.5075036], [-0.1251914, 51.5075949]]]}}, {"type": "Feature", "properties": {"height": 12.4, "building": "yes", "building_levels": 4, "roof_shape": "flat", "name": "Belluzzo & Partners", "addr_street": "Craven Street", "source_id": "osm/way/104080995", "footprint_source": "OpenStreetMap", "height_source": "osm_levels", "height_method": "OSM levels x 3.1m", "measured": false, "external_source": true, "ground_elevation": 5.0, "roof_elevation": 17.4, "source_date": "live", "licence": "ODbL 1.0", "confidence": 0.65}, "geometry": {"type": "Polygon", "coordinates": [[[-0.1250704, 51.5076482], [-0.1249694, 51.5077226], [-0.1249371, 51.5077446], [-0.1249654, 51.5077565], [-0.1250015, 51.5077306], [-0.1250386, 51.507752], [-0.1251345, 51.5076833], [-0.1250858, 51.5076571], [-0.1250704, 51.5076482]]]}}, {"type": "Feature", "properties": {"height": 12.4, "building": "yes", "building_levels": 4, "roof_shape": "flat", "name": "", "addr_street": "", "source_id": "osm/way/104080997", "footprint_source": "OpenStreetMap", "height_source": "osm_levels", "height_method": "OSM levels x 3.1m", "measured": false, "external_source": true, "ground_elevation": 5.0, "roof_elevation": 17.4, "source_date": "live", "licence": "ODbL 1.0", "confidence": 0.65}, "geometry": {"type": "Polygon", "coordinates": [[[-0.12507, 51.5075287], [-0.12509, 51.5075398], [-0.1251009, 51.5075461], [-0.1251332, 51.5075636], [-0.1252602, 51.5074709], [-0.1252023, 51.5074361], [-0.12507, 51.5075287]]]}}, {"type": "Feature", "properties": {"height": 12.4, "building": "house", "building_levels": 4, "roof_shape": "flat", "name": "", "addr_street": "", "source_id": "osm/way/104081001", "footprint_source": "OpenStreetMap", "height_source": "osm_levels", "height_method": "OSM levels x 3.1m", "measured": false, "external_source": true, "ground_elevation": 5.0, "roof_elevation": 17.4, "source_date": "live", "licence": "ODbL 1.0", "confidence": 0.65}, "geometry": {"type": "Polygon", "coordinates": [[[-0.1246251, 51.5074217], [-0.1246372, 51.5074283], [-0.1246915, 51.5074579], [-0.1246023, 51.5075229], [-0.1245949, 51.5075279], [-0.1245279, 51.5074908], [-0.1246251, 51.5074217]]]}}, {"type": "Feature", "properties": {"height": 12.4, "building": "house", "building_levels": 4, "roof_shape": "flat", "name": "", "addr_street": "", "source_id": "osm/way/104081002", "footprint_source": "OpenStreetMap", "height_source": "osm_levels", "height_method": "OSM levels x 3.1m", "measured": false, "external_source": true, "ground_elevation": 5.0, "roof_elevation": 17.4, "source_date": "live", "licence": "ODbL 1.0", "confidence": 0.65}, "geometry": {"type": "Polygon", "coordinates": [[[-0.1244626, 51.5073331], [-0.124479, 51.5073421], [-0.1245347, 51.5073725], [-0.124441, 51.5074436], [-0.1243663, 51.507405], [-0.1244626, 51.5073331]]]}}, {"type": "Feature", "properties": {"height": 12.4, "building": "yes", "building_levels": 4, "roof_shape": "flat", "name": "", "addr_street": "Craven Street", "source_id": "osm/way/104081006", "footprint_source": "OpenStreetMap", "height_source": "osm_levels", "height_method": "OSM levels x 3.1m", "measured": false, "external_source": true, "ground_elevation": 5.0, "roof_elevation": 17.4, "source_date": "live", "licence": "ODbL 1.0", "confidence": 0.65}, "geometry": {"type": "Polygon", "coordinates": [[[-0.1252371, 51.5077374], [-0.1252552, 51.5077476], [-0.1253381, 51.5077925], [-0.1252493, 51.507858], [-0.1252325, 51.5078694], [-0.1251677, 51.5078322], [-0.1251194, 51.5078666], [-0.1250823, 51.507848], [-0.1251231, 51.5078176], [-0.1252371, 51.5077374]]]}}, {"type": "Feature", "properties": {"height": 12.4, "building": "apartments", "building_levels": 4, "roof_shape": "flat", "name": "", "addr_street": "", "source_id": "osm/way/104081007", "footprint_source": "OpenStreetMap", "height_source": "osm_levels", "height_method": "OSM levels x 3.1m", "measured": false, "external_source": true, "ground_elevation": 5.0, "roof_elevation": 17.4, "source_date": "live", "licence": "ODbL 1.0", "confidence": 0.65}, "geometry": {"type": "Polygon", "coordinates": [[[-0.1246915, 51.5074579], [-0.124741, 51.5074849], [-0.1247792, 51.5075056], [-0.1246885, 51.5075698], [-0.1246346, 51.5076077], [-0.1245782, 51.5075769], [-0.1245845, 51.5075722], [-0.1245539, 51.5075548], [-0.1245739, 51.5075419], [-0.1245951, 51.507555], [-0.1246059, 51.5075461], [-0.1245844, 51.5075347], [-0.1245949, 51.5075279], [-0.1246023, 51.5075229], [-0.1246915, 51.5074579]]]}}, {"type": "Feature", "properties": {"height": 12.4, "building": "house", "building_levels": 4, "roof_shape": "flat", "name": "", "addr_street": "", "source_id": "osm/way/104081009", "footprint_source": "OpenStreetMap", "height_source": "osm_levels", "height_method": "OSM levels x 3.1m", "measured": false, "external_source": true, "ground_elevation": 5.0, "roof_elevation": 17.4, "source_date": "live", "licence": "ODbL 1.0", "confidence": 0.65}, "geometry": {"type": "Polygon", "coordinates": [[[-0.1242446, 51.5072184], [-0.1243015, 51.5072476], [-0.1243105, 51.5072522], [-0.1242161, 51.5073236], [-0.1241488, 51.5072898], [-0.1242446, 51.5072184]]]}}, {"type": "Feature", "properties": {"height": 12.4, "building": "yes", "building_levels": 4, "roof_shape": "flat", "name": "", "addr_street": "Northumberland Avenue", "source_id": "osm/way/104081013", "footprint_source": "OpenStreetMap", "height_source": "osm_levels", "height_method": "OSM levels x 3.1m", "measured": false, "external_source": true, "ground_elevation": 5.0, "roof_elevation": 17.4, "source_date": "live", "licence": "ODbL 1.0", "confidence": 0.65}, "geometry": {"type": "Polygon", "coordinates": [[[-0.124952, 51.5072039], [-0.1249895, 51.5071213], [-0.1252008, 51.5071594], [-0.1252131, 51.5071648], [-0.1252257, 51.5071724], [-0.1252323, 51.5071799], [-0.1252372, 51.5071888], [-0.1252389, 51.5071999], [-0.1252363, 51.5072093], [-0.1252272, 51.5072196], [-0.1251903, 51.5072442], [-0.1249805, 51.507394], [-0.1249182, 51.5074383], [-0.1247679, 51.5073598], [-0.1248293, 51.5073168], [-0.1248474, 51.5073022], [-0.1249312, 51.5072414], [-0.1249797, 51.5072102], [-0.124952, 51.5072039]]]}}, {"type": "Feature", "properties": {"height": 12.4, "building": "yes", "building_levels": 4, "roof_shape": "flat", "name": "", "addr_street": "", "source_id": "osm/way/104081015", "footprint_source": "OpenStreetMap", "height_source": "osm_levels", "height_method": "OSM levels x 3.1m", "measured": false, "external_source": true, "ground_elevation": 5.0, "roof_elevation": 17.4, "source_date": "live", "licence": "ODbL 1.0", "confidence": 0.65}, "geometry": {"type": "Polygon", "coordinates": [[[-0.1252553, 51.5076295], [-0.1252203, 51.507611], [-0.1252101, 51.5076055], [-0.1251914, 51.5075949], [-0.1253193, 51.5075036], [-0.1253822, 51.5075381], [-0.1253566, 51.5075582], [-0.1252553, 51.5076295]]]}}, {"type": "Feature", "properties": {"height": 12.4, "building": "yes", "building_levels": 4, "roof_shape": "flat", "name": "", "addr_street": "Craven Street", "source_id": "osm/way/104081016", "footprint_source": "OpenStreetMap", "height_source": "osm_levels", "height_method": "OSM levels x 3.1m", "measured": false, "external_source": true, "ground_elevation": 5.0, "roof_elevation": 17.4, "source_date": "live", "licence": "ODbL 1.0", "confidence": 0.65}, "geometry": {"type": "Polygon", "coordinates": [[[-0.1251345, 51.5076833], [-0.1251675, 51.5077013], [-0.1252371, 51.5077374], [-0.1251231, 51.5078176], [-0.1250626, 51.5077846], [-0.1250243, 51.5078104], [-0.1249848, 51.5077913], [-0.1250386, 51.507752], [-0.1251345, 51.5076833]]]}}, {"type": "Feature", "properties": {"height": 9.3, "building": "yes", "building_levels": 3, "roof_shape": "flat", "name": "Playhouse Theatre", "addr_street": "Northumberland Avenue", "source_id": "osm/way/104081019", "footprint_source": "OpenStreetMap", "height_source": "osm_levels", "height_method": "OSM levels x 3.1m", "measured": false, "external_source": true, "ground_elevation": 5.0, "roof_elevation": 14.3, "source_date": "live", "licence": "ODbL 1.0", "confidence": 0.65}, "geometry": {"type": "Polygon", "coordinates": [[[-0.1233205, 51.5069215], [-0.1233484, 51.5068986], [-0.1233787, 51.5068807], [-0.1234162, 51.5068649], [-0.1234737, 51.5068553], [-0.1235344, 51.5068567], [-0.1235794, 51.506867], [-0.1236252, 51.5068875], [-0.123905, 51.5070369], [-0.1238653, 51.507063], [-0.1237484, 51.5071432], [-0.1234852, 51.5070023], [-0.1234511, 51.5070268], [-0.1233889, 51.5069936], [-0.1234158, 51.5069727], [-0.1233205, 51.5069215]]]}}, {"type": "Feature", "properties": {"height": 12.4, "building": "yes", "building_levels": 4, "roof_shape": "flat", "name": "", "addr_street": "", "source_id": "osm/way/104081021", "footprint_source": "OpenStreetMap", "height_source": "osm_levels", "height_method": "OSM levels x 3.1m", "measured": false, "external_source": true, "ground_elevation": 5.0, "roof_elevation": 17.4, "source_date": "live", "licence": "ODbL 1.0", "confidence": 0.65}, "geometry": {"type": "Polygon", "coordinates": [[[-0.1250127, 51.5074969], [-0.1249691, 51.5074728], [-0.1249593, 51.5074677], [-0.1249454, 51.50746], [-0.1250869, 51.50736], [-0.1250955, 51.5073649], [-0.1251535, 51.5073989], [-0.125147, 51.5074035], [-0.1250127, 51.5074969]]]}}, {"type": "Feature", "properties": {"height": 12.4, "building": "house", "building_levels": 4, "roof_shape": "flat", "name": "", "addr_street": "", "source_id": "osm/way/104081024", "footprint_source": "OpenStreetMap", "height_source": "osm_levels", "height_method": "OSM levels x 3.1m", "measured": false, "external_source": true, "ground_elevation": 5.0, "roof_elevation": 17.4, "source_date": "live", "licence": "ODbL 1.0", "confidence": 0.65}, "geometry": {"type": "Polygon", "coordinates": [[[-0.1243105, 51.5072522], [-0.1243272, 51.5072609], [-0.1243864, 51.5072916], [-0.1242847, 51.5073631], [-0.1242161, 51.5073236], [-0.1243105, 51.5072522]]]}}, {"type": "Feature", "properties": {"height": 12.4, "building": "house", "building_levels": 4, "roof_shape": "flat", "name": "", "addr_street": "", "source_id": "osm/way/104081025", "footprint_source": "OpenStreetMap", "height_source": "osm_levels", "height_method": "OSM levels x 3.1m", "measured": false, "external_source": true, "ground_elevation": 5.0, "roof_elevation": 17.4, "source_date": "live", "licence": "ODbL 1.0", "confidence": 0.65}, "geometry": {"type": "Polygon", "coordinates": [[[-0.1240981, 51.5071433], [-0.1241623, 51.5071763], [-0.1241763, 51.5071834], [-0.1240858, 51.5072524], [-0.1240063, 51.5072115], [-0.1240981, 51.5071433]]]}}, {"type": "Feature", "properties": {"height": 12.4, "building": "yes", "building_levels": 4, "roof_shape": "flat", "name": "", "addr_street": "", "source_id": "osm/way/104081028", "footprint_source": "OpenStreetMap", "height_source": "osm_levels", "height_method": "OSM levels x 3.1m", "measured": false, "external_source": true, "ground_elevation": 5.0, "roof_elevation": 17.4, "source_date": "live", "licence": "ODbL 1.0", "confidence": 0.65}, "geometry": {"type": "Polygon", "coordinates": [[[-0.1250127, 51.5074969], [-0.125147, 51.5074035], [-0.1251954, 51.5074316], [-0.1252023, 51.5074361], [-0.12507, 51.5075287], [-0.1250355, 51.5075091], [-0.1250278, 51.5075049], [-0.1250127, 51.5074969]]]}}, {"type": "Feature", "properties": {"height": 12.4, "building": "house", "building_levels": 4, "roof_shape": "flat", "name": "", "addr_street": "", "source_id": "osm/way/104081029", "footprint_source": "OpenStreetMap", "height_source": "osm_levels", "height_method": "OSM levels x 3.1m", "measured": false, "external_source": true, "ground_elevation": 5.0, "roof_elevation": 17.4, "source_date": "live", "licence": "ODbL 1.0", "confidence": 0.65}, "geometry": {"type": "Polygon", "coordinates": [[[-0.1240258, 51.5071063], [-0.1239399, 51.5071721], [-0.1240063, 51.5072115], [-0.1240981, 51.5071433], [-0.124082, 51.5071351], [-0.1240561, 51.5071218], [-0.1240258, 51.5071063]]]}}, {"type": "Feature", "properties": {"height": 12.4, "building": "yes", "building_levels": 4, "roof_shape": "flat", "name": "The College of Optometrists", "addr_street": "", "source_id": "osm/way/104081032", "footprint_source": "OpenStreetMap", "height_source": "osm_levels", "height_method": "OSM levels x 3.1m", "measured": false, "external_source": true, "ground_elevation": 5.0, "roof_elevation": 17.4, "source_date": "live", "licence": "ODbL 1.0", "confidence": 0.65}, "geometry": {"type": "Polygon", "coordinates": [[[-0.1252623, 51.5079452], [-0.1251857, 51.5079054], [-0.1252224, 51.5078777], [-0.1252625, 51.5078983], [-0.1252941, 51.5078797], [-0.1252493, 51.507858], [-0.1253381, 51.5077925], [-0.1253585, 51.5078028], [-0.1254149, 51.5078321], [-0.1254381, 51.5078422], [-0.1254935, 51.5078692], [-0.1253952, 51.5079422], [-0.1253694, 51.5079526], [-0.1253302, 51.5079605], [-0.125296, 51.5079593], [-0.1252623, 51.5079452]]]}}, {"type": "Feature", "properties": {"height": 12.4, "building": "yes", "building_levels": 4, "roof_shape": "flat", "name": "Benjamin Franklin House", "addr_street": "Craven Street", "source_id": "osm/way/104081033", "footprint_source": "OpenStreetMap", "height_source": "osm_levels", "height_method": "OSM levels x 3.1m", "measured": false, "external_source": true, "ground_elevation": 5.0, "roof_elevation": 17.4, "source_date": "live", "licence": "ODbL 1.0", "confidence": 0.65}, "geometry": {"type": "Polygon", "coordinates": [[[-0.1247816, 51.5076883], [-0.1248348, 51.5076503], [-0.1249317, 51.5075766], [-0.1249645, 51.5075934], [-0.1249875, 51.5076042], [-0.1250022, 51.5076118], [-0.1248762, 51.507706], [-0.1248494, 51.507725], [-0.1247816, 51.5076883]]]}}, {"type": "Feature", "properties": {"height": 12.4, "building": "yes", "building_levels": 4, "roof_shape": "flat", "name": "", "addr_street": "", "source_id": "osm/way/104081036", "footprint_source": "OpenStreetMap", "height_source": "osm_levels", "height_method": "OSM levels x 3.1m", "measured": false, "external_source": true, "ground_elevation": 5.0, "roof_elevation": 17.4, "source_date": "live", "licence": "ODbL 1.0", "confidence": 0.65}, "geometry": {"type": "Polygon", "coordinates": [[[-0.1250022, 51.5076118], [-0.1250564, 51.5076399], [-0.1250704, 51.5076482], [-0.1249694, 51.5077226], [-0.1249289, 51.5077052], [-0.1249057, 51.507722], [-0.1248762, 51.507706], [-0.1250022, 51.5076118]]]}}, {"type": "Feature", "properties": {"height": 9.3, "building": "house", "building_levels": 3, "roof_shape": "flat", "name": "", "addr_street": "", "source_id": "osm/way/104081037", "footprint_source": "OpenStreetMap", "height_source": "osm_levels", "height_method": "OSM levels x 3.1m", "measured": false, "external_source": true, "ground_elevation": 5.0, "roof_elevation": 14.3, "source_date": "live", "licence": "ODbL 1.0", "confidence": 0.65}, "geometry": {"type": "Polygon", "coordinates": [[[-0.1245347, 51.5073725], [-0.124554, 51.507383], [-0.1245929, 51.5074042], [-0.1246251, 51.5074217], [-0.1245279, 51.5074908], [-0.124441, 51.5074436], [-0.1245347, 51.5073725]]]}}, {"type": "Feature", "properties": {"height": 12.4, "building": "house", "building_levels": 4, "roof_shape": "flat", "name": "", "addr_street": "", "source_id": "osm/way/104081041", "footprint_source": "OpenStreetMap", "height_source": "osm_levels", "height_method": "OSM levels x 3.1m", "measured": false, "external_source": true, "ground_elevation": 5.0, "roof_elevation": 17.4, "source_date": "live", "licence": "ODbL 1.0", "confidence": 0.65}, "geometry": {"type": "Polygon", "coordinates": [[[-0.1243864, 51.5072916], [-0.1244463, 51.5073243], [-0.1244626, 51.5073331], [-0.1243663, 51.507405], [-0.1242847, 51.5073631], [-0.1243864, 51.5072916]]]}}, {"type": "Feature", "properties": {"height": 3.1, "building": "apartments", "building_levels": 1, "roof_shape": "flat", "name": "", "addr_street": "", "source_id": "osm/way/114715673", "footprint_source": "OpenStreetMap", "height_source": "osm_levels", "height_method": "OSM levels x 3.1m", "measured": false, "external_source": true, "ground_elevation": 5.0, "roof_elevation": 8.1, "source_date": "live", "licence": "ODbL 1.0", "confidence": 0.65}, "geometry": {"type": "Polygon", "coordinates": [[[-0.1241292, 51.5023494], [-0.1240556, 51.5023472], [-0.1240461, 51.5024458], [-0.1242215, 51.5024524], [-0.1242256, 51.5024094], [-0.124124, 51.5024056], [-0.1241292, 51.5023494]]]}}, {"type": "Feature", "properties": {"height": 20, "building": "yes", "building_levels": 6, "roof_shape": "flat", "name": "", "addr_street": "Parliament Street", "source_id": "osm/way/114715680", "footprint_source": "OpenStreetMap", "height_source": "tag_inference", "height_method": "Government area: Parliament Street", "measured": false, "external_source": false, "ground_elevation": 5.0, "roof_elevation": 25.0, "source_date": "live", "licence": "ODbL 1.0", "confidence": 0.35}, "geometry": {"type": "Polygon", "coordinates": [[[-0.1255225, 51.5015433], [-0.1255278, 51.5014612], [-0.1255403, 51.5012663], [-0.1255456, 51.5011073], [-0.1255567, 51.5011041], [-0.1256456, 51.501108], [-0.125668, 51.5010993], [-0.1257156, 51.501102], [-0.1257222, 51.5011069], [-0.1258288, 51.5011082], [-0.125873, 51.5011088], [-0.1259125, 51.5011351], [-0.1259107, 51.5011615], [-0.1259068, 51.5012313], [-0.1259046, 51.5012473], [-0.1259042, 51.5012699], [-0.1258797, 51.5015476], [-0.1257359, 51.5015458], [-0.1255225, 51.5015433]]]}}, {"type": "Feature", "properties": {"height": 96.0, "building": "yes", "building_levels": 31, "roof_shape": "pyramidal", "name": "Elizabeth Tower", "addr_street": "", "source_id": "osm/way/123557148", "footprint_source": "OpenStreetMap", "height_source": "osm_height", "height_method": "OSM height tag", "measured": true, "external_source": true, "ground_elevation": 5.0, "roof_elevation": 101.0, "source_date": "live", "licence": "ODbL 1.0", "confidence": 0.85}, "geometry": {"type": "Polygon", "coordinates": [[[-0.1246559, 51.5006462], [-0.1246563, 51.5006438], [-0.1245827, 51.5006387], [-0.1245333, 51.5006353], [-0.1245091, 51.5006336], [-0.1245087, 51.5006361], [-0.1244919, 51.5006351], [-0.1244881, 51.5006348], [-0.1244876, 51.5006372], [-0.1244866, 51.500643], [-0.1244829, 51.5006428], [-0.1244812, 51.5006526], [-0.1244849, 51.5006529], [-0.1244846, 51.5006545], [-0.1244828, 51.5006544], [-0.124481, 51.5006553], [-0.1244808, 51.5006568], [-0.1244818, 51.5006575], [-0.1244795, 51.5006701], [-0.1244769, 51.5006848], [-0.1244737, 51.5007022], [-0.124471, 51.5007169], [-0.1244687, 51.5007296], [-0.1244675, 51.5007302], [-0.1244673, 51.5007317], [-0.1244688, 51.5007328], [-0.1244707, 51.500733], [-0.1244706, 51.5007336], [-0.1244667, 51.5007333], [-0.1244649, 51.5007432], [-0.1244689, 51.5007434], [-0.1244675, 51.5007511], [-0.1244672, 51.5007533], [-0.1244707, 51.5007535], [-0.1244831, 51.5007544], [-0.1244824, 51.500758], [-0.124498, 51.5007589], [-0.1244986, 51.5007555], [-0.1244996, 51.5007555], [-0.1244994, 51.5007569], [-0.1245009, 51.500758], [-0.1245033, 51.5007582], [-0.1245046, 51.5007575], [-0.1245245, 51.5007589], [-0.1245482, 51.5007605], [-0.1245763, 51.5007625], [-0.1245999, 51.5007641], [-0.12462, 51.5007655], [-0.1246211, 51.5007664], [-0.1246234, 51.5007665], [-0.1246252, 51.5007656], [-0.1246255, 51.5007642], [-0.1246274, 51.5007643], [-0.1246268, 51.5007678], [-0.1246408, 51.5007687], [-0.1246415, 51.5007653], [-0.1246551, 51.5007662], [-0.1246585, 51.5007664], [-0.1246588, 51.5007644], [-0.1246599, 51.5007584], [-0.1246632, 51.5007586], [-0.1246645, 51.5007498], [-0.1246684, 51.5007281], [-0.124676, 51.5006865], [-0.1246796, 51.5006675], [-0.1246814, 51.5006573], [-0.1246778, 51.5006571], [-0.124679, 51.5006497], [-0.1246794, 51.5006478], [-0.1246761, 51.5006476], [-0.1246559, 51.5006462]]]}}, {"type": "Feature", "properties": {"height": 3.1, "building": "yes", "building_levels": 1, "roof_shape": "flat", "name": "", "addr_street": "", "source_id": "osm/way/133153169", "footprint_source": "OpenStreetMap", "height_source": "osm_levels", "height_method": "OSM levels x 3.1m", "measured": false, "external_source": true, "ground_elevation": 5.0, "roof_elevation": 8.1, "source_date": "live", "licence": "ODbL 1.0", "confidence": 0.65}, "geometry": {"type": "Polygon", "coordinates": [[[-0.1267801, 51.5049274], [-0.1267301, 51.5049336], [-0.126717, 51.5048934], [-0.1267673, 51.5048871], [-0.1267801, 51.5049274]]]}}, {"type": "Feature", "properties": {"height": 15, "building": "yes", "building_levels": 5, "roof_shape": "flat", "name": "Horse Guards", "addr_street": "Horse Guards Parade", "source_id": "osm/way/133153176", "footprint_source": "OpenStreetMap", "height_source": "tag_inference", "height_method": "Heritage building from tags", "measured": false, "external_source": false, "ground_elevation": 5.0, "roof_elevation": 20.0, "source_date": "live", "licence": "ODbL 1.0", "confidence": 0.38}, "geometry": {"type": "Polygon", "coordinates": [[[-0.1265967, 51.5045489], [-0.1266045, 51.5045479], [-0.1265827, 51.504481], [-0.1265895, 51.5044801], [-0.1265733, 51.5044315], [-0.1266224, 51.5044255], [-0.126935, 51.504387], [-0.1269532, 51.5044415], [-0.1267487, 51.504468], [-0.1267686, 51.5045275], [-0.1268347, 51.5045192], [-0.1268696, 51.5045149], [-0.1268603, 51.504487], [-0.1269438, 51.5044762], [-0.1269533, 51.5045044], [-0.1270061, 51.5044978], [-0.1269922, 51.5044546], [-0.127042, 51.5044482], [-0.1270189, 51.5043767], [-0.1271342, 51.5043625], [-0.1272428, 51.5043491], [-0.1272486, 51.5043484], [-0.1272857, 51.5044634], [-0.1272133, 51.5044724], [-0.1272617, 51.504621], [-0.1273619, 51.5046083], [-0.1273825, 51.5046711], [-0.1273539, 51.5046748], [-0.127366, 51.5047124], [-0.1273768, 51.504711], [-0.1273813, 51.5047245], [-0.1273921, 51.5047567], [-0.1274019, 51.5047859], [-0.1274075, 51.5048025], [-0.1273956, 51.5048041], [-0.1274077, 51.5048417], [-0.1274372, 51.504838], [-0.127458, 51.5049013], [-0.1273571, 51.5049141], [-0.1274065, 51.5050658], [-0.1274771, 51.5050569], [-0.1275146, 51.5051729], [-0.1275065, 51.5051739], [-0.1273159, 51.5051977], [-0.1272851, 51.5052015], [-0.1272795, 51.5051844], [-0.127261, 51.5051271], [-0.1272113, 51.5051332], [-0.1271979, 51.5050923], [-0.1270308, 51.5051133], [-0.1269643, 51.5051216], [-0.1269867, 51.5051891], [-0.1268267, 51.5052097], [-0.1268202, 51.5052105], [-0.1267981, 51.5051424], [-0.1267917, 51.5051433], [-0.1267589, 51.5050458], [-0.1267663, 51.5050449], [-0.1267455, 51.5049809], [-0.1269091, 51.5049589], [-0.1269751, 51.5049501], [-0.1270412, 51.5049412], [-0.1270245, 51.5048922], [-0.1271245, 51.504879], [-0.1271136, 51.5048475], [-0.1270777, 51.5048522], [-0.1270701, 51.5048299], [-0.1270594, 51.5047981], [-0.1270489, 51.5047668], [-0.1270412, 51.5047439], [-0.1270764, 51.5047393], [-0.1270668, 51.5047115], [-0.1269708, 51.5047238], [-0.1269539, 51.5046725], [-0.1268885, 51.5046811], [-0.1268232, 51.5046897], [-0.1266577, 51.5047113], [-0.1266364, 51.5046458], [-0.1266289, 51.5046467], [-0.1265967, 51.5045489]]]}}, {"type": "Feature", "properties": {"height": 15, "building": "yes", "building_levels": 5, "roof_shape": "flat", "name": "", "addr_street": "Victoria Embankment", "source_id": "osm/way/139806330", "footprint_source": "OpenStreetMap", "height_source": "tag_inference", "height_method": "Commercial area: Victoria Embankment", "measured": false, "external_source": false, "ground_elevation": 5.0, "roof_elevation": 20.0, "source_date": "live", "licence": "ODbL 1.0", "confidence": 0.35}, "geometry": {"type": "Polygon", "coordinates": [[[-0.1248653, 51.5019047], [-0.1248362, 51.5019035], [-0.1248042, 51.5019024], [-0.1242712, 51.501886], [-0.1242553, 51.5018853], [-0.1242558, 51.5018815], [-0.1242626, 51.5018231], [-0.1242628, 51.5018206], [-0.1242732, 51.5016952], [-0.1242292, 51.5016945], [-0.124232, 51.5016279], [-0.1243094, 51.5016292], [-0.1244896, 51.5016321], [-0.1244983, 51.5016322], [-0.1244986, 51.5016271], [-0.1246836, 51.5016236], [-0.1246788, 51.5017004], [-0.1245026, 51.5016955], [-0.1244938, 51.5018052], [-0.1248209, 51.5018149], [-0.1248225, 51.5017933], [-0.1248721, 51.5017949], [-0.1248702, 51.5018228], [-0.1248653, 51.5019047]]]}}, {"type": "Feature", "properties": {"height": 18.6, "building": "yes", "building_levels": 6, "roof_shape": "flat", "name": "", "addr_street": "Cannon Row", "source_id": "osm/way/139806333", "footprint_source": "OpenStreetMap", "height_source": "osm_levels", "height_method": "OSM levels x 3.1m", "measured": false, "external_source": true, "ground_elevation": 5.0, "roof_elevation": 23.6, "source_date": "live", "licence": "ODbL 1.0", "confidence": 0.65}, "geometry": {"type": "Polygon", "coordinates": [[[-0.1252723, 51.5019227], [-0.1248653, 51.5019047], [-0.1248702, 51.5018228], [-0.1251307, 51.5018354], [-0.1251347, 51.5017324], [-0.1247462, 51.50174], [-0.1247391, 51.501646], [-0.1252088, 51.5016371], [-0.1252583, 51.5016361], [-0.1252659, 51.5017923], [-0.1252723, 51.5019227]]]}}, {"type": "Feature", "properties": {"height": 15, "building": "yes", "building_levels": 5, "roof_shape": "flat", "name": "Admiralty House", "addr_street": "Whitehall", "source_id": "osm/way/140467283", "footprint_source": "OpenStreetMap", "height_source": "tag_inference", "height_method": "Heritage building from tags", "measured": false, "external_source": false, "ground_elevation": 5.0, "roof_elevation": 20.0, "source_date": "live", "licence": "ODbL 1.0", "confidence": 0.38}, "geometry": {"type": "Polygon", "coordinates": [[[-0.1275651, 51.5055279], [-0.1275697, 51.5055395], [-0.1275705, 51.5055411], [-0.1275721, 51.5055426], [-0.1275742, 51.5055435], [-0.1275766, 51.5055441], [-0.1275799, 51.5055444], [-0.1275833, 51.5055441], [-0.1276064, 51.5056045], [-0.1271671, 51.5056664], [-0.1271217, 51.5056734], [-0.1270671, 51.5056805], [-0.1270425, 51.505684], [-0.126954, 51.5054646], [-0.1270812, 51.5054454], [-0.1270979, 51.5054893], [-0.1271026, 51.5055012], [-0.1271594, 51.5054924], [-0.1271971, 51.5055864], [-0.1271391, 51.5055954], [-0.1271438, 51.5056072], [-0.1272178, 51.5055957], [-0.1272083, 51.5055721], [-0.1272305, 51.5055686], [-0.1272025, 51.5054989], [-0.12718, 51.5055024], [-0.1271702, 51.5054781], [-0.1271595, 51.5054517], [-0.127176, 51.5054492], [-0.1271692, 51.5054321], [-0.1273321, 51.5054075], [-0.1273285, 51.5053983], [-0.1273926, 51.5053886], [-0.1275032, 51.5053716], [-0.1275651, 51.5055279]]]}}, {"type": "Feature", "properties": {"height": 15, "building": "yes", "building_levels": 5, "roof_shape": "flat", "name": "Trafalgar Theatre", "addr_street": "Whitehall", "source_id": "osm/way/140469329", "footprint_source": "OpenStreetMap", "height_source": "tag_inference", "height_method": "Theatre from amenity tag", "measured": false, "external_source": false, "ground_elevation": 5.0, "roof_elevation": 20.0, "source_date": "live", "licence": "ODbL 1.0", "confidence": 0.38}, "geometry": {"type": "Polygon", "coordinates": [[[-0.1274191, 51.5065613], [-0.1274361, 51.5065877], [-0.1273918, 51.5065972], [-0.1274327, 51.5066773], [-0.1274757, 51.506669], [-0.1274892, 51.5066939], [-0.127631, 51.5066705], [-0.1278694, 51.5065894], [-0.1278137, 51.5064649], [-0.1275665, 51.5065121], [-0.1275761, 51.5065317], [-0.1274191, 51.5065613]]]}}, {"type": "Feature", "properties": {"height": 12.4, "building": "yes", "building_levels": 4, "roof_shape": "flat", "name": "Ripley Buildings", "addr_street": "Whitehall", "source_id": "osm/way/140469334", "footprint_source": "OpenStreetMap", "height_source": "osm_levels", "height_method": "OSM levels x 3.1m", "measured": false, "external_source": true, "ground_elevation": 5.0, "roof_elevation": 17.4, "source_date": "live", "licence": "ODbL 1.0", "confidence": 0.65}, "geometry": {"type": "Polygon", "coordinates": [[[-0.1277813, 51.505516], [-0.1278103, 51.5055998], [-0.1279526, 51.5059872], [-0.1279774, 51.5059837], [-0.1280046, 51.5060554], [-0.1278136, 51.5060844], [-0.1277527, 51.5060929], [-0.1277485, 51.5060845], [-0.1276502, 51.5060985], [-0.1273798, 51.5061371], [-0.1273574, 51.5060763], [-0.1273373, 51.5060792], [-0.1273231, 51.5060407], [-0.1272674, 51.5060486], [-0.1272645, 51.5060406], [-0.1272355, 51.5059617], [-0.1276448, 51.5059035], [-0.1276294, 51.5058615], [-0.1275856, 51.505742], [-0.1275703, 51.5057005], [-0.1271533, 51.5057598], [-0.1271217, 51.5056734], [-0.1271671, 51.5056664], [-0.1276064, 51.5056045], [-0.1275833, 51.5055441], [-0.1276001, 51.5055417], [-0.1277407, 51.5055217], [-0.1277813, 51.505516]]]}}, {"type": "Feature", "properties": {"height": 20, "building": "yes", "building_levels": 6, "roof_shape": "flat", "name": "Association of the British Pharmaceutical Industry", "addr_street": "Whitehall", "source_id": "osm/way/140469338", "footprint_source": "OpenStreetMap", "height_source": "tag_inference", "height_method": "Government area: Whitehall", "measured": false, "external_source": false, "ground_elevation": 5.0, "roof_elevation": 25.0, "source_date": "live", "licence": "ODbL 1.0", "confidence": 0.35}, "geometry": {"type": "Polygon", "coordinates": [[[-0.1274892, 51.5066939], [-0.1275218, 51.5067627], [-0.1279119, 51.5066867], [-0.1278694, 51.5065894], [-0.127631, 51.5066705], [-0.1274892, 51.5066939]]]}}, {"type": "Feature", "properties": {"height": 6, "building": "yes", "building_levels": 2, "roof_shape": "flat", "name": "The Horse and Guardsman", "addr_street": "Whitehall", "source_id": "osm/way/140469340", "footprint_source": "OpenStreetMap", "height_source": "tag_inference", "height_method": "Amenity: pub", "measured": false, "external_source": false, "ground_elevation": 5.0, "roof_elevation": 11.0, "source_date": "live", "licence": "ODbL 1.0", "confidence": 0.38}, "geometry": {"type": "Polygon", "coordinates": [[[-0.1273607, 51.5064417], [-0.1274191, 51.5065613], [-0.1275761, 51.5065317], [-0.1275665, 51.5065121], [-0.1278137, 51.5064649], [-0.127768, 51.506355], [-0.1275728, 51.5063961], [-0.1275466, 51.5064066], [-0.1273607, 51.5064417]]]}}, {"type": "Feature", "properties": {"height": 9.3, "building": "yes", "building_levels": 3, "roof_shape": "flat", "name": "Banqueting House", "addr_street": "", "source_id": "osm/way/140470549", "footprint_source": "OpenStreetMap", "height_source": "osm_levels", "height_method": "OSM levels x 3.1m", "measured": false, "external_source": true, "ground_elevation": 5.0, "roof_elevation": 14.3, "source_date": "live", "licence": "ODbL 1.0", "confidence": 0.65}, "geometry": {"type": "Polygon", "coordinates": [[[-0.1257237, 51.5044089], [-0.1260028, 51.5043772], [-0.1260182, 51.5043764], [-0.1261069, 51.5046996], [-0.1261087, 51.5047062], [-0.1260333, 51.5047137], [-0.1260447, 51.5047557], [-0.1258183, 51.5047782], [-0.1257237, 51.5044089]]]}}, {"type": "Feature", "properties": {"height": 10, "building": "yes", "building_levels": 3, "roof_shape": "flat", "name": "", "addr_street": "Great Scotland Yard", "source_id": "osm/way/140515790", "footprint_source": "OpenStreetMap", "height_source": "tag_inference", "height_method": "Addressed building (residential/commercial)", "measured": false, "external_source": false, "ground_elevation": 5.0, "roof_elevation": 15.0, "source_date": "live", "licence": "ODbL 1.0", "confidence": 0.25}, "geometry": {"type": "Polygon", "coordinates": [[[-0.1257429, 51.5064904], [-0.1256871, 51.5064074], [-0.1260299, 51.5063042], [-0.126206, 51.5065288], [-0.1261738, 51.5065405], [-0.1262115, 51.5065977], [-0.1261482, 51.5066203], [-0.1261658, 51.506654], [-0.1261813, 51.5066838], [-0.1261365, 51.506734], [-0.1259757, 51.5066368], [-0.1258603, 51.506562], [-0.1257429, 51.5064904]]]}}, {"type": "Feature", "properties": {"height": 15.5, "building": "yes", "building_levels": 5, "roof_shape": "flat", "name": "", "addr_street": "Whitehall", "source_id": "osm/way/140515791", "footprint_source": "OpenStreetMap", "height_source": "osm_levels", "height_method": "OSM levels x 3.1m", "measured": false, "external_source": true, "ground_elevation": 5.0, "roof_elevation": 20.5, "source_date": "live", "licence": "ODbL 1.0", "confidence": 0.65}, "geometry": {"type": "Polygon", "coordinates": [[[-0.1268922, 51.5062346], [-0.126707, 51.5062884], [-0.1266866, 51.5062604], [-0.1266548, 51.5062118], [-0.1268433, 51.5061595], [-0.1268922, 51.5062346]]]}}, {"type": "Feature", "properties": {"height": 10, "building": "yes", "building_levels": 3, "roof_shape": "flat", "name": "", "addr_street": "", "source_id": "osm/way/140515792", "footprint_source": "OpenStreetMap", "height_source": "default", "height_method": "Default fallback", "measured": false, "external_source": false, "ground_elevation": 5.0, "roof_elevation": 15.0, "source_date": "live", "licence": "ODbL 1.0", "confidence": 0.2}, "geometry": {"type": "Polygon", "coordinates": [[[-0.1266374, 51.5065441], [-0.126788, 51.5065117], [-0.1268061, 51.5065492], [-0.1268328, 51.506544], [-0.1269288, 51.506525], [-0.1269349, 51.5065342], [-0.127067, 51.5065088], [-0.1270814, 51.5065423], [-0.1270946, 51.5065729], [-0.1271101, 51.5066073], [-0.127125, 51.5066434], [-0.1269348, 51.5066722], [-0.1267158, 51.5067054], [-0.1266374, 51.5065441]]]}}, {"type": "Feature", "properties": {"height": 12.4, "building": "yes", "building_levels": 4, "roof_shape": "flat", "name": "", "addr_street": "Whitehall", "source_id": "osm/way/140515794", "footprint_source": "OpenStreetMap", "height_source": "osm_levels", "height_method": "OSM levels x 3.1m", "measured": false, "external_source": true, "ground_elevation": 5.0, "roof_elevation": 17.4, "source_date": "live", "licence": "ODbL 1.0", "confidence": 0.65}, "geometry": {"type": "Polygon", "coordinates": [[[-0.1268922, 51.5062346], [-0.1269034, 51.5062515], [-0.1269484, 51.5063205], [-0.1267639, 51.5063731], [-0.1267186, 51.5063056], [-0.126707, 51.5062884], [-0.1268922, 51.5062346]]]}}, {"type": "Feature", "properties": {"height": 21.7, "building": "commercial", "building_levels": 7, "roof_shape": "flat", "name": "", "addr_street": "Whitehall", "source_id": "osm/way/140515795", "footprint_source": "OpenStreetMap", "height_source": "osm_levels", "height_method": "OSM levels x 3.1m", "measured": false, "external_source": true, "ground_elevation": 5.0, "roof_elevation": 26.7, "source_date": "live", "licence": "ODbL 1.0", "confidence": 0.65}, "geometry": {"type": "Polygon", "coordinates": [[[-0.1266052, 51.506494], [-0.1265982, 51.506485], [-0.1265567, 51.5064265], [-0.1266241, 51.5064084], [-0.1267639, 51.5063731], [-0.1269484, 51.5063205], [-0.1269955, 51.5063879], [-0.1270146, 51.5064156], [-0.1269067, 51.506442], [-0.1268591, 51.5064436], [-0.1268524, 51.5064349], [-0.1268303, 51.5064403], [-0.1266052, 51.506494]]]}}, {"type": "Feature", "properties": {"height": 15.5, "building": "yes", "building_levels": 5, "roof_shape": "flat", "name": "The Clarence", "addr_street": "Whitehall", "source_id": "osm/way/140515796", "footprint_source": "OpenStreetMap", "height_source": "osm_levels", "height_method": "OSM levels x 3.1m", "measured": false, "external_source": true, "ground_elevation": 5.0, "roof_elevation": 20.5, "source_date": "live", "licence": "ODbL 1.0", "confidence": 0.65}, "geometry": {"type": "Polygon", "coordinates": [[[-0.1266035, 51.5061423], [-0.1267947, 51.5060922], [-0.1268433, 51.5061595], [-0.1266548, 51.5062118], [-0.1266035, 51.5061423]]]}}, {"type": "Feature", "properties": {"height": 12.4, "building": "yes", "building_levels": 4, "roof_shape": "flat", "name": "Association of Teachers and Lecturers", "addr_street": "", "source_id": "osm/way/140517891", "footprint_source": "OpenStreetMap", "height_source": "osm_levels", "height_method": "OSM levels x 3.1m", "measured": false, "external_source": true, "ground_elevation": 5.0, "roof_elevation": 17.4, "source_date": "live", "licence": "ODbL 1.0", "confidence": 0.65}, "geometry": {"type": "Polygon", "coordinates": [[[-0.1254549, 51.5074122], [-0.125628, 51.5075179], [-0.1256357, 51.5075124], [-0.1257829, 51.5075995], [-0.1256665, 51.5076737], [-0.1253458, 51.507484], [-0.1254549, 51.5074122]]]}}, {"type": "Feature", "properties": {"height": 15.5, "building": "yes", "building_levels": 5, "roof_shape": "flat", "name": "", "addr_street": "", "source_id": "osm/way/140517893", "footprint_source": "OpenStreetMap", "height_source": "osm_levels", "height_method": "OSM levels x 3.1m", "measured": false, "external_source": true, "ground_elevation": 5.0, "roof_elevation": 20.5, "source_date": "live", "licence": "ODbL 1.0", "confidence": 0.65}, "geometry": {"type": "Polygon", "coordinates": [[[-0.1243828, 51.5070106], [-0.1240544, 51.5069516], [-0.1240457, 51.5069514], [-0.1240361, 51.5069531], [-0.1240289, 51.5069561], [-0.1240232, 51.5069602], [-0.1240206, 51.5069657], [-0.1240209, 51.5069721], [-0.1240248, 51.5069768], [-0.1242888, 51.5071202], [-0.1243565, 51.5070689], [-0.1243828, 51.5070106]]]}}, {"type": "Feature", "properties": {"height": 9.3, "building": "yes", "building_levels": 3, "roof_shape": "flat", "name": "The Sherlock Holmes", "addr_street": "Northumberland Street", "source_id": "osm/way/140517896", "footprint_source": "OpenStreetMap", "height_source": "osm_levels", "height_method": "OSM levels x 3.1m", "measured": false, "external_source": true, "ground_elevation": 5.0, "roof_elevation": 14.3, "source_date": "live", "licence": "ODbL 1.0", "confidence": 0.65}, "geometry": {"type": "Polygon", "coordinates": [[[-0.1252244, 51.5074115], [-0.1253364, 51.5073412], [-0.1252203, 51.5072693], [-0.1251211, 51.5073373], [-0.1251296, 51.5073424], [-0.1251876, 51.5073764], [-0.1251535, 51.5073989], [-0.125147, 51.5074035], [-0.1251954, 51.5074316], [-0.1252244, 51.5074115]]]}}, {"type": "Feature", "properties": {"height": 32.0, "building": "yes", "building_levels": 8, "roof_shape": "flat", "name": "", "addr_street": "", "source_id": "osm/way/140517903", "footprint_source": "OpenStreetMap", "height_source": "osm_height", "height_method": "OSM height tag", "measured": true, "external_source": true, "ground_elevation": 5.0, "roof_elevation": 37.0, "source_date": "live", "licence": "ODbL 1.0", "confidence": 0.85}, "geometry": {"type": "Polygon", "coordinates": [[[-0.125389, 51.5080597], [-0.1254485, 51.5080873], [-0.1254737, 51.5080852], [-0.1255245, 51.5080535], [-0.1255534, 51.508069], [-0.1256624, 51.5079935], [-0.1256125, 51.5080055], [-0.1255983, 51.5079979], [-0.1255874, 51.5080057], [-0.1254939, 51.5079565], [-0.1254706, 51.5079693], [-0.1254333, 51.5079999], [-0.1254244, 51.5079939], [-0.125397, 51.5079953], [-0.1253777, 51.5080091], [-0.1253829, 51.508025], [-0.1254122, 51.5080398], [-0.125389, 51.5080597]]]}}, {"type": "Feature", "properties": {"height": 15.5, "building": "apartments", "building_levels": 5, "roof_shape": "flat", "name": "", "addr_street": "Craven Street", "source_id": "osm/way/140517906", "footprint_source": "OpenStreetMap", "height_source": "osm_levels", "height_method": "OSM levels x 3.1m", "measured": false, "external_source": true, "ground_elevation": 5.0, "roof_elevation": 20.5, "source_date": "live", "licence": "ODbL 1.0", "confidence": 0.65}, "geometry": {"type": "Polygon", "coordinates": [[[-0.1255383, 51.5077744], [-0.1254283, 51.5077141], [-0.1254139, 51.5077067], [-0.1253991, 51.5076993], [-0.1253891, 51.5077001], [-0.1253819, 51.507699], [-0.1253748, 51.5076959], [-0.1253713, 51.5076909], [-0.1253708, 51.5076863], [-0.1253624, 51.5076845], [-0.1252553, 51.5076295], [-0.1253566, 51.5075582], [-0.1254129, 51.5075893], [-0.1254241, 51.5075906], [-0.1254355, 51.5075974], [-0.1254395, 51.5076062], [-0.1254708, 51.5076232], [-0.1254976, 51.5076215], [-0.1256396, 51.5077063], [-0.1255383, 51.5077744]]]}}, {"type": "Feature", "properties": {"height": 15, "building": "no", "building_levels": 5, "roof_shape": "flat", "name": "Victoria Embankment Open Air Theatre", "addr_street": "", "source_id": "osm/way/149173486", "footprint_source": "OpenStreetMap", "height_source": "tag_inference", "height_method": "Theatre from amenity tag", "measured": false, "external_source": false, "ground_elevation": 5.0, "roof_elevation": 20.0, "source_date": "live", "licence": "ODbL 1.0", "confidence": 0.38}, "geometry": {"type": "Polygon", "coordinates": [[[-0.1227783, 51.5079794], [-0.1227368, 51.5079922], [-0.1227049, 51.5080094], [-0.1226781, 51.5080294], [-0.1225059, 51.507983], [-0.122502, 51.5079646], [-0.1224907, 51.507949], [-0.1224734, 51.5079368], [-0.122453, 51.5079281], [-0.1224283, 51.5079209], [-0.1224024, 51.5079171], [-0.1223011, 51.5077794], [-0.1224306, 51.5077541], [-0.1224944, 51.5077621], [-0.1225039, 51.5077471], [-0.1225969, 51.5077742], [-0.1226513, 51.5078027], [-0.1226983, 51.5078324], [-0.1227294, 51.5078569], [-0.1227536, 51.50789], [-0.1227592, 51.5079071], [-0.1227643, 51.5079266], [-0.1227783, 51.5079794]]]}}, {"type": "Feature", "properties": {"height": 1.0, "building": "air_shaft", "building_levels": 1, "roof_shape": "flat", "name": "New Palace Yard Vent Shaft", "addr_street": "", "source_id": "osm/way/162513945", "footprint_source": "OpenStreetMap", "height_source": "osm_height", "height_method": "OSM height tag", "measured": true, "external_source": true, "ground_elevation": 5.0, "roof_elevation": 6.0, "source_date": "live", "licence": "ODbL 1.0", "confidence": 0.85}, "geometry": {"type": "Polygon", "coordinates": [[[-0.1258928, 51.500793], [-0.1258036, 51.5008426], [-0.125641, 51.5007367], [-0.1256778, 51.5007211], [-0.1257152, 51.5007009], [-0.1257393, 51.5006816], [-0.1258928, 51.500793]]]}}, {"type": "Feature", "properties": {"height": 15.5, "building": "office", "building_levels": 5, "roof_shape": "flat", "name": "Grand Buildings", "addr_street": "Strand", "source_id": "osm/way/179717015", "footprint_source": "OpenStreetMap", "height_source": "osm_levels", "height_method": "OSM levels x 3.1m", "measured": false, "external_source": true, "ground_elevation": 5.0, "roof_elevation": 20.5, "source_date": "live", "licence": "ODbL 1.0", "confidence": 0.65}, "geometry": {"type": "Polygon", "coordinates": [[[-0.1264619, 51.5079279], [-0.1265561, 51.5078753], [-0.1268174, 51.5077131], [-0.1268625, 51.5076757], [-0.1268975, 51.5076336], [-0.1269111, 51.5075841], [-0.1269043, 51.5075377], [-0.1268816, 51.5074901], [-0.1268378, 51.5074549], [-0.1267794, 51.5074233], [-0.1267119, 51.5074115], [-0.1263637, 51.5073507], [-0.1257542, 51.5072378], [-0.1257319, 51.5072792], [-0.1257051, 51.5072746], [-0.1256598, 51.5072225], [-0.1255691, 51.5072086], [-0.1254875, 51.5072333], [-0.1254671, 51.50729], [-0.1255131, 51.507338], [-0.1256007, 51.5073536], [-0.125608, 51.5073599], [-0.1255938, 51.5073685], [-0.1256996, 51.507428], [-0.1258302, 51.5075058], [-0.1260195, 51.507624], [-0.1264619, 51.5079279]]]}}, {"type": "Feature", "properties": {"height": 6, "building": "yes", "building_levels": 2, "roof_shape": "flat", "name": "Opal Bar", "addr_street": "", "source_id": "osm/way/205407098", "footprint_source": "OpenStreetMap", "height_source": "tag_inference", "height_method": "Amenity: pub", "measured": false, "external_source": false, "ground_elevation": 5.0, "roof_elevation": 11.0, "source_date": "live", "licence": "ODbL 1.0", "confidence": 0.38}, "geometry": {"type": "Polygon", "coordinates": [[[-0.1220031, 51.5074619], [-0.121877, 51.5074232], [-0.122005, 51.5072668], [-0.1221293, 51.5073072], [-0.1220031, 51.5074619]]]}}, {"type": "Feature", "properties": {"height": 15, "building": "train_station", "building_levels": 5, "roof_shape": "flat", "name": "", "addr_street": "Embankment Place", "source_id": "osm/way/205407099", "footprint_source": "OpenStreetMap", "height_source": "type_estimate", "height_method": "Building type: train_station", "measured": false, "external_source": false, "ground_elevation": 5.0, "roof_elevation": 20.0, "source_date": "live", "licence": "ODbL 1.0", "confidence": 0.4}, "geometry": {"type": "Polygon", "coordinates": [[[-0.1223961, 51.5073973], [-0.1221293, 51.5073072], [-0.1221536, 51.5072754], [-0.122107, 51.5072604], [-0.1221266, 51.5072367], [-0.1221103, 51.5072326], [-0.122138, 51.5071994], [-0.1221833, 51.5071482], [-0.1221572, 51.5071411], [-0.1221831, 51.5071129], [-0.1222388, 51.5071295], [-0.1222626, 51.5071066], [-0.1222916, 51.5070729], [-0.1224021, 51.5071245], [-0.1224974, 51.5071727], [-0.1225636, 51.5072061], [-0.1224803, 51.5073119], [-0.1224355, 51.5073673], [-0.1224214, 51.5073627], [-0.1223961, 51.5073973]]]}}, {"type": "Feature", "properties": {"height": 15, "building": "yes", "building_levels": 5, "roof_shape": "flat", "name": "Victoria Embankment Gardens Maintenance Offices", "addr_street": "Victoria Embankment", "source_id": "osm/way/205408319", "footprint_source": "OpenStreetMap", "height_source": "tag_inference", "height_method": "Commercial area: Victoria Embankment", "measured": false, "external_source": false, "ground_elevation": 5.0, "roof_elevation": 20.0, "source_date": "live", "licence": "ODbL 1.0", "confidence": 0.35}, "geometry": {"type": "Polygon", "coordinates": [[[-0.1217143, 51.5078709], [-0.1216274, 51.5078407], [-0.1212497, 51.5082608], [-0.1213365, 51.5082911], [-0.1217143, 51.5078709]]]}}, {"type": "Feature", "properties": {"height": 10, "building": "yes", "building_levels": 3, "roof_shape": "flat", "name": "", "addr_street": "", "source_id": "osm/way/205408322", "footprint_source": "OpenStreetMap", "height_source": "default", "height_method": "Default fallback", "measured": false, "external_source": false, "ground_elevation": 5.0, "roof_elevation": 15.0, "source_date": "live", "licence": "ODbL 1.0", "confidence": 0.2}, "geometry": {"type": "Polygon", "coordinates": [[[-0.1228423, 51.5078189], [-0.1226962, 51.5077237], [-0.1228087, 51.5076568], [-0.1229548, 51.5077521], [-0.1228423, 51.5078189]]]}}, {"type": "Feature", "properties": {"height": 5, "building": "air_shaft", "building_levels": 2, "roof_shape": "flat", "name": "", "addr_street": "", "source_id": "osm/way/231879496", "footprint_source": "OpenStreetMap", "height_source": "type_estimate", "height_method": "Building type: air_shaft", "measured": false, "external_source": false, "ground_elevation": 5.0, "roof_elevation": 10.0, "source_date": "live", "licence": "ODbL 1.0", "confidence": 0.4}, "geometry": {"type": "Polygon", "coordinates": [[[-0.1237189, 51.5015713], [-0.1237287, 51.5014618], [-0.1237356, 51.5014621], [-0.1237259, 51.5015716], [-0.1237189, 51.5015713]]]}}, {"type": "Feature", "properties": {"height": 5, "building": "air_shaft", "building_levels": 2, "roof_shape": "flat", "name": "", "addr_street": "", "source_id": "osm/way/231879501", "footprint_source": "OpenStreetMap", "height_source": "type_estimate", "height_method": "Building type: air_shaft", "measured": false, "external_source": false, "ground_elevation": 5.0, "roof_elevation": 10.0, "source_date": "live", "licence": "ODbL 1.0", "confidence": 0.4}, "geometry": {"type": "Polygon", "coordinates": [[[-0.1237727, 51.5014063], [-0.1237684, 51.501455], [-0.1237405, 51.501454], [-0.1237448, 51.5014053], [-0.1237727, 51.5014063]]]}}, {"type": "Feature", "properties": {"height": 5, "building": "air_shaft", "building_levels": 2, "roof_shape": "flat", "name": "", "addr_street": "", "source_id": "osm/way/231879504", "footprint_source": "OpenStreetMap", "height_source": "type_estimate", "height_method": "Building type: air_shaft", "measured": false, "external_source": false, "ground_elevation": 5.0, "roof_elevation": 10.0, "source_date": "live", "licence": "ODbL 1.0", "confidence": 0.4}, "geometry": {"type": "Polygon", "coordinates": [[[-0.1237624, 51.5015225], [-0.1237581, 51.5015711], [-0.1237302, 51.5015702], [-0.1237345, 51.5015215], [-0.1237624, 51.5015225]]]}}, {"type": "Feature", "properties": {"height": 5, "building": "air_shaft", "building_levels": 2, "roof_shape": "flat", "name": "", "addr_street": "", "source_id": "osm/way/231879505", "footprint_source": "OpenStreetMap", "height_source": "type_estimate", "height_method": "Building type: air_shaft", "measured": false, "external_source": false, "ground_elevation": 5.0, "roof_elevation": 10.0, "source_date": "live", "licence": "ODbL 1.0", "confidence": 0.4}, "geometry": {"type": "Polygon", "coordinates": [[[-0.1237675, 51.5014647], [-0.1237632, 51.5015134], [-0.1237353, 51.5015124], [-0.1237396, 51.5014637], [-0.1237675, 51.5014647]]]}}, {"type": "Feature", "properties": {"height": 5, "building": "air_shaft", "building_levels": 2, "roof_shape": "flat", "name": "", "addr_street": "", "source_id": "osm/way/231879506", "footprint_source": "OpenStreetMap", "height_source": "type_estimate", "height_method": "Building type: air_shaft", "measured": false, "external_source": false, "ground_elevation": 5.0, "roof_elevation": 10.0, "source_date": "live", "licence": "ODbL 1.0", "confidence": 0.4}, "geometry": {"type": "Polygon", "coordinates": [[[-0.1237573, 51.5015806], [-0.123753, 51.5016292], [-0.1237251, 51.5016283], [-0.1237294, 51.5015796], [-0.1237573, 51.5015806]]]}}, {"type": "Feature", "properties": {"height": 3.1, "building": "kiosk", "building_levels": 1, "roof_shape": "flat", "name": "", "addr_street": "", "source_id": "osm/way/239826996", "footprint_source": "OpenStreetMap", "height_source": "osm_levels", "height_method": "OSM levels x 3.1m", "measured": false, "external_source": true, "ground_elevation": 5.0, "roof_elevation": 8.1, "source_date": "live", "licence": "ODbL 1.0", "confidence": 0.65}, "geometry": {"type": "Polygon", "coordinates": [[[-0.1266651, 51.5031407], [-0.1267536, 51.5031412], [-0.1267541, 51.5031087], [-0.1266656, 51.5031081], [-0.1266651, 51.5031407]]]}}, {"type": "Feature", "properties": {"height": 3.1, "building": "kiosk", "building_levels": 1, "roof_shape": "flat", "name": "", "addr_street": "", "source_id": "osm/way/239826997", "footprint_source": "OpenStreetMap", "height_source": "osm_levels", "height_method": "OSM levels x 3.1m", "measured": false, "external_source": true, "ground_elevation": 5.0, "roof_elevation": 8.1, "source_date": "live", "licence": "ODbL 1.0", "confidence": 0.65}, "geometry": {"type": "Polygon", "coordinates": [[[-0.1264769, 51.5031382], [-0.1264503, 51.5031383], [-0.1264503, 51.5031245], [-0.1264768, 51.5031244], [-0.1264769, 51.5031382]]]}}, {"type": "Feature", "properties": {"height": 21.7, "building": "office", "building_levels": 7, "roof_shape": "flat", "name": "Portcullis House", "addr_street": "", "source_id": "osm/way/256497249", "footprint_source": "OpenStreetMap", "height_source": "osm_levels", "height_method": "OSM levels x 3.1m", "measured": false, "external_source": true, "ground_elevation": 5.0, "roof_elevation": 26.7, "source_date": "live", "licence": "ODbL 1.0", "confidence": 0.65}, "geometry": {"type": "Polygon", "coordinates": [[[-0.1253911, 51.5015773], [-0.1254024, 51.5015663], [-0.1254057, 51.5015565], [-0.1254351, 51.5011236], [-0.1254289, 51.5011103], [-0.1254224, 51.5011016], [-0.1254106, 51.5010957], [-0.1253871, 51.5010935], [-0.1249722, 51.5010815], [-0.1249734, 51.5010637], [-0.1248863, 51.5010615], [-0.1247992, 51.5010593], [-0.124798, 51.5010764], [-0.1243813, 51.5010643], [-0.1243584, 51.5010657], [-0.1243429, 51.5010703], [-0.124332, 51.5010796], [-0.124327, 51.5010917], [-0.1243146, 51.5012553], [-0.1242847, 51.5012545], [-0.1242811, 51.5013087], [-0.1242775, 51.501363], [-0.1243064, 51.5013637], [-0.1242942, 51.5015254], [-0.124297, 51.5015399], [-0.1243086, 51.5015506], [-0.1243246, 51.5015567], [-0.124345, 51.5015585], [-0.1244545, 51.5015617], [-0.1245156, 51.5015635], [-0.1245718, 51.5015651], [-0.1253496, 51.5015879], [-0.1253757, 51.5015843], [-0.1253911, 51.5015773]]]}}, {"type": "Feature", "properties": {"height": 6.7, "building": "yes", "building_levels": 2, "roof_shape": "flat", "name": "The Women of WWII", "addr_street": "Whitehall", "source_id": "osm/way/297183679", "footprint_source": "OpenStreetMap", "height_source": "osm_height", "height_method": "OSM height tag", "measured": true, "external_source": true, "ground_elevation": 5.0, "roof_elevation": 11.7, "source_date": "live", "licence": "ODbL 1.0", "confidence": 0.85}, "geometry": {"type": "Polygon", "coordinates": [[[-0.1261678, 51.5035801], [-0.1261646, 51.5035356], [-0.1261387, 51.5035363], [-0.1261419, 51.5035809], [-0.1261678, 51.5035801]]]}}, {"type": "Feature", "properties": {"height": 18.6, "building": "yes", "building_levels": 6, "roof_shape": "flat", "name": "Corinthia Residences", "addr_street": "Whitehall Place", "source_id": "osm/way/332801601", "footprint_source": "OpenStreetMap", "height_source": "osm_levels", "height_method": "OSM levels x 3.1m", "measured": false, "external_source": true, "ground_elevation": 5.0, "roof_elevation": 23.6, "source_date": "live", "licence": "ODbL 1.0", "confidence": 0.65}, "geometry": {"type": "Polygon", "coordinates": [[[-0.1255596, 51.506305], [-0.1254194, 51.5061044], [-0.1254025, 51.5060795], [-0.125158, 51.5061484], [-0.1248557, 51.5062336], [-0.1249531, 51.5063531], [-0.1250993, 51.5064677], [-0.1251658, 51.5064093], [-0.1255596, 51.506305]]]}}, {"type": "Feature", "properties": {"height": 15, "building": "yes", "building_levels": 5, "roof_shape": "flat", "name": "Whitehall Telephone Exchange", "addr_street": "Craig's Court", "source_id": "osm/way/332801925", "footprint_source": "OpenStreetMap", "height_source": "tag_inference", "height_method": "Telecom exchange", "measured": false, "external_source": false, "ground_elevation": 5.0, "roof_elevation": 20.0, "source_date": "live", "licence": "ODbL 1.0", "confidence": 0.35}, "geometry": {"type": "Polygon", "coordinates": [[[-0.1268335, 51.5069573], [-0.1268061, 51.5069383], [-0.1267783, 51.5068391], [-0.1268081, 51.5068344], [-0.1267721, 51.5067569], [-0.1265018, 51.5067899], [-0.1263888, 51.5068742], [-0.126515, 51.5069252], [-0.1265961, 51.5069656], [-0.1267042, 51.5070284], [-0.1267417, 51.5070071], [-0.1267793, 51.5069862], [-0.1268335, 51.5069573]]]}}, {"type": "Feature", "properties": {"height": 10, "building": "yes", "building_levels": 3, "roof_shape": "flat", "name": "", "addr_street": "", "source_id": "osm/way/363746413", "footprint_source": "OpenStreetMap", "height_source": "default", "height_method": "Default fallback", "measured": false, "external_source": false, "ground_elevation": 5.0, "roof_elevation": 15.0, "source_date": "live", "licence": "ODbL 1.0", "confidence": 0.2}, "geometry": {"type": "Polygon", "coordinates": [[[-0.1272638, 51.4991044], [-0.1272644, 51.4991006], [-0.1272652, 51.4990951], [-0.1272664, 51.4990869], [-0.1272681, 51.4990755], [-0.1272969, 51.4990771], [-0.1272952, 51.4990885], [-0.127294, 51.4990968], [-0.1272932, 51.4991022], [-0.1272923, 51.4991085], [-0.1274374, 51.4991172], [-0.1274381, 51.4991119], [-0.127439, 51.4991063], [-0.1274403, 51.4990972], [-0.1274418, 51.4990865], [-0.1274696, 51.4990881], [-0.1275009, 51.4989132], [-0.1273378, 51.4988978], [-0.1273479, 51.4988506], [-0.1273569, 51.4988061], [-0.1273579, 51.4988011], [-0.127235, 51.4987921], [-0.1272064, 51.4987905], [-0.1272053, 51.4987969], [-0.1271986, 51.4988462], [-0.127248, 51.4988502], [-0.1272272, 51.4989717], [-0.1272943, 51.4989767], [-0.1273218, 51.4988511], [-0.1273394, 51.4988514], [-0.1273135, 51.4990051], [-0.127219, 51.4989983], [-0.1272049, 51.4990662], [-0.1272153, 51.4990705], [-0.1272045, 51.4990804], [-0.1272012, 51.4990792], [-0.1271978, 51.4990962], [-0.1271842, 51.4991023], [-0.1272597, 51.4991067], [-0.1272638, 51.4991044]]]}}, {"type": "Feature", "properties": {"height": 10, "building": "yes", "building_levels": 3, "roof_shape": "flat", "name": "Chapter House", "addr_street": "", "source_id": "osm/way/363961396", "footprint_source": "OpenStreetMap", "height_source": "default", "height_method": "Default fallback", "measured": false, "external_source": false, "ground_elevation": 5.0, "roof_elevation": 15.0, "source_date": "live", "licence": "ODbL 1.0", "confidence": 0.2}, "geometry": {"type": "Polygon", "coordinates": [[[-0.1269765, 51.4991069], [-0.1269818, 51.4991017], [-0.1269246, 51.4990566], [-0.1269169, 51.4990584], [-0.1268488, 51.4990722], [-0.126812, 51.4990797], [-0.1268045, 51.4990654], [-0.1268414, 51.4990579], [-0.1269094, 51.4990441], [-0.1269186, 51.4990424], [-0.1269277, 51.4989821], [-0.1269174, 51.4989784], [-0.126874, 51.4989624], [-0.1268297, 51.4989462], [-0.1268411, 51.4989341], [-0.1268854, 51.4989504], [-0.1269289, 51.4989663], [-0.1269384, 51.4989695], [-0.1270135, 51.4989319], [-0.1270105, 51.4989253], [-0.1269926, 51.4988828], [-0.1269799, 51.4988527], [-0.1270016, 51.4988492], [-0.1270143, 51.4988792], [-0.1270322, 51.4989218], [-0.1270355, 51.4989283], [-0.1271327, 51.4989333], [-0.1271378, 51.4989268], [-0.1271602, 51.4989021], [-0.1271854, 51.4988744], [-0.1272074, 51.4988822], [-0.1271822, 51.4989098], [-0.1271598, 51.4989345], [-0.1271541, 51.4989403], [-0.1272124, 51.4989857], [-0.1272218, 51.4989842], [-0.1272709, 51.4989761], [-0.1272765, 51.4989892], [-0.1272275, 51.498997], [-0.127219, 51.4989983], [-0.1272049, 51.4990662], [-0.1272153, 51.4990705], [-0.1272045, 51.4990804], [-0.1272012, 51.4990792], [-0.1271978, 51.4990962], [-0.1271842, 51.4991023], [-0.1271744, 51.4990943], [-0.1271562, 51.4990929], [-0.1271402, 51.4991005], [-0.1271377, 51.4991118], [-0.127146, 51.4991185], [-0.1270018, 51.4991091], [-0.1269969, 51.4991145], [-0.126955, 51.4991579], [-0.1269316, 51.4991822], [-0.1269112, 51.4991747], [-0.1269347, 51.4991503], [-0.1269765, 51.4991069]]]}}, {"type": "Feature", "properties": {"height": 6.2, "building": "yes", "building_levels": 2, "roof_shape": "flat", "name": "Westminster Abbey", "addr_street": "Dean's Yard", "source_id": "osm/way/364313092", "footprint_source": "OpenStreetMap", "height_source": "osm_levels", "height_method": "OSM levels x 3.1m", "measured": false, "external_source": true, "ground_elevation": 5.0, "roof_elevation": 11.2, "source_date": "live", "licence": "ODbL 1.0", "confidence": 0.65}, "geometry": {"type": "Polygon", "coordinates": [[[-0.1272638, 51.4991044], [-0.1272644, 51.4991006], [-0.1272652, 51.4990951], [-0.1272664, 51.4990869], [-0.1272681, 51.4990755], [-0.1272969, 51.4990771], [-0.1272952, 51.4990885], [-0.127294, 51.4990968], [-0.1272932, 51.4991022], [-0.1272923, 51.4991085], [-0.1274374, 51.4991172], [-0.1274381, 51.4991119], [-0.127439, 51.4991063], [-0.1274403, 51.4990972], [-0.1274418, 51.4990865], [-0.1274696, 51.4990881], [-0.1274681, 51.4990987], [-0.1274667, 51.4991078], [-0.1274659, 51.4991134], [-0.1274655, 51.4991163], [-0.1274689, 51.499119], [-0.1275344, 51.4991228], [-0.1275364, 51.4991015], [-0.1275523, 51.4991026], [-0.1275642, 51.4991034], [-0.1276058, 51.4991289], [-0.1276041, 51.4991522], [-0.1275583, 51.4991499], [-0.1275517, 51.4991928], [-0.1275571, 51.4991931], [-0.1275772, 51.4991942], [-0.1275839, 51.4991946], [-0.1275894, 51.4991949], [-0.1275947, 51.4991952], [-0.127593, 51.4992075], [-0.1275876, 51.4992072], [-0.1275821, 51.4992069], [-0.1275754, 51.4992065], [-0.1275554, 51.4992054], [-0.1275499, 51.4992051], [-0.127543, 51.4992462], [-0.1275485, 51.4992465], [-0.1275685, 51.4992477], [-0.1275752, 51.4992481], [-0.1275807, 51.4992484], [-0.1275861, 51.4992487], [-0.1275844, 51.49926], [-0.1276016, 51.499261], [-0.1276033, 51.4992486], [-0.1276049, 51.4992361], [-0.1276055, 51.4992316], [-0.1276061, 51.499227], [-0.1276068, 51.4992221], [-0.1276273, 51.4992231], [-0.1276267, 51.499228], [-0.1276261, 51.4992326], [-0.1276255, 51.4992371], [-0.1276238, 51.4992496], [-0.1276222, 51.4992622], [-0.1276847, 51.4992657], [-0.1276867, 51.4992508], [-0.1276883, 51.4992391], [-0.1276888, 51.4992351], [-0.1276894, 51.499231], [-0.12769, 51.4992265], [-0.1277101, 51.4992276], [-0.1277095, 51.4992321], [-0.1277089, 51.4992362], [-0.1277084, 51.4992402], [-0.1277068, 51.4992519], [-0.1277048, 51.4992669], [-0.1277685, 51.4992708], [-0.1277704, 51.4992574], [-0.1277721, 51.499246], [-0.1277728, 51.4992414], [-0.1277734, 51.4992368], [-0.1277741, 51.4992318], [-0.1277948, 51.499233], [-0.1277941, 51.4992379], [-0.1277935, 51.4992425], [-0.1277928, 51.4992472], [-0.1277911, 51.4992586], [-0.1277892, 51.4992718], [-0.1278509, 51.499275], [-0.1278528, 51.4992611], [-0.1278544, 51.4992498], [-0.127855, 51.4992454], [-0.1278557, 51.4992404], [-0.1278564, 51.4992356], [-0.1278766, 51.4992367], [-0.1278759, 51.4992415], [-0.1278752, 51.4992464], [-0.1278746, 51.4992509], [-0.127873, 51.4992622], [-0.127871, 51.4992764], [-0.1279343, 51.49928], [-0.127936, 51.4992671], [-0.1279378, 51.4992546], [-0.1279384, 51.4992499], [-0.1279391, 51.4992452], [-0.1279397, 51.4992405], [-0.1279602, 51.4992416], [-0.1279596, 51.4992463], [-0.1279589, 51.499251], [-0.1279583, 51.4992556], [-0.1279566, 51.4992682], [-0.1279548, 51.4992811], [-0.1280187, 51.4992845], [-0.1280206, 51.4992721], [-0.1280224, 51.4992601], [-0.128023, 51.4992557], [-0.1280237, 51.4992512], [-0.1280243, 51.4992471], [-0.1280294, 51.4992474], [-0.1280449, 51.4992483], [-0.1280443, 51.4992524], [-0.1280436, 51.4992569], [-0.1280429, 51.4992613], [-0.1280411, 51.4992733], [-0.1280393, 51.4992855], [-0.1281189, 51.4992901], [-0.1281185, 51.4992934], [-0.1281231, 51.4992937], [-0.1281217, 51.4993034], [-0.1281184, 51.499326], [-0.128118, 51.4993287], [-0.1281783, 51.4993325], [-0.1281787, 51.4993297], [-0.1281819, 51.4993076], [-0.1281824, 51.499304], [-0.1281834, 51.4992971], [-0.1281912, 51.4992975], [-0.1282036, 51.4992982], [-0.1282026, 51.4993052], [-0.128202, 51.4993087], [-0.1281988, 51.4993308], [-0.1281984, 51.4993335], [-0.1282618, 51.4993366], [-0.1282621, 51.4993341], [-0.1282652, 51.4993129], [-0.1282658, 51.4993087], [-0.1282663, 51.499305], [-0.1282668, 51.4993018], [-0.1282889, 51.499303], [-0.1282879, 51.4993099], [-0.1282873, 51.4993142], [-0.1282842, 51.4993354], [-0.1282839, 51.4993378], [-0.1283397, 51.4993409], [-0.1283437, 51.4993123], [-0.1283663, 51.4993135], [-0.1284079, 51.4993158], [-0.1284066, 51.4993253], [-0.1284604, 51.4993282], [-0.1284617, 51.4993186], [-0.1284789, 51.4993195], [-0.128526, 51.499322], [-0.1285205, 51.4993611], [-0.1285037, 51.4993602], [-0.1284989, 51.4993945], [-0.1285161, 51.4993954], [-0.1285144, 51.4994089], [-0.1285325, 51.4994097], [-0.1285472, 51.4994104], [-0.1285453, 51.499425], [-0.1285392, 51.4994709], [-0.1285331, 51.4995171], [-0.1285311, 51.4995317], [-0.1285167, 51.499531], [-0.1284961, 51.49953], [-0.1284945, 51.4995413], [-0.1284773, 51.4995404], [-0.1284723, 51.4995762], [-0.1284888, 51.4995771], [-0.1284837, 51.4996132], [-0.1284833, 51.4996162], [-0.1284191, 51.4996128], [-0.1284208, 51.499601], [-0.1283657, 51.499598], [-0.128364, 51.4996102], [-0.1282997, 51.4996067], [-0.128304, 51.4995749], [-0.1282499, 51.4995719], [-0.1282494, 51.4995753], [-0.128247, 51.4995913], [-0.1282465, 51.4995943], [-0.128246, 51.4995974], [-0.1282455, 51.4996007], [-0.1282235, 51.4995994], [-0.128224, 51.4995961], [-0.1282245, 51.499593], [-0.128225, 51.49959], [-0.1282274, 51.499574], [-0.1282279, 51.4995706], [-0.1281645, 51.4995667], [-0.128164, 51.4995704], [-0.1281617, 51.4995865], [-0.1281613, 51.4995895], [-0.1281609, 51.4995926], [-0.1281604, 51.4995959], [-0.1281403, 51.4995948], [-0.1281408, 51.4995915], [-0.1281412, 51.4995884], [-0.1281416, 51.4995854], [-0.1281439, 51.4995693], [-0.1281444, 51.4995657], [-0.1280841, 51.4995622], [-0.1280835, 51.4995659], [-0.1280812, 51.4995819], [-0.1280808, 51.4995849], [-0.1280803, 51.4995882], [-0.1280798, 51.4995914], [-0.1280585, 51.4995902], [-0.128059, 51.499587], [-0.1280595, 51.4995837], [-0.1280599, 51.4995807], [-0.1280622, 51.4995647], [-0.1280628, 51.499561], [-0.1279956, 51.4995573], [-0.1279951, 51.499561], [-0.1279926, 51.499577], [-0.1279922, 51.4995798], [-0.1279917, 51.4995832], [-0.1279912, 51.4995864], [-0.1279691, 51.4995851], [-0.1279696, 51.4995819], [-0.1279701, 51.4995785], [-0.1279706, 51.4995757], [-0.127973, 51.4995597], [-0.1279736, 51.499556], [-0.1279126, 51.4995525], [-0.1279121, 51.4995563], [-0.1279097, 51.4995723], [-0.1279093, 51.4995753], [-0.1279088, 51.4995785], [-0.1279083, 51.4995817], [-0.1278978, 51.4995811], [-0.1278878, 51.4995806], [-0.1278882, 51.4995774], [-0.1278887, 51.4995742], [-0.1278892, 51.4995711], [-0.1278915, 51.4995551], [-0.127892, 51.4995515], [-0.1278299, 51.4995482], [-0.1278294, 51.4995516], [-0.127827, 51.4995676], [-0.1278265, 51.4995707], [-0.1278261, 51.4995739], [-0.1278256, 51.4995771], [-0.1278161, 51.4995766], [-0.1278056, 51.499576], [-0.127806, 51.4995727], [-0.1278065, 51.4995695], [-0.127807, 51.4995665], [-0.1278094, 51.4995505], [-0.1278099, 51.4995471], [-0.1277472, 51.4995433], [-0.1277467, 51.4995467], [-0.1277443, 51.4995627], [-0.1277438, 51.4995658], [-0.1277433, 51.499569], [-0.1277429, 51.4995722], [-0.1277216, 51.499571], [-0.1277221, 51.4995678], [-0.1277226, 51.4995646], [-0.127723, 51.4995615], [-0.1277254, 51.4995455], [-0.1277259, 51.4995421], [-0.1276654, 51.4995389], [-0.1276649, 51.4995422], [-0.1276626, 51.4995584], [-0.1276621, 51.4995617], [-0.1276617, 51.4995646], [-0.1276612, 51.4995678], [-0.1276411, 51.4995667], [-0.1276415, 51.4995635], [-0.127642, 51.4995606], [-0.1276424, 51.4995572], [-0.1276448, 51.4995411], [-0.1276452, 51.4995377], [-0.1275828, 51.4995341], [-0.1275823, 51.4995376], [-0.12758, 51.4995537], [-0.1275795, 51.4995567], [-0.1275791, 51.4995599], [-0.1275786, 51.4995632], [-0.1275583, 51.4995621], [-0.1275588, 51.4995588], [-0.1275593, 51.4995556], [-0.1275597, 51.4995526], [-0.127562, 51.4995365], [-0.1275625, 51.499533], [-0.1275065, 51.4995298], [-0.1275061, 51.4995325], [-0.1275004, 51.4995322], [-0.127495, 51.4995675], [-0.1275005, 51.4995678], [-0.1275205, 51.499569], [-0.1275272, 51.4995694], [-0.1275327, 51.4995697], [-0.1275381, 51.49957], [-0.1275362, 51.4995824], [-0.1275308, 51.4995821], [-0.1275254, 51.4995817], [-0.1275187, 51.4995813], [-0.1274986, 51.4995802], [-0.1274932, 51.4995799], [-0.1274874, 51.4996218], [-0.1274927, 51.4996221], [-0.1275129, 51.4996232], [-0.1275196, 51.4996236], [-0.1275249, 51.4996239], [-0.1275302, 51.4996243], [-0.1275293, 51.4996299], [-0.1275285, 51.4996353], [-0.1275233, 51.4996349], [-0.127518, 51.4996346], [-0.1275113, 51.4996342], [-0.127491, 51.4996331], [-0.1274857, 51.4996328], [-0.1274789, 51.4996749], [-0.1274774, 51.4996842], [-0.127503, 51.4996858], [-0.1275097, 51.4996861], [-0.1275157, 51.4996865], [-0.1275218, 51.4996868], [-0.1275207, 51.499694], [-0.1275199, 51.4996996], [-0.127514, 51.4996992], [-0.1275078, 51.499699], [-0.1275012, 51.4996986], [-0.1274882, 51.4996978], [-0.1274875, 51.4997036], [-0.1274733, 51.4997108], [-0.1274722, 51.499718], [-0.1274708, 51.4997271], [-0.1274477, 51.4997258], [-0.1273697, 51.4997213], [-0.1273483, 51.4997202], [-0.1272746, 51.4997159], [-0.1272006, 51.4997117], [-0.1271794, 51.4997105], [-0.1270968, 51.4997058], [-0.1270736, 51.4997045], [-0.1270749, 51.4996955], [-0.1270761, 51.4996868], [-0.1270661, 51.4996792], [-0.1270668, 51.4996738], [-0.1270528, 51.499673], [-0.1270458, 51.4996726], [-0.1270404, 51.4996723], [-0.1270353, 51.499672], [-0.1270372, 51.4996592], [-0.1270423, 51.4996595], [-0.1270477, 51.4996598], [-0.1270545, 51.4996602], [-0.1270799, 51.4996616], [-0.1270812, 51.4996523], [-0.1270865, 51.4996184], [-0.127088, 51.499609], [-0.1270832, 51.4996088], [-0.1270656, 51.4996078], [-0.1270587, 51.4996074], [-0.1270518, 51.499607], [-0.1270452, 51.4996067], [-0.1270468, 51.4995957], [-0.1270533, 51.499596], [-0.1270603, 51.4995964], [-0.1270672, 51.4995968], [-0.1270898, 51.4995981], [-0.1270968, 51.4995569], [-0.1270925, 51.4995566], [-0.1270854, 51.4995562], [-0.1270715, 51.4995535], [-0.1270376, 51.4995523], [-0.1270225, 51.4995495], [-0.1270091, 51.499548], [-0.126997, 51.499547], [-0.1270058, 51.499554], [-0.1269927, 51.4995604], [-0.1269839, 51.4995533], [-0.1269381, 51.499562], [-0.1269382, 51.4995716], [-0.1269204, 51.4995717], [-0.1269203, 51.4995621], [-0.1268785, 51.4995483], [-0.126867, 51.4995549], [-0.126856, 51.4995475], [-0.1268675, 51.4995409], [-0.1268522, 51.4995152], [-0.1268434, 51.4995243], [-0.1268275, 51.4995183], [-0.1268363, 51.4995092], [-0.1267986, 51.4995148], [-0.1267981, 51.4995244], [-0.1267812, 51.4995241], [-0.1267817, 51.4995145], [-0.1267404, 51.4995015], [-0.1267282, 51.499509], [-0.1267154, 51.499501], [-0.1267276, 51.4994935], [-0.1267122, 51.4994655], [-0.1266892, 51.4994644], [-0.1266784, 51.4994702], [-0.1266641, 51.4994697], [-0.1266547, 51.499463], [-0.1266291, 51.4994619], [-0.1266184, 51.4994678], [-0.1266041, 51.4994672], [-0.1265946, 51.4994605], [-0.1265681, 51.4994588], [-0.1265573, 51.4994646], [-0.1265431, 51.4994641], [-0.1265336, 51.4994574], [-0.1265064, 51.4994556], [-0.1264956, 51.4994615], [-0.1264814, 51.4994609], [-0.1264719, 51.4994542], [-0.126444, 51.4994521], [-0.1264333, 51.499458], [-0.126419, 51.4994574], [-0.1264096, 51.4994507], [-0.1264031, 51.4994484], [-0.1263966, 51.4994497], [-0.1263797, 51.4994476], [-0.1263654, 51.4994506], [-0.126357, 51.4994439], [-0.1263451, 51.4994416], [-0.12634, 51.4994392], [-0.12633, 51.4994398], [-0.1263157, 51.4994392], [-0.1263063, 51.4994325], [-0.1263072, 51.4994237], [-0.1263037, 51.4994194], [-0.1262916, 51.4994185], [-0.1262821, 51.4994105], [-0.1262689, 51.4994102], [-0.1262697, 51.4994015], [-0.1262632, 51.4993965], [-0.1262634, 51.4993884], [-0.1262579, 51.4993855], [-0.1262437, 51.499385], [-0.1262342, 51.4993783], [-0.1262351, 51.4993694], [-0.1262459, 51.4993635], [-0.1262494, 51.4993599], [-0.1262462, 51.499356], [-0.1262464, 51.4993458], [-0.1262356, 51.4993383], [-0.1262473, 51.4993316], [-0.1262491, 51.499322], [-0.1262561, 51.4993191], [-0.1262534, 51.4993144], [-0.126244, 51.4993077], [-0.1262448, 51.4992988], [-0.1262556, 51.4992929], [-0.1262694, 51.4992933], [-0.1262777, 51.4992922], [-0.1262787, 51.4992862], [-0.1262905, 51.4992806], [-0.1262898, 51.4992709], [-0.1263047, 51.4992719], [-0.1263155, 51.4992659], [-0.1263257, 51.4992666], [-0.1263319, 51.4992621], [-0.1263328, 51.4992531], [-0.1263435, 51.4992473], [-0.1263577, 51.4992479], [-0.1263668, 51.4992543], [-0.1263723, 51.4992557], [-0.1263781, 51.4992537], [-0.1263903, 51.4992526], [-0.126399, 51.4992461], [-0.1264096, 51.499251], [-0.1264256, 51.4992496], [-0.1264323, 51.4992505], [-0.126438, 51.4992473], [-0.1264487, 51.4992414], [-0.126463, 51.499242], [-0.1264725, 51.4992487], [-0.1264995, 51.4992504], [-0.1265103, 51.4992445], [-0.1265245, 51.4992451], [-0.126534, 51.4992518], [-0.1265604, 51.4992538], [-0.1265711, 51.4992479], [-0.1265854, 51.4992485], [-0.1265948, 51.4992551], [-0.1266224, 51.4992563], [-0.1266331, 51.4992504], [-0.1266474, 51.499251], [-0.1266569, 51.4992577], [-0.126684, 51.499259], [-0.1266948, 51.4992531], [-0.1267091, 51.4992537], [-0.1267185, 51.4992604], [-0.1267386, 51.4992613], [-0.1267654, 51.4992398], [-0.1267552, 51.4992325], [-0.1267673, 51.4992259], [-0.1267775, 51.4992332], [-0.1268196, 51.4992228], [-0.1268203, 51.4992141], [-0.1268372, 51.4992146], [-0.1268365, 51.4992233], [-0.1268739, 51.4992329], [-0.1268713, 51.4992234], [-0.1268884, 51.4992216], [-0.1268909, 51.4992311], [-0.1269167, 51.4992048], [-0.126906, 51.4991975], [-0.1269164, 51.4991916], [-0.1269271, 51.4991988], [-0.1269758, 51.499192], [-0.1269773, 51.4991829], [-0.1269921, 51.4991839], [-0.1269906, 51.499193], [-0.1270379, 51.4992089], [-0.1270466, 51.499203], [-0.1270573, 51.4992091], [-0.1270486, 51.499215], [-0.1270608, 51.4992301], [-0.1270725, 51.4992169], [-0.1271083, 51.4992169], [-0.1271474, 51.4992186], [-0.1271512, 51.4991823], [-0.1271463, 51.4991821], [-0.1271327, 51.4991813], [-0.1271259, 51.4991809], [-0.1271192, 51.4991805], [-0.1271129, 51.4991801], [-0.1271147, 51.4991683], [-0.127121, 51.4991686], [-0.1271277, 51.499169], [-0.1271345, 51.4991694], [-0.127148, 51.4991702], [-0.1271531, 51.4991705], [-0.1271594, 51.4991223], [-0.1271498, 51.4991215], [-0.127146, 51.4991185], [-0.1271377, 51.4991118], [-0.1271402, 51.4991005], [-0.1271562, 51.4990929], [-0.1271744, 51.4990943], [-0.1271842, 51.4991023], [-0.1272597, 51.4991067], [-0.1272638, 51.4991044]]]}}, {"type": "Feature", "properties": {"height": 10, "building": "yes", "building_levels": 3, "roof_shape": "flat", "name": "St. Stephen's Hall", "addr_street": "", "source_id": "osm/way/367642699", "footprint_source": "OpenStreetMap", "height_source": "default", "height_method": "Default fallback", "measured": false, "external_source": false, "ground_elevation": 5.0, "roof_elevation": 15.0, "source_date": "live", "licence": "ODbL 1.0", "confidence": 0.2}, "geometry": {"type": "Polygon", "coordinates": [[[-0.1251556, 51.499355], [-0.1251727, 51.4993568], [-0.1251692, 51.4993694], [-0.1251669, 51.4993774], [-0.1252412, 51.499386], [-0.1252438, 51.4993752], [-0.1252427, 51.499371], [-0.1252493, 51.4993696], [-0.1252623, 51.4993649], [-0.1252687, 51.4993625], [-0.1252732, 51.4993586], [-0.1252797, 51.4993614], [-0.1252947, 51.4993629], [-0.1253045, 51.4993621], [-0.1253055, 51.4993676], [-0.1253169, 51.4993761], [-0.1253227, 51.4993783], [-0.1253177, 51.4993845], [-0.1253386, 51.4993863], [-0.1253345, 51.4993991], [-0.1253193, 51.4994505], [-0.1253053, 51.4994971], [-0.1253045, 51.4995001], [-0.1253023, 51.4995077], [-0.1253014, 51.4995106], [-0.1252993, 51.499518], [-0.1252824, 51.4995163], [-0.1252857, 51.4995058], [-0.125288, 51.4994982], [-0.1252156, 51.4994902], [-0.1252136, 51.4994973], [-0.1252107, 51.4995075], [-0.1251924, 51.4995054], [-0.1251954, 51.4994953], [-0.1251975, 51.4994882], [-0.1251335, 51.4994811], [-0.1251315, 51.4994882], [-0.1251284, 51.4994994], [-0.1251129, 51.4994977], [-0.125116, 51.4994864], [-0.125118, 51.4994794], [-0.125056, 51.4994725], [-0.125054, 51.4994793], [-0.1250507, 51.4994901], [-0.1250342, 51.4994882], [-0.1250374, 51.4994774], [-0.1250394, 51.4994706], [-0.1249792, 51.4994639], [-0.1249773, 51.4994705], [-0.1249745, 51.4994805], [-0.1249553, 51.4994783], [-0.1249581, 51.4994685], [-0.12496, 51.4994618], [-0.1249072, 51.4994559], [-0.1249033, 51.4994555], [-0.1249041, 51.4994526], [-0.124918, 51.4994021], [-0.1249316, 51.4993547], [-0.1249325, 51.4993516], [-0.124937, 51.499352], [-0.1249938, 51.4993582], [-0.1249961, 51.49935], [-0.1249992, 51.4993388], [-0.1250169, 51.4993407], [-0.1250138, 51.4993518], [-0.1250115, 51.4993601], [-0.1250713, 51.4993665], [-0.1250738, 51.4993582], [-0.1250774, 51.4993462], [-0.1250931, 51.4993481], [-0.1250895, 51.4993601], [-0.125087, 51.4993683], [-0.1251498, 51.4993755], [-0.1251521, 51.4993674], [-0.1251556, 51.499355]]]}}, {"type": "Feature", "properties": {"height": 18, "building": "office", "building_levels": 6, "roof_shape": "flat", "name": "St. Stephen's Porch", "addr_street": "", "source_id": "osm/way/367642700", "footprint_source": "OpenStreetMap", "height_source": "type_estimate", "height_method": "Building type: office", "measured": false, "external_source": false, "ground_elevation": 5.0, "roof_elevation": 23.0, "source_date": "live", "licence": "ODbL 1.0", "confidence": 0.4}, "geometry": {"type": "Polygon", "coordinates": [[[-0.1256955, 51.4994275], [-0.125697, 51.4994232], [-0.1257043, 51.4994242], [-0.1257177, 51.4994194], [-0.12572, 51.4994139], [-0.1257266, 51.4994179], [-0.1257447, 51.4994192], [-0.1257518, 51.4994156], [-0.125755, 51.4994219], [-0.1257677, 51.4994315], [-0.1257741, 51.4994344], [-0.1257689, 51.4994391], [-0.125767, 51.499451], [-0.1257671, 51.4994563], [-0.1257588, 51.4994566], [-0.1257445, 51.4994623], [-0.1257401, 51.499466], [-0.1257383, 51.4994706], [-0.1257446, 51.4994715], [-0.1257432, 51.4994756], [-0.1257515, 51.4994768], [-0.1257496, 51.4994824], [-0.1257413, 51.4994812], [-0.1257398, 51.4994855], [-0.1257341, 51.4994848], [-0.1257257, 51.4995122], [-0.1257332, 51.4995134], [-0.1257319, 51.4995173], [-0.1257398, 51.4995185], [-0.1257378, 51.499524], [-0.12573, 51.4995229], [-0.1257286, 51.4995266], [-0.1257205, 51.4995256], [-0.1257192, 51.4995296], [-0.1257236, 51.4995356], [-0.1257347, 51.4995455], [-0.1257415, 51.4995484], [-0.1257358, 51.4995531], [-0.1257815, 51.4995584], [-0.1257762, 51.499576], [-0.1257304, 51.4995707], [-0.125725, 51.4995711], [-0.1257214, 51.4995725], [-0.1257119, 51.4995763], [-0.1257075, 51.49958], [-0.1257011, 51.4995773], [-0.1256837, 51.4995752], [-0.1256749, 51.4995765], [-0.1256732, 51.4995739], [-0.1256422, 51.4995704], [-0.1256483, 51.4995485], [-0.1256363, 51.499547], [-0.1255788, 51.4995407], [-0.1254782, 51.4995299], [-0.1253706, 51.4995183], [-0.1253139, 51.499512], [-0.1253014, 51.4995106], [-0.1253023, 51.4995077], [-0.1253045, 51.4995001], [-0.1253053, 51.4994971], [-0.1253193, 51.4994505], [-0.1253345, 51.4993991], [-0.1253386, 51.4993863], [-0.1253907, 51.4993916], [-0.1253927, 51.4993853], [-0.1253962, 51.4993731], [-0.1254138, 51.499375], [-0.1254102, 51.4993873], [-0.1254086, 51.4993935], [-0.1254392, 51.4993971], [-0.1254404, 51.4993932], [-0.1255785, 51.4994097], [-0.1255773, 51.4994135], [-0.1256151, 51.4994179], [-0.1256169, 51.4994118], [-0.1256203, 51.4993999], [-0.1256368, 51.4994017], [-0.1256334, 51.4994137], [-0.1256315, 51.49942], [-0.1256955, 51.4994275]]]}}, {"type": "Feature", "properties": {"height": 15, "building": "yes", "building_levels": 5, "roof_shape": "flat", "name": "Westminster Hall", "addr_street": "", "source_id": "osm/way/367642704", "footprint_source": "OpenStreetMap", "height_source": "tag_inference", "height_method": "Heritage building from tags", "measured": false, "external_source": false, "ground_elevation": 5.0, "roof_elevation": 20.0, "source_date": "live", "licence": "ODbL 1.0", "confidence": 0.38}, "geometry": {"type": "Polygon", "coordinates": [[[-0.1251713, 51.5002147], [-0.125223, 51.5002203], [-0.1253266, 51.5002316], [-0.1253782, 51.5002372], [-0.1253708, 51.5002617], [-0.125475, 51.5002733], [-0.1254865, 51.5002307], [-0.125501, 51.5002245], [-0.1255024, 51.5002196], [-0.1255042, 51.5002137], [-0.1255017, 51.5002115], [-0.1254943, 51.5002047], [-0.1254787, 51.5002006], [-0.1254645, 51.5001916], [-0.1254872, 51.5001123], [-0.1254976, 51.5000764], [-0.1255011, 51.5000638], [-0.1255268, 51.4999736], [-0.1255304, 51.4999612], [-0.1255543, 51.4998782], [-0.1255579, 51.4998658], [-0.1255829, 51.4997783], [-0.1255865, 51.4997659], [-0.1256136, 51.499671], [-0.1256172, 51.4996585], [-0.1256422, 51.4995704], [-0.1256483, 51.4995485], [-0.1256363, 51.499547], [-0.1255788, 51.4995407], [-0.1254782, 51.4995299], [-0.1253706, 51.4995183], [-0.1253139, 51.499512], [-0.1253014, 51.4995106], [-0.1252993, 51.499518], [-0.1252189, 51.4997917], [-0.1252127, 51.4998139], [-0.12513, 51.5000942], [-0.1251128, 51.500153], [-0.1250865, 51.50015], [-0.1250721, 51.5002025], [-0.1250651, 51.500227], [-0.1251649, 51.5002381], [-0.1251713, 51.5002147]]]}}, {"type": "Feature", "properties": {"height": 10, "building": "yes", "building_levels": 3, "roof_shape": "flat", "name": "", "addr_street": "", "source_id": "osm/way/367642706", "footprint_source": "OpenStreetMap", "height_source": "default", "height_method": "Default fallback", "measured": false, "external_source": false, "ground_elevation": 5.0, "roof_elevation": 15.0, "source_date": "live", "licence": "ODbL 1.0", "confidence": 0.2}, "geometry": {"type": "Polygon", "coordinates": [[[-0.1246268, 51.5007678], [-0.1246408, 51.5007687], [-0.1246415, 51.5007653], [-0.1246551, 51.5007662], [-0.1246585, 51.5007664], [-0.1246588, 51.5007644], [-0.1246599, 51.5007584], [-0.1246632, 51.5007586], [-0.1246645, 51.5007498], [-0.1246684, 51.5007281], [-0.124676, 51.5006865], [-0.1246796, 51.5006675], [-0.1246814, 51.5006573], [-0.1246778, 51.5006571], [-0.124679, 51.5006497], [-0.1246794, 51.5006478], [-0.1246761, 51.5006476], [-0.1246559, 51.5006462], [-0.1246563, 51.5006438], [-0.1246617, 51.5006168], [-0.1246708, 51.5006174], [-0.1246763, 51.5006123], [-0.1246726, 51.5006065], [-0.1246639, 51.500606], [-0.1246692, 51.5005771], [-0.124678, 51.5005777], [-0.1246825, 51.5005722], [-0.1246797, 51.5005659], [-0.1246709, 51.5005655], [-0.124677, 51.5005336], [-0.1246864, 51.500534], [-0.1246912, 51.5005287], [-0.1246876, 51.5005224], [-0.124679, 51.5005221], [-0.1246849, 51.5004915], [-0.1246933, 51.5004919], [-0.1246986, 51.5004865], [-0.1246953, 51.5004808], [-0.1246867, 51.5004801], [-0.1246928, 51.5004484], [-0.1247011, 51.500449], [-0.1247058, 51.5004437], [-0.1247029, 51.5004378], [-0.1246947, 51.5004373], [-0.1246973, 51.5004229], [-0.1247007, 51.500406], [-0.1247098, 51.5004065], [-0.1247137, 51.5004016], [-0.1247107, 51.5003965], [-0.1247026, 51.5003958], [-0.1247088, 51.500363], [-0.1247173, 51.5003636], [-0.1247236, 51.5003583], [-0.1247199, 51.5003523], [-0.1247107, 51.5003515], [-0.1247169, 51.5003223], [-0.1247254, 51.5003229], [-0.1247314, 51.5003181], [-0.1247276, 51.5003123], [-0.124719, 51.5003118], [-0.1247221, 51.500296], [-0.1247253, 51.5002801], [-0.1247344, 51.5002807], [-0.1247388, 51.5002753], [-0.1247361, 51.5002696], [-0.1247275, 51.5002691], [-0.1247341, 51.5002383], [-0.1247436, 51.5002389], [-0.1247489, 51.500234], [-0.1247456, 51.5002285], [-0.124736, 51.5002279], [-0.1247434, 51.5001931], [-0.1247561, 51.5001944], [-0.1247625, 51.5001972], [-0.1247669, 51.5001934], [-0.12478, 51.5001883], [-0.1247894, 51.5001875], [-0.1247875, 51.5001812], [-0.1247905, 51.5001725], [-0.1248471, 51.5001786], [-0.1248454, 51.500185], [-0.1248527, 51.5001887], [-0.1248505, 51.5001991], [-0.1248421, 51.5001987], [-0.1248354, 51.5002329], [-0.1248427, 51.5002334], [-0.1248402, 51.5002469], [-0.1248331, 51.5002464], [-0.1248279, 51.5002746], [-0.1248364, 51.5002753], [-0.1248339, 51.5002888], [-0.1248256, 51.5002882], [-0.1248226, 51.5003039], [-0.1248195, 51.5003195], [-0.1248274, 51.5003199], [-0.1248249, 51.5003334], [-0.1248172, 51.500333], [-0.1248119, 51.5003593], [-0.1248196, 51.5003599], [-0.124817, 51.5003734], [-0.1248096, 51.5003729], [-0.124804, 51.5004015], [-0.1248106, 51.5004019], [-0.1248081, 51.5004154], [-0.1248017, 51.500415], [-0.1247985, 51.5004301], [-0.1247956, 51.5004444], [-0.1248028, 51.500445], [-0.1248003, 51.5004585], [-0.1247933, 51.500458], [-0.1247876, 51.5004875], [-0.1247948, 51.500488], [-0.1247923, 51.5005016], [-0.1247853, 51.500501], [-0.1247794, 51.500529], [-0.1247872, 51.5005295], [-0.1247847, 51.500543], [-0.124777, 51.5005425], [-0.1247717, 51.5005717], [-0.12478, 51.5005723], [-0.1247775, 51.5005858], [-0.1247694, 51.5005853], [-0.1247639, 51.5006119], [-0.1247725, 51.5006125], [-0.1247699, 51.500626], [-0.1247615, 51.5006254], [-0.1247556, 51.5006544], [-0.1247676, 51.5006553], [-0.1247657, 51.5006653], [-0.1247774, 51.5006661], [-0.1247753, 51.5006774], [-0.1247635, 51.5006765], [-0.1247625, 51.5006819], [-0.1247746, 51.5006828], [-0.1247727, 51.5006938], [-0.1247603, 51.5006929], [-0.1247532, 51.5007343], [-0.1247636, 51.5007351], [-0.1247613, 51.5007466], [-0.1247509, 51.500746], [-0.1247499, 51.5007528], [-0.1247605, 51.5007534], [-0.1247585, 51.5007643], [-0.1247488, 51.5007637], [-0.1247479, 51.5007701], [-0.1247361, 51.5007694], [-0.1247294, 51.5008036], [-0.1247333, 51.500809], [-0.1247327, 51.5008144], [-0.1247232, 51.5008191], [-0.1247115, 51.5008186], [-0.1247047, 51.5008128], [-0.1246382, 51.500808], [-0.1246321, 51.500813], [-0.1246211, 51.500813], [-0.1246131, 51.5008072], [-0.1246129, 51.5008021], [-0.1246191, 51.5007975], [-0.1246203, 51.5007955], [-0.1246268, 51.5007678]]]}}, {"type": "Feature", "properties": {"height": 10, "building": "yes", "building_levels": 3, "roof_shape": "flat", "name": "", "addr_street": "", "source_id": "osm/way/367642724", "footprint_source": "OpenStreetMap", "height_source": "default", "height_method": "Default fallback", "measured": false, "external_source": false, "ground_elevation": 5.0, "roof_elevation": 15.0, "source_date": "live", "licence": "ODbL 1.0", "confidence": 0.2}, "geometry": {"type": "Polygon", "coordinates": [[[-0.1257214, 51.4995725], [-0.1257085, 51.4996134], [-0.1257211, 51.4996148], [-0.1257175, 51.4996269], [-0.1257049, 51.4996255], [-0.1256939, 51.4996644], [-0.1257493, 51.4996705], [-0.1257442, 51.4996881], [-0.1256889, 51.499682], [-0.1256785, 51.4997182], [-0.1256891, 51.4997194], [-0.1256862, 51.4997294], [-0.1256756, 51.4997282], [-0.125663, 51.4997728], [-0.1257182, 51.4997791], [-0.1257135, 51.499795], [-0.1256583, 51.4997887], [-0.1256484, 51.4998233], [-0.1256583, 51.4998245], [-0.125655, 51.4998353], [-0.1256453, 51.4998343], [-0.1256346, 51.4998715], [-0.1256899, 51.4998778], [-0.1256846, 51.4998961], [-0.1256293, 51.4998898], [-0.1256197, 51.4999238], [-0.1256293, 51.499925], [-0.125626, 51.4999361], [-0.1256163, 51.4999349], [-0.1256071, 51.4999672], [-0.1256625, 51.4999733], [-0.1256574, 51.4999911], [-0.125602, 51.499985], [-0.125589, 51.5000304], [-0.1255998, 51.5000316], [-0.1255971, 51.500041], [-0.1255864, 51.5000398], [-0.1255778, 51.5000696], [-0.1256331, 51.5000755], [-0.1256283, 51.5000927], [-0.125573, 51.5000868], [-0.1255652, 51.5001132], [-0.1256391, 51.5001212], [-0.1256411, 51.5001141], [-0.1256553, 51.5001157], [-0.1256532, 51.5001228], [-0.1257099, 51.5001294], [-0.1257118, 51.5001225], [-0.1257244, 51.5001238], [-0.1257225, 51.5001308], [-0.1257771, 51.5001368], [-0.1257951, 51.50013], [-0.1258015, 51.5001365], [-0.1257841, 51.5001429], [-0.1257712, 51.5001881], [-0.1257844, 51.5001895], [-0.1257816, 51.5001998], [-0.1257684, 51.5001985], [-0.1257583, 51.5002342], [-0.1257622, 51.5002348], [-0.1257721, 51.5002438], [-0.1257689, 51.5002545], [-0.1257553, 51.5002611], [-0.1257364, 51.5002592], [-0.1257272, 51.5002497], [-0.125728, 51.5002461], [-0.1256824, 51.5002407], [-0.1256806, 51.5002469], [-0.1256683, 51.5002456], [-0.1256701, 51.5002393], [-0.1256204, 51.5002334], [-0.1256186, 51.50024], [-0.1256042, 51.5002385], [-0.1256061, 51.5002319], [-0.1255601, 51.5002263], [-0.1255582, 51.5002324], [-0.1255451, 51.5002308], [-0.125547, 51.5002247], [-0.1255024, 51.5002196], [-0.1255042, 51.5002137], [-0.1255017, 51.5002115], [-0.1254943, 51.5002047], [-0.1254787, 51.5002006], [-0.1254645, 51.5001916], [-0.1254872, 51.5001123], [-0.1254976, 51.5000764], [-0.1255011, 51.5000638], [-0.1255268, 51.4999736], [-0.1255304, 51.4999612], [-0.1255543, 51.4998782], [-0.1255579, 51.4998658], [-0.1255829, 51.4997783], [-0.1255865, 51.4997659], [-0.1256136, 51.499671], [-0.1256172, 51.4996585], [-0.1256422, 51.4995704], [-0.1256732, 51.4995739], [-0.1256749, 51.4995765], [-0.1256837, 51.4995752], [-0.1257011, 51.4995773], [-0.1257075, 51.49958], [-0.1257119, 51.4995763], [-0.1257214, 51.4995725]]]}}, {"type": "Feature", "properties": {"height": 15, "building": "yes", "building_levels": 5, "roof_shape": "flat", "name": "National Liberal Club", "addr_street": "Whitehall Place", "source_id": "osm/way/369231406", "footprint_source": "OpenStreetMap", "height_source": "tag_inference", "height_method": "Heritage building from tags", "measured": false, "external_source": false, "ground_elevation": 5.0, "roof_elevation": 20.0, "source_date": "live", "licence": "ODbL 1.0", "confidence": 0.38}, "geometry": {"type": "Polygon", "coordinates": [[[-0.1242306, 51.5060272], [-0.1242435, 51.5060408], [-0.1242311, 51.5060708], [-0.1242099, 51.5060786], [-0.1241734, 51.5061689], [-0.1242008, 51.5061807], [-0.1241832, 51.5061928], [-0.1241918, 51.5061977], [-0.1241691, 51.5062134], [-0.1241369, 51.5062356], [-0.1241283, 51.5062307], [-0.1241138, 51.5062407], [-0.124104, 51.5062257], [-0.1239806, 51.5062581], [-0.1239679, 51.5062767], [-0.123925, 51.5062874], [-0.1238967, 51.5062799], [-0.1237695, 51.5063125], [-0.1237592, 51.5063275], [-0.1237164, 51.5063382], [-0.1236951, 51.5063325], [-0.1236808, 51.5063371], [-0.1236779, 51.5063335], [-0.1236542, 51.5063394], [-0.1236521, 51.5063427], [-0.1236492, 51.5063456], [-0.1236456, 51.5063482], [-0.1236412, 51.5063504], [-0.1236363, 51.5063521], [-0.1236306, 51.5063532], [-0.1236247, 51.5063537], [-0.1236187, 51.5063535], [-0.1236129, 51.5063526], [-0.1236074, 51.506351], [-0.1235521, 51.5063647], [-0.1235657, 51.5063856], [-0.1235453, 51.5063907], [-0.1235193, 51.5063973], [-0.1235129, 51.5063876], [-0.123478, 51.5063964], [-0.1234235, 51.5063856], [-0.1234193, 51.5063777], [-0.1234084, 51.5063752], [-0.1236114, 51.5058774], [-0.1237128, 51.5058932], [-0.123716, 51.5058851], [-0.1237902, 51.5058967], [-0.1237803, 51.5059213], [-0.1238325, 51.5059294], [-0.1238449, 51.5059253], [-0.1238525, 51.5059065], [-0.1239347, 51.5059193], [-0.1240606, 51.505939], [-0.124254, 51.5059692], [-0.1242306, 51.5060272]]]}}, {"type": "Feature", "properties": {"height": 10, "building": "yes", "building_levels": 3, "roof_shape": "flat", "name": "Civil Service Club", "addr_street": "", "source_id": "osm/way/369233784", "footprint_source": "OpenStreetMap", "height_source": "default", "height_method": "Default fallback", "measured": false, "external_source": false, "ground_elevation": 5.0, "roof_elevation": 15.0, "source_date": "live", "licence": "ODbL 1.0", "confidence": 0.2}, "geometry": {"type": "Polygon", "coordinates": [[[-0.1253872, 51.5065556], [-0.1254754, 51.5066413], [-0.1256028, 51.5066395], [-0.1256234, 51.5066648], [-0.1256212, 51.5066686], [-0.1256397, 51.506672], [-0.1256438, 51.5066659], [-0.1256205, 51.5066348], [-0.1257371, 51.5066036], [-0.1257626, 51.5066216], [-0.125774, 51.5066146], [-0.1257891, 51.5066054], [-0.1258603, 51.506562], [-0.1257429, 51.5064904], [-0.1253872, 51.5065556]]]}}, {"type": "Feature", "properties": {"height": 20, "building": "yes", "building_levels": 6, "roof_shape": "flat", "name": "Nigerian High Commission", "addr_street": "Northumberland Avenue", "source_id": "osm/way/369233790", "footprint_source": "OpenStreetMap", "height_source": "tag_inference", "height_method": "Government/diplomatic from tags", "measured": false, "external_source": false, "ground_elevation": 5.0, "roof_elevation": 25.0, "source_date": "live", "licence": "ODbL 1.0", "confidence": 0.38}, "geometry": {"type": "Polygon", "coordinates": [[[-0.1252626, 51.5069191], [-0.1251444, 51.5068976], [-0.125091, 51.5068872], [-0.1250747, 51.5068815], [-0.1250559, 51.506869], [-0.1250442, 51.5068545], [-0.1250379, 51.5068446], [-0.1250371, 51.5068326], [-0.125045, 51.506817], [-0.125063, 51.5067762], [-0.1250997, 51.5067], [-0.125134, 51.5066361], [-0.1251482, 51.5066163], [-0.1251691, 51.5065945], [-0.1251946, 51.5065706], [-0.1252276, 51.5065459], [-0.1252581, 51.5065271], [-0.1252911, 51.5065089], [-0.1253251, 51.5064967], [-0.1253872, 51.5065556], [-0.1254754, 51.5066413], [-0.1254482, 51.5066552], [-0.125404, 51.5066756], [-0.1253893, 51.5066693], [-0.1253804, 51.5066772], [-0.1253736, 51.5066846], [-0.1253402, 51.5067557], [-0.1252626, 51.5069191]]]}}, {"type": "Feature", "properties": {"height": 10, "building": "yes", "building_levels": 3, "roof_shape": "flat", "name": "", "addr_street": "", "source_id": "osm/way/369233798", "footprint_source": "OpenStreetMap", "height_source": "default", "height_method": "Default fallback", "measured": false, "external_source": false, "ground_elevation": 5.0, "roof_elevation": 15.0, "source_date": "live", "licence": "ODbL 1.0", "confidence": 0.2}, "geometry": {"type": "Polygon", "coordinates": [[[-0.1273171, 51.507119], [-0.1273199, 51.5071497], [-0.1273176, 51.5071683], [-0.1272907, 51.5072163], [-0.1272192, 51.5072494], [-0.1271524, 51.5072619], [-0.1270511, 51.5072589], [-0.1268242, 51.5072184], [-0.1267131, 51.5071986], [-0.1266035, 51.507179], [-0.1265462, 51.5071673], [-0.1266172, 51.5070393], [-0.126666, 51.5070526], [-0.126674, 51.507033], [-0.1267076, 51.507043], [-0.1267417, 51.5070071], [-0.1267793, 51.5069862], [-0.1268056, 51.5069929], [-0.1268329, 51.5070033], [-0.126843, 51.5069975], [-0.1269054, 51.5070334], [-0.1268819, 51.5070931], [-0.1270147, 51.5071194], [-0.1273171, 51.507119]]]}}, {"type": "Feature", "properties": {"height": 21.7, "building": "yes", "building_levels": 7, "roof_shape": "flat", "name": "Northumberland House", "addr_street": "Northumberland Avenue", "source_id": "osm/way/369233802", "footprint_source": "OpenStreetMap", "height_source": "osm_levels", "height_method": "OSM levels x 3.1m", "measured": false, "external_source": true, "ground_elevation": 5.0, "roof_elevation": 26.7, "source_date": "live", "licence": "ODbL 1.0", "confidence": 0.65}, "geometry": {"type": "Polygon", "coordinates": [[[-0.125404, 51.5066756], [-0.1254482, 51.5066552], [-0.1255788, 51.5066796], [-0.125588, 51.5066627], [-0.1256212, 51.5066686], [-0.1256397, 51.506672], [-0.1256559, 51.5066749], [-0.12558, 51.5068338], [-0.1256205, 51.5068417], [-0.1257082, 51.5066564], [-0.1257498, 51.5066641], [-0.125774, 51.5066146], [-0.1257891, 51.5066054], [-0.1258154, 51.5066098], [-0.1258215, 51.5066042], [-0.1258293, 51.5065993], [-0.1258384, 51.5065956], [-0.1258485, 51.5065929], [-0.1258592, 51.5065916], [-0.1258702, 51.5065916], [-0.1258809, 51.5065929], [-0.1258907, 51.5065954], [-0.1258995, 51.5065989], [-0.1259072, 51.5066034], [-0.1259133, 51.5066087], [-0.1259177, 51.5066147], [-0.1259203, 51.506621], [-0.1259209, 51.5066276], [-0.1259757, 51.5066368], [-0.1261365, 51.506734], [-0.1261214, 51.5067636], [-0.1262142, 51.5067816], [-0.126197, 51.5068143], [-0.1263299, 51.5068504], [-0.1263574, 51.5068681], [-0.1263378, 51.5069061], [-0.1264878, 51.5069339], [-0.1264589, 51.5070002], [-0.1266199, 51.5070241], [-0.1266172, 51.5070393], [-0.1265462, 51.5071673], [-0.1252626, 51.5069191], [-0.1253402, 51.5067557], [-0.1254341, 51.5067738], [-0.1254701, 51.5066995], [-0.125404, 51.5066756]]]}}, {"type": "Feature", "properties": {"height": 10, "building": "yes", "building_levels": 3, "roof_shape": "flat", "name": "", "addr_street": "", "source_id": "osm/way/489017711", "footprint_source": "OpenStreetMap", "height_source": "default", "height_method": "Default fallback", "measured": false, "external_source": false, "ground_elevation": 5.0, "roof_elevation": 15.0, "source_date": "live", "licence": "ODbL 1.0", "confidence": 0.2}, "geometry": {"type": "Polygon", "coordinates": [[[-0.1246396, 51.5076623], [-0.1248086, 51.5077533], [-0.1248494, 51.507725], [-0.1247816, 51.5076883], [-0.1248348, 51.5076503], [-0.1247325, 51.5075971], [-0.1246396, 51.5076623]]]}}, {"type": "Feature", "properties": {"height": 12.4, "building": "yes", "building_levels": 4, "roof_shape": "flat", "name": "", "addr_street": "", "source_id": "osm/way/547238370", "footprint_source": "OpenStreetMap", "height_source": "osm_levels", "height_method": "OSM levels x 3.1m", "measured": false, "external_source": true, "ground_elevation": 5.0, "roof_elevation": 17.4, "source_date": "live", "licence": "ODbL 1.0", "confidence": 0.65}, "geometry": {"type": "Polygon", "coordinates": [[[-0.1256191, 51.5022918], [-0.1256171, 51.502316], [-0.1256711, 51.5023182], [-0.1256732, 51.5022935], [-0.1256191, 51.5022918]]]}}, {"type": "Feature", "properties": {"height": 6.2, "building": "yes", "building_levels": 2, "roof_shape": "flat", "name": "", "addr_street": "King Charles Street", "source_id": "osm/way/547238381", "footprint_source": "OpenStreetMap", "height_source": "osm_levels", "height_method": "OSM levels x 3.1m", "measured": false, "external_source": true, "ground_elevation": 5.0, "roof_elevation": 11.2, "source_date": "live", "licence": "ODbL 1.0", "confidence": 0.65}, "geometry": {"type": "Polygon", "coordinates": [[[-0.1265348, 51.5022383], [-0.1265397, 51.5022051], [-0.1265485, 51.5021456], [-0.1265588, 51.5020761], [-0.1265622, 51.5020529], [-0.126565, 51.5020345], [-0.1266262, 51.5020381], [-0.1266235, 51.5020563], [-0.12662, 51.5020795], [-0.1266096, 51.5021492], [-0.1266005, 51.50221], [-0.1265958, 51.502242], [-0.1265348, 51.5022383]]]}}, {"type": "Feature", "properties": {"height": 15.5, "building": "commercial", "building_levels": 5, "roof_shape": "flat", "name": "", "addr_street": "Parliament Street", "source_id": "osm/way/547238386", "footprint_source": "OpenStreetMap", "height_source": "osm_levels", "height_method": "OSM levels x 3.1m", "measured": false, "external_source": true, "ground_elevation": 5.0, "roof_elevation": 20.5, "source_date": "live", "licence": "ODbL 1.0", "confidence": 0.65}, "geometry": {"type": "Polygon", "coordinates": [[[-0.1258117, 51.5021873], [-0.1258063, 51.5022577], [-0.12581, 51.5022578], [-0.1258079, 51.5022965], [-0.1256732, 51.5022935], [-0.1256191, 51.5022918], [-0.1256261, 51.5021835], [-0.1258117, 51.5021873]]]}}, {"type": "Feature", "properties": {"height": 15.5, "building": "commercial", "building_levels": 5, "roof_shape": "flat", "name": "", "addr_street": "", "source_id": "osm/way/547238387", "footprint_source": "OpenStreetMap", "height_source": "osm_levels", "height_method": "OSM levels x 3.1m", "measured": false, "external_source": true, "ground_elevation": 5.0, "roof_elevation": 20.5, "source_date": "live", "licence": "ODbL 1.0", "confidence": 0.65}, "geometry": {"type": "Polygon", "coordinates": [[[-0.12582, 51.5020898], [-0.1258117, 51.5021873], [-0.1256261, 51.5021835], [-0.1256345, 51.5020846], [-0.12582, 51.5020898]]]}}, {"type": "Feature", "properties": {"height": 15.5, "building": "yes", "building_levels": 5, "roof_shape": "flat", "name": "The Red Lion", "addr_street": "Parliament Square", "source_id": "osm/way/547238388", "footprint_source": "OpenStreetMap", "height_source": "osm_levels", "height_method": "OSM levels x 3.1m", "measured": false, "external_source": true, "ground_elevation": 5.0, "roof_elevation": 20.5, "source_date": "live", "licence": "ODbL 1.0", "confidence": 0.65}, "geometry": {"type": "Polygon", "coordinates": [[[-0.1258257, 51.5020389], [-0.12582, 51.5020898], [-0.1256345, 51.5020846], [-0.1255924, 51.5020834], [-0.1255915, 51.5020951], [-0.1255494, 51.5020939], [-0.1255541, 51.502031], [-0.1258257, 51.5020389]]]}}, {"type": "Feature", "properties": {"height": 3.1, "building": "roof", "building_levels": 1, "roof_shape": "gabled", "name": "", "addr_street": "", "source_id": "osm/way/547280182", "footprint_source": "OpenStreetMap", "height_source": "osm_levels", "height_method": "OSM levels x 3.1m", "measured": false, "external_source": true, "ground_elevation": 5.0, "roof_elevation": 8.1, "source_date": "live", "licence": "ODbL 1.0", "confidence": 0.65}, "geometry": {"type": "Polygon", "coordinates": [[[-0.1266163, 51.5042943], [-0.126611, 51.5042653], [-0.1266093, 51.5042558], [-0.1266077, 51.5042466], [-0.1266023, 51.504217], [-0.1265451, 51.504221], [-0.126559, 51.5042983], [-0.1266163, 51.5042943]]]}}, {"type": "Feature", "properties": {"height": 12.4, "building": "yes", "building_levels": 4, "roof_shape": "flat", "name": "The Old Shades", "addr_street": "Whitehall", "source_id": "osm/way/547522399", "footprint_source": "OpenStreetMap", "height_source": "osm_levels", "height_method": "OSM levels x 3.1m", "measured": false, "external_source": true, "ground_elevation": 5.0, "roof_elevation": 17.4, "source_date": "live", "licence": "ODbL 1.0", "confidence": 0.65}, "geometry": {"type": "Polygon", "coordinates": [[[-0.1266052, 51.506494], [-0.1268303, 51.5064403], [-0.1268397, 51.5064578], [-0.1268651, 51.5064516], [-0.1268591, 51.5064436], [-0.1269067, 51.506442], [-0.1270146, 51.5064156], [-0.1270407, 51.5064574], [-0.126788, 51.5065117], [-0.1266374, 51.5065441], [-0.1266052, 51.506494]]]}}, {"type": "Feature", "properties": {"height": 10, "building": "yes", "building_levels": 3, "roof_shape": "flat", "name": "", "addr_street": "Great Scotland Yard", "source_id": "osm/way/547522400", "footprint_source": "OpenStreetMap", "height_source": "tag_inference", "height_method": "Addressed building (residential/commercial)", "measured": false, "external_source": false, "ground_elevation": 5.0, "roof_elevation": 15.0, "source_date": "live", "licence": "ODbL 1.0", "confidence": 0.25}, "geometry": {"type": "Polygon", "coordinates": [[[-0.1266866, 51.5062604], [-0.126707, 51.5062884], [-0.1267186, 51.5063056], [-0.1267639, 51.5063731], [-0.1266241, 51.5064084], [-0.1266063, 51.5063839], [-0.1266486, 51.5063736], [-0.1265881, 51.5062872], [-0.1266866, 51.5062604]]]}}, {"type": "Feature", "properties": {"height": 15.5, "building": "retail", "building_levels": 5, "roof_shape": "flat", "name": "Cool Britannia", "addr_street": "Whitehall", "source_id": "osm/way/547522401", "footprint_source": "OpenStreetMap", "height_source": "osm_levels", "height_method": "OSM levels x 3.1m", "measured": false, "external_source": true, "ground_elevation": 5.0, "roof_elevation": 20.5, "source_date": "live", "licence": "ODbL 1.0", "confidence": 0.65}, "geometry": {"type": "Polygon", "coordinates": [[[-0.126788, 51.5065117], [-0.1270407, 51.5064574], [-0.127067, 51.5065088], [-0.1269349, 51.5065342], [-0.1269288, 51.506525], [-0.1268328, 51.506544], [-0.1268061, 51.5065492], [-0.126788, 51.5065117]]]}}, {"type": "Feature", "properties": {"height": 24.8, "building": "yes", "building_levels": 8, "roof_shape": "flat", "name": "Department for Energy Security and Net Zero, DESNZ", "addr_street": "Whitehall Place", "source_id": "osm/way/547522417", "footprint_source": "OpenStreetMap", "height_source": "osm_levels", "height_method": "OSM levels x 3.1m", "measured": false, "external_source": true, "ground_elevation": 5.0, "roof_elevation": 29.8, "source_date": "live", "licence": "ODbL 1.0", "confidence": 0.65}, "geometry": {"type": "Polygon", "coordinates": [[[-0.1264252, 51.5060795], [-0.1258052, 51.5062561], [-0.1256552, 51.5060439], [-0.1256328, 51.5060103], [-0.1259414, 51.5059254], [-0.1262569, 51.5058386], [-0.1264252, 51.5060795]]]}}, {"type": "Feature", "properties": {"height": 12.4, "building": "yes", "building_levels": 4, "roof_shape": "flat", "name": "Momento London", "addr_street": "Whitehall", "source_id": "osm/way/550944276", "footprint_source": "OpenStreetMap", "height_source": "osm_levels", "height_method": "OSM levels x 3.1m", "measured": false, "external_source": true, "ground_elevation": 5.0, "roof_elevation": 17.4, "source_date": "live", "licence": "ODbL 1.0", "confidence": 0.65}, "geometry": {"type": "Polygon", "coordinates": [[[-0.1273171, 51.507119], [-0.1270147, 51.5071194], [-0.1269282, 51.5070467], [-0.126957, 51.5070284], [-0.1269872, 51.5070484], [-0.1270106, 51.5070609], [-0.1272966, 51.5070478], [-0.1273171, 51.507119]]]}}, {"type": "Feature", "properties": {"height": 18.6, "building": "yes", "building_levels": 6, "roof_shape": "flat", "name": "", "addr_street": "", "source_id": "osm/way/550944279", "footprint_source": "OpenStreetMap", "height_source": "osm_levels", "height_method": "OSM levels x 3.1m", "measured": false, "external_source": true, "ground_elevation": 5.0, "roof_elevation": 23.6, "source_date": "live", "licence": "ODbL 1.0", "confidence": 0.65}, "geometry": {"type": "Polygon", "coordinates": [[[-0.12724, 51.5068794], [-0.1272638, 51.5069454], [-0.1272732, 51.5069747], [-0.1272966, 51.5070478], [-0.1270106, 51.5070609], [-0.1269872, 51.5070484], [-0.1269644, 51.5070063], [-0.1269174, 51.5070092], [-0.1268631, 51.5069846], [-0.1268443, 51.5069107], [-0.1269476, 51.5068915], [-0.126957, 51.5069153], [-0.12698, 51.5069132], [-0.12724, 51.5068794]]]}}, {"type": "Feature", "properties": {"height": 9.3, "building": "yes", "building_levels": 3, "roof_shape": "flat", "name": "", "addr_street": "Whitehall", "source_id": "osm/way/550944282", "footprint_source": "OpenStreetMap", "height_source": "osm_levels", "height_method": "OSM levels x 3.1m", "measured": false, "external_source": true, "ground_elevation": 5.0, "roof_elevation": 14.3, "source_date": "live", "licence": "ODbL 1.0", "confidence": 0.65}, "geometry": {"type": "Polygon", "coordinates": [[[-0.12724, 51.5068794], [-0.12698, 51.5069132], [-0.126957, 51.5069153], [-0.1269476, 51.5068915], [-0.1268443, 51.5069107], [-0.1268081, 51.5068344], [-0.1267721, 51.5067569], [-0.126916, 51.50673], [-0.1271646, 51.5066969], [-0.1271849, 51.5067464], [-0.12724, 51.5068794]]]}}, {"type": "Feature", "properties": {"height": 10, "building": "yes", "building_levels": 3, "roof_shape": "flat", "name": "", "addr_street": "", "source_id": "osm/way/551258343", "footprint_source": "OpenStreetMap", "height_source": "default", "height_method": "Default fallback", "measured": false, "external_source": false, "ground_elevation": 5.0, "roof_elevation": 15.0, "source_date": "live", "licence": "ODbL 1.0", "confidence": 0.2}, "geometry": {"type": "Polygon", "coordinates": [[[-0.1250955, 51.5073649], [-0.1251296, 51.5073424], [-0.1251876, 51.5073764], [-0.1251535, 51.5073989], [-0.1250955, 51.5073649]]]}}, {"type": "Feature", "properties": {"height": 12.4, "building": "yes", "building_levels": 4, "roof_shape": "flat", "name": "Royal Institution of Naval Architects", "addr_street": "Northumberland Street", "source_id": "osm/way/551258362", "footprint_source": "OpenStreetMap", "height_source": "osm_levels", "height_method": "OSM levels x 3.1m", "measured": false, "external_source": true, "ground_elevation": 5.0, "roof_elevation": 17.4, "source_date": "live", "licence": "ODbL 1.0", "confidence": 0.65}, "geometry": {"type": "Polygon", "coordinates": [[[-0.1253458, 51.507484], [-0.1252244, 51.5074115], [-0.1253364, 51.5073412], [-0.1254549, 51.5074122], [-0.1253458, 51.507484]]]}}, {"type": "Feature", "properties": {"height": 10, "building": "yes", "building_levels": 3, "roof_shape": "flat", "name": "", "addr_street": "", "source_id": "osm/way/844004328", "footprint_source": "OpenStreetMap", "height_source": "default", "height_method": "Default fallback", "measured": false, "external_source": false, "ground_elevation": 5.0, "roof_elevation": 15.0, "source_date": "live", "licence": "ODbL 1.0", "confidence": 0.2}, "geometry": {"type": "Polygon", "coordinates": [[[-0.1218511, 51.5074619], [-0.1218146, 51.5075073], [-0.121873, 51.5075255], [-0.1218131, 51.5075998], [-0.1217493, 51.5075799], [-0.1217034, 51.5076368], [-0.1218791, 51.5076917], [-0.1220215, 51.5075152], [-0.1218511, 51.5074619]]]}}, {"type": "Feature", "properties": {"height": 8, "building": "residential", "building_levels": 3, "roof_shape": "flat", "name": "Aria house", "addr_street": "Craven Street", "source_id": "osm/way/868687649", "footprint_source": "OpenStreetMap", "height_source": "type_estimate", "height_method": "Building type: residential", "measured": false, "external_source": false, "ground_elevation": 5.0, "roof_elevation": 13.0, "source_date": "live", "licence": "ODbL 1.0", "confidence": 0.4}, "geometry": {"type": "Polygon", "coordinates": [[[-0.1237484, 51.5071432], [-0.1238012, 51.5071719], [-0.1239147, 51.5070923], [-0.1238653, 51.507063], [-0.1237484, 51.5071432]]]}}, {"type": "Feature", "properties": {"height": 10, "building": "hut", "building_levels": 3, "roof_shape": "flat", "name": "", "addr_street": "", "source_id": "osm/way/874711980", "footprint_source": "OpenStreetMap", "height_source": "default", "height_method": "Default fallback", "measured": false, "external_source": false, "ground_elevation": 5.0, "roof_elevation": 15.0, "source_date": "live", "licence": "ODbL 1.0", "confidence": 0.2}, "geometry": {"type": "Polygon", "coordinates": [[[-0.1242337, 51.503093], [-0.1241799, 51.5030923], [-0.1241815, 51.5030476], [-0.1242354, 51.5030483], [-0.1242337, 51.503093]]]}}, {"type": "Feature", "properties": {"height": 15, "building": "tower", "building_levels": 5, "roof_shape": "flat", "name": "Weston Tower", "addr_street": "", "source_id": "osm/way/979748251", "footprint_source": "OpenStreetMap", "height_source": "tag_inference", "height_method": "Heritage building from tags", "measured": false, "external_source": false, "ground_elevation": 5.0, "roof_elevation": 20.0, "source_date": "live", "licence": "ODbL 1.0", "confidence": 0.38}, "geometry": {"type": "Polygon", "coordinates": [[[-0.1270092, 51.4991399], [-0.1270058, 51.4991377], [-0.1270126, 51.4991336], [-0.127016, 51.4991358], [-0.1270241, 51.4991225], [-0.1270456, 51.4991283], [-0.1270457, 51.4991252], [-0.1270557, 51.4991253], [-0.1270556, 51.4991286], [-0.1270772, 51.4991243], [-0.1270852, 51.4991381], [-0.1270892, 51.499136], [-0.1270957, 51.4991407], [-0.127092, 51.4991427], [-0.1271122, 51.499149], [-0.1271032, 51.4991616], [-0.1271099, 51.4991618], [-0.1271095, 51.499168], [-0.1271028, 51.4991679], [-0.1271105, 51.4991818], [-0.1270872, 51.4991857], [-0.1270902, 51.4991876], [-0.1270833, 51.4991913], [-0.1270801, 51.4991893], [-0.1270685, 51.4991994], [-0.12705, 51.4991944], [-0.1270497, 51.4991982], [-0.1270408, 51.4991979], [-0.1270411, 51.4991942], [-0.1270204, 51.4991986], [-0.1270103, 51.4991869], [-0.1270064, 51.4991891], [-0.127, 51.4991849], [-0.1270037, 51.4991827], [-0.1269839, 51.4991772], [-0.1269938, 51.4991646], [-0.1269885, 51.4991646], [-0.1269885, 51.4991584], [-0.126994, 51.4991584], [-0.1269858, 51.4991439], [-0.1270092, 51.4991399]]]}}, {"type": "Feature", "properties": {"height": 3.1, "building": "yes", "building_levels": 1, "roof_shape": "flat", "name": "", "addr_street": "", "source_id": "osm/way/1012865718", "footprint_source": "OpenStreetMap", "height_source": "osm_levels", "height_method": "OSM levels x 3.1m", "measured": false, "external_source": true, "ground_elevation": 5.0, "roof_elevation": 8.1, "source_date": "live", "licence": "ODbL 1.0", "confidence": 0.65}, "geometry": {"type": "Polygon", "coordinates": [[[-0.1269856, 51.5079877], [-0.1269781, 51.5079561], [-0.1269523, 51.5079585], [-0.1269599, 51.5079901], [-0.1269856, 51.5079877]]]}}, {"type": "Feature", "properties": {"height": 3.1, "building": "yes", "building_levels": 1, "roof_shape": "flat", "name": "", "addr_street": "", "source_id": "osm/way/1012865719", "footprint_source": "OpenStreetMap", "height_source": "osm_levels", "height_method": "OSM levels x 3.1m", "measured": false, "external_source": true, "ground_elevation": 5.0, "roof_elevation": 8.1, "source_date": "live", "licence": "ODbL 1.0", "confidence": 0.65}, "geometry": {"type": "Polygon", "coordinates": [[[-0.1268955, 51.508003], [-0.1268841, 51.5079839], [-0.126832, 51.5079961], [-0.1268434, 51.5080151], [-0.1268955, 51.508003]]]}}, {"type": "Feature", "properties": {"height": 38.0, "building": "ventilation_shaft", "building_levels": 12, "roof_shape": "flat", "name": "Craven Street Ventilation Shaft", "addr_street": "", "source_id": "osm/way/1084020712", "footprint_source": "OpenStreetMap", "height_source": "osm_height", "height_method": "OSM height tag", "measured": true, "external_source": true, "ground_elevation": 5.0, "roof_elevation": 43.0, "source_date": "live", "licence": "ODbL 1.0", "confidence": 0.85}, "geometry": {"type": "Polygon", "coordinates": [[[-0.1255874, 51.5080057], [-0.125663, 51.5079501], [-0.1255695, 51.5079009], [-0.1254939, 51.5079565], [-0.1255874, 51.5080057]]]}}, {"type": "Feature", "properties": {"height": 20, "building": "yes", "building_levels": 6, "roof_shape": "flat", "name": "9 Downing Street", "addr_street": "Downing Street", "source_id": "osm/way/1084667003", "footprint_source": "OpenStreetMap", "height_source": "tag_inference", "height_method": "Government office from tags", "measured": false, "external_source": false, "ground_elevation": 5.0, "roof_elevation": 25.0, "source_date": "live", "licence": "ODbL 1.0", "confidence": 0.38}, "geometry": {"type": "Polygon", "coordinates": [[[-0.1268319, 51.5033583], [-0.1271044, 51.5033545], [-0.1271018, 51.5032548], [-0.1270328, 51.5032557], [-0.1270326, 51.50325], [-0.1268293, 51.5032527], [-0.1268319, 51.5033583]]]}}, {"type": "Feature", "properties": {"height": 15, "building": "yes", "building_levels": 5, "roof_shape": "flat", "name": "Harrington House", "addr_street": "Craig's Court", "source_id": "osm/way/1093457968", "footprint_source": "OpenStreetMap", "height_source": "tag_inference", "height_method": "Heritage building from tags", "measured": false, "external_source": false, "ground_elevation": 5.0, "roof_elevation": 20.0, "source_date": "live", "licence": "ODbL 1.0", "confidence": 0.38}, "geometry": {"type": "Polygon", "coordinates": [[[-0.126405, 51.5066175], [-0.1262156, 51.5066587], [-0.1263152, 51.5068359], [-0.1263888, 51.5068742], [-0.1265018, 51.5067899], [-0.126405, 51.5066175]]]}}, {"type": "Feature", "properties": {"height": 20, "building": "yes", "building_levels": 6, "roof_shape": "flat", "name": "Cabinet Office", "addr_street": "Whitehall", "source_id": "osm/way/1105485949", "footprint_source": "OpenStreetMap", "height_source": "tag_inference", "height_method": "Government office from tags", "measured": false, "external_source": false, "ground_elevation": 5.0, "roof_elevation": 25.0, "source_date": "live", "licence": "ODbL 1.0", "confidence": 0.38}, "geometry": {"type": "Polygon", "coordinates": [[[-0.1266664, 51.5040525], [-0.1265563, 51.5040599], [-0.1265141, 51.5040606], [-0.1264848, 51.5033169], [-0.1264829, 51.5032536], [-0.1267481, 51.5032484], [-0.1267632, 51.5032481], [-0.1267634, 51.5032536], [-0.1268057, 51.503253], [-0.1268293, 51.5032527], [-0.1268319, 51.5033583], [-0.1267209, 51.5033605], [-0.1267342, 51.503759], [-0.1270533, 51.5037385], [-0.1270313, 51.5036637], [-0.1271136, 51.5036543], [-0.1271055, 51.5036269], [-0.1272241, 51.5036134], [-0.1272964, 51.5036051], [-0.1273305, 51.5036012], [-0.1273413, 51.5036], [-0.1273654, 51.5036817], [-0.1273773, 51.5036803], [-0.1273805, 51.5036913], [-0.1274199, 51.5038249], [-0.1274737, 51.5038187], [-0.1275002, 51.5039174], [-0.1275021, 51.5039243], [-0.1274037, 51.5039346], [-0.1274065, 51.5039451], [-0.1273212, 51.503954], [-0.1272359, 51.503963], [-0.1272331, 51.5039525], [-0.1271367, 51.5039626], [-0.1271305, 51.5039393], [-0.1271123, 51.5039409], [-0.1268891, 51.5039602], [-0.1269293, 51.5039774], [-0.1269328, 51.5039933], [-0.1269362, 51.5040093], [-0.1269054, 51.5040337], [-0.1268964, 51.5040346], [-0.126906, 51.5040789], [-0.1268108, 51.5040869], [-0.1267986, 51.5040971], [-0.1266768, 51.5041071], [-0.1266664, 51.5040525]]]}}, {"type": "Feature", "properties": {"height": 7.0, "building": "yes", "building_levels": 2, "roof_shape": "flat", "name": "Great Cloisters", "addr_street": "Dean's Yard", "source_id": "osm/way/1149648663", "footprint_source": "OpenStreetMap", "height_source": "osm_height", "height_method": "OSM height tag", "measured": true, "external_source": true, "ground_elevation": 5.0, "roof_elevation": 12.0, "source_date": "live", "licence": "ODbL 1.0", "confidence": 0.85}, "geometry": {"type": "Polygon", "coordinates": [[[-0.1275009, 51.4989132], [-0.1274696, 51.4990881], [-0.1274681, 51.4990987], [-0.1274667, 51.4991078], [-0.1274659, 51.4991134], [-0.1274655, 51.4991163], [-0.1274689, 51.499119], [-0.1275344, 51.4991228], [-0.1275364, 51.4991015], [-0.1275523, 51.4991026], [-0.12758, 51.4989643], [-0.1280659, 51.4989938], [-0.1280294, 51.4992474], [-0.1280449, 51.4992483], [-0.1280443, 51.4992524], [-0.1280436, 51.4992569], [-0.1280429, 51.4992613], [-0.1280411, 51.4992733], [-0.1280393, 51.4992855], [-0.1281189, 51.4992901], [-0.1281572, 51.4990433], [-0.1281613, 51.4990067], [-0.1281713, 51.4989462], [-0.1281581, 51.4989454], [-0.1279892, 51.4989342], [-0.1278732, 51.498927], [-0.1275867, 51.498909], [-0.1275117, 51.4989039], [-0.1275092, 51.4989139], [-0.1275009, 51.4989132]]]}}, {"type": "Feature", "properties": {"height": 3.1, "building": "stall", "building_levels": 1, "roof_shape": "flat", "name": "", "addr_street": "Northumberland Avenue", "source_id": "osm/way/1190356714", "footprint_source": "OpenStreetMap", "height_source": "osm_levels", "height_method": "OSM levels x 3.1m", "measured": false, "external_source": true, "ground_elevation": 5.0, "roof_elevation": 8.1, "source_date": "live", "licence": "ODbL 1.0", "confidence": 0.65}, "geometry": {"type": "Polygon", "coordinates": [[[-0.1230111, 51.506787], [-0.1230263, 51.506758], [-0.1229567, 51.5067439], [-0.1229416, 51.5067729], [-0.1229771, 51.5067801], [-0.1230111, 51.506787]]]}}, {"type": "Feature", "properties": {"height": 3.1, "building": "stall", "building_levels": 1, "roof_shape": "flat", "name": "", "addr_street": "Embankment Place", "source_id": "osm/way/1190356715", "footprint_source": "OpenStreetMap", "height_source": "osm_levels", "height_method": "OSM levels x 3.1m", "measured": false, "external_source": true, "ground_elevation": 5.0, "roof_elevation": 8.1, "source_date": "live", "licence": "ODbL 1.0", "confidence": 0.65}, "geometry": {"type": "Polygon", "coordinates": [[[-0.122581, 51.507332], [-0.1226218, 51.5072923], [-0.1225816, 51.5072762], [-0.1225407, 51.5073161], [-0.122581, 51.507332]]]}}, {"type": "Feature", "properties": {"height": 10, "building": "yes", "building_levels": 3, "roof_shape": "flat", "name": "", "addr_street": "", "source_id": "osm/way/1362604721", "footprint_source": "OpenStreetMap", "height_source": "default", "height_method": "Default fallback", "measured": false, "external_source": false, "ground_elevation": 5.0, "roof_elevation": 15.0, "source_date": "live", "licence": "ODbL 1.0", "confidence": 0.2}, "geometry": {"type": "Polygon", "coordinates": [[[-0.1241223, 51.5046085], [-0.1241135, 51.5046064], [-0.1241025, 51.5046027], [-0.1240921, 51.5045978], [-0.1240854, 51.5045928], [-0.1240799, 51.5045856], [-0.1240772, 51.5045806], [-0.1240767, 51.5045732], [-0.1240838, 51.5045405], [-0.1240764, 51.5045396], [-0.1240674, 51.5045377], [-0.1240594, 51.5045348], [-0.124053, 51.5045308], [-0.1240475, 51.5045261], [-0.1240435, 51.5045209], [-0.1240407, 51.5045141], [-0.12404, 51.5045091], [-0.1240407, 51.5045036], [-0.1240448, 51.5044834], [-0.1241499, 51.5044924], [-0.1241223, 51.5046085]]]}}, {"type": "Feature", "properties": {"height": 10, "building": "yes", "building_levels": 3, "roof_shape": "flat", "name": "", "addr_street": "", "source_id": "osm/way/1376143786", "footprint_source": "OpenStreetMap", "height_source": "default", "height_method": "Default fallback", "measured": false, "external_source": false, "ground_elevation": 5.0, "roof_elevation": 15.0, "source_date": "live", "licence": "ODbL 1.0", "confidence": 0.2}, "geometry": {"type": "Polygon", "coordinates": [[[-0.1233109, 51.5069541], [-0.1232116, 51.5069242], [-0.1232475, 51.5068783], [-0.1232646, 51.5068723], [-0.1232814, 51.50687], [-0.1233015, 51.5068713], [-0.1233199, 51.5068806], [-0.123327, 51.5068944], [-0.123328, 51.5069071], [-0.1233199, 51.5069194], [-0.1233176, 51.5069242], [-0.12333, 51.5069282], [-0.1233202, 51.5069415], [-0.1233109, 51.5069541]]]}}, {"type": "Feature", "properties": {"height": 3.1, "building": "stall", "building_levels": 1, "roof_shape": "flat", "name": "", "addr_street": "", "source_id": "osm/way/1377426683", "footprint_source": "OpenStreetMap", "height_source": "osm_levels", "height_method": "OSM levels x 3.1m", "measured": false, "external_source": true, "ground_elevation": 5.0, "roof_elevation": 8.1, "source_date": "live", "licence": "ODbL 1.0", "confidence": 0.65}, "geometry": {"type": "Polygon", "coordinates": [[[-0.1225069, 51.507402], [-0.1224542, 51.5073854], [-0.1224867, 51.5073455], [-0.1224994, 51.5073495], [-0.1225076, 51.5073394], [-0.1225381, 51.507349], [-0.1225296, 51.5073595], [-0.1225391, 51.5073625], [-0.1225069, 51.507402]]]}}, {"type": "Feature", "properties": {"height": 10, "building": "yes", "building_levels": 3, "roof_shape": "flat", "name": "", "addr_street": "", "source_id": "osm/way/1392376991", "footprint_source": "OpenStreetMap", "height_source": "default", "height_method": "Default fallback", "measured": false, "external_source": false, "ground_elevation": 5.0, "roof_elevation": 15.0, "source_date": "live", "licence": "ODbL 1.0", "confidence": 0.2}, "geometry": {"type": "Polygon", "coordinates": [[[-0.1270896, 51.505742], [-0.1270671, 51.5056805], [-0.1270425, 51.505684], [-0.127027, 51.5056863], [-0.1270115, 51.5056885], [-0.127034, 51.5057499], [-0.1270407, 51.5057489], [-0.1270773, 51.5057437], [-0.1270896, 51.505742]]]}}, {"type": "Feature", "properties": {"height": 10, "building": "yes", "building_levels": 3, "roof_shape": "flat", "name": "", "addr_street": "", "source_id": "osm/way/1392376992", "footprint_source": "OpenStreetMap", "height_source": "default", "height_method": "Default fallback", "measured": false, "external_source": false, "ground_elevation": 5.0, "roof_elevation": 15.0, "source_date": "live", "licence": "ODbL 1.0", "confidence": 0.2}, "geometry": {"type": "Polygon", "coordinates": [[[-0.1272118, 51.5060662], [-0.127205, 51.506049], [-0.1271835, 51.5059943], [-0.1271703, 51.5059963], [-0.1271338, 51.5060018], [-0.1271295, 51.5060025], [-0.1271578, 51.5060744], [-0.1271906, 51.5060694], [-0.1272118, 51.5060662]]]}}, {"type": "Feature", "properties": {"height": 10, "building": "yes", "building_levels": 3, "roof_shape": "flat", "name": "", "addr_street": "", "source_id": "osm/way/1392376993", "footprint_source": "OpenStreetMap", "height_source": "default", "height_method": "Default fallback", "measured": false, "external_source": false, "ground_elevation": 5.0, "roof_elevation": 15.0, "source_date": "live", "licence": "ODbL 1.0", "confidence": 0.2}, "geometry": {"type": "Polygon", "coordinates": [[[-0.1270983, 51.5059056], [-0.127135, 51.5059004], [-0.1271304, 51.5058878], [-0.1270937, 51.505893], [-0.1270878, 51.5058938], [-0.1270924, 51.5059065], [-0.1270983, 51.5059056]]]}}, {"type": "Feature", "properties": {"height": 10, "building": "yes", "building_levels": 3, "roof_shape": "flat", "name": "", "addr_street": "", "source_id": "osm/way/1392376994", "footprint_source": "OpenStreetMap", "height_source": "default", "height_method": "Default fallback", "measured": false, "external_source": false, "ground_elevation": 5.0, "roof_elevation": 15.0, "source_date": "live", "licence": "ODbL 1.0", "confidence": 0.2}, "geometry": {"type": "Polygon", "coordinates": [[[-0.1270839, 51.5058664], [-0.1271206, 51.5058613], [-0.1271159, 51.5058486], [-0.1270792, 51.5058537], [-0.1270731, 51.5058546], [-0.1270777, 51.5058673], [-0.1270839, 51.5058664]]]}}, {"type": "Feature", "properties": {"height": 10, "building": "yes", "building_levels": 3, "roof_shape": "flat", "name": "", "addr_street": "", "source_id": "osm/way/1392376995", "footprint_source": "OpenStreetMap", "height_source": "default", "height_method": "Default fallback", "measured": false, "external_source": false, "ground_elevation": 5.0, "roof_elevation": 15.0, "source_date": "live", "licence": "ODbL 1.0", "confidence": 0.2}, "geometry": {"type": "Polygon", "coordinates": [[[-0.1271159, 51.5058486], [-0.1270773, 51.5057437], [-0.1270407, 51.5057489], [-0.1270792, 51.5058537], [-0.1271159, 51.5058486]]]}}, {"type": "Feature", "properties": {"height": 10, "building": "yes", "building_levels": 3, "roof_shape": "flat", "name": "", "addr_street": "", "source_id": "osm/way/1392376996", "footprint_source": "OpenStreetMap", "height_source": "default", "height_method": "Default fallback", "measured": false, "external_source": false, "ground_elevation": 5.0, "roof_elevation": 15.0, "source_date": "live", "licence": "ODbL 1.0", "confidence": 0.2}, "geometry": {"type": "Polygon", "coordinates": [[[-0.1271206, 51.5058613], [-0.1271255, 51.5058745], [-0.1271304, 51.5058878], [-0.1270937, 51.505893], [-0.1270888, 51.5058797], [-0.1270839, 51.5058664], [-0.1271206, 51.5058613]]]}}, {"type": "Feature", "properties": {"height": 10, "building": "yes", "building_levels": 3, "roof_shape": "flat", "name": "", "addr_street": "", "source_id": "osm/way/1392376997", "footprint_source": "OpenStreetMap", "height_source": "default", "height_method": "Default fallback", "measured": false, "external_source": false, "ground_elevation": 5.0, "roof_elevation": 15.0, "source_date": "live", "licence": "ODbL 1.0", "confidence": 0.2}, "geometry": {"type": "Polygon", "coordinates": [[[-0.127135, 51.5059004], [-0.1270983, 51.5059056], [-0.1271338, 51.5060018], [-0.1271703, 51.5059963], [-0.127135, 51.5059004]]]}}, {"type": "Feature", "properties": {"height": 10, "building": "yes", "building_levels": 3, "roof_shape": "flat", "name": "", "addr_street": "", "source_id": "osm/way/1392377001", "footprint_source": "OpenStreetMap", "height_source": "default", "height_method": "Default fallback", "measured": false, "external_source": false, "ground_elevation": 5.0, "roof_elevation": 15.0, "source_date": "live", "licence": "ODbL 1.0", "confidence": 0.2}, "geometry": {"type": "Polygon", "coordinates": [[[-0.1276746, 51.5061591], [-0.1276502, 51.5060985], [-0.1273798, 51.5061371], [-0.1274084, 51.5062004], [-0.1276746, 51.5061591]]]}}, {"type": "Feature", "properties": {"height": 10, "building": "yes", "building_levels": 3, "roof_shape": "flat", "name": "", "addr_street": "", "source_id": "osm/way/1392377003", "footprint_source": "OpenStreetMap", "height_source": "default", "height_method": "Default fallback", "measured": false, "external_source": false, "ground_elevation": 5.0, "roof_elevation": 15.0, "source_date": "live", "licence": "ODbL 1.0", "confidence": 0.2}, "geometry": {"type": "Polygon", "coordinates": [[[-0.1271702, 51.5054781], [-0.1270979, 51.5054893], [-0.1270812, 51.5054454], [-0.1271692, 51.5054321], [-0.127176, 51.5054492], [-0.1271595, 51.5054517], [-0.1271702, 51.5054781]]]}}, {"type": "Feature", "properties": {"height": 3.1, "building": "yes", "building_levels": 1, "roof_shape": "flat", "name": "", "addr_street": "", "source_id": "osm/way/1395753962", "footprint_source": "OpenStreetMap", "height_source": "osm_levels", "height_method": "OSM levels x 3.1m", "measured": false, "external_source": true, "ground_elevation": 5.0, "roof_elevation": 8.1, "source_date": "live", "licence": "ODbL 1.0", "confidence": 0.65}, "geometry": {"type": "Polygon", "coordinates": [[[-0.1267349, 51.5047896], [-0.1266852, 51.5047957], [-0.1266721, 51.5047556], [-0.1267221, 51.5047494], [-0.1267349, 51.5047896]]]}}, {"type": "Feature", "properties": {"height": 15, "building": "yes", "building_levels": 5, "roof_shape": "flat", "name": "Earl Roberts", "addr_street": "", "source_id": "osm/way/1395753985", "footprint_source": "OpenStreetMap", "height_source": "tag_inference", "height_method": "Heritage building from tags", "measured": false, "external_source": false, "ground_elevation": 5.0, "roof_elevation": 20.0, "source_date": "live", "licence": "ODbL 1.0", "confidence": 0.38}, "geometry": {"type": "Polygon", "coordinates": [[[-0.1273817, 51.5045432], [-0.1273757, 51.5045262], [-0.1273318, 51.5045322], [-0.1273378, 51.5045491], [-0.1273817, 51.5045432]]]}}, {"type": "Feature", "properties": {"height": 15, "building": "yes", "building_levels": 5, "roof_shape": "flat", "name": "Viscount Wolseley", "addr_street": "", "source_id": "osm/way/1395753986", "footprint_source": "OpenStreetMap", "height_source": "tag_inference", "height_method": "Heritage building from tags", "measured": false, "external_source": false, "ground_elevation": 5.0, "roof_elevation": 20.0, "source_date": "live", "licence": "ODbL 1.0", "confidence": 0.38}, "geometry": {"type": "Polygon", "coordinates": [[[-0.127521, 51.5049754], [-0.127515, 51.5049585], [-0.1274711, 51.5049645], [-0.1274772, 51.5049815], [-0.127521, 51.5049754]]]}}, {"type": "Feature", "properties": {"height": 15, "building": "yes", "building_levels": 5, "roof_shape": "flat", "name": "", "addr_street": "", "source_id": "osm/way/1425352825", "footprint_source": "OpenStreetMap", "height_source": "tag_inference", "height_method": "Stone building", "measured": false, "external_source": false, "ground_elevation": 5.0, "roof_elevation": 20.0, "source_date": "live", "licence": "ODbL 1.0", "confidence": 0.3}, "geometry": {"type": "Polygon", "coordinates": [[[-0.1258556, 51.4998688], [-0.125851, 51.4998648], [-0.12586, 51.4998386], [-0.1258666, 51.4998357], [-0.1258586, 51.4998286], [-0.1258521, 51.4998315], [-0.1258106, 51.499826], [-0.1258061, 51.499822], [-0.1257946, 51.4998269], [-0.1257993, 51.499831], [-0.1257901, 51.4998572], [-0.1257836, 51.49986], [-0.1257915, 51.4998672], [-0.1257981, 51.4998643], [-0.1258396, 51.4998697], [-0.1258442, 51.4998738], [-0.1258556, 51.4998688]]]}}, {"type": "Feature", "properties": {"height": 3.1, "building": "yes", "building_levels": 1, "roof_shape": "flat", "name": "", "addr_street": "", "source_id": "osm/way/1453910402", "footprint_source": "OpenStreetMap", "height_source": "osm_levels", "height_method": "OSM levels x 3.1m", "measured": false, "external_source": true, "ground_elevation": 5.0, "roof_elevation": 8.1, "source_date": "live", "licence": "ODbL 1.0", "confidence": 0.65}, "geometry": {"type": "Polygon", "coordinates": [[[-0.1226169, 51.5055727], [-0.1226399, 51.5055146], [-0.1225991, 51.5055084], [-0.1225762, 51.5055665], [-0.1226169, 51.5055727]]]}}, {"type": "Feature", "properties": {"height": 3.1, "building": "yes", "building_levels": 1, "roof_shape": "flat", "name": "", "addr_street": "", "source_id": "osm/way/1453910403", "footprint_source": "OpenStreetMap", "height_source": "osm_levels", "height_method": "OSM levels x 3.1m", "measured": false, "external_source": true, "ground_elevation": 5.0, "roof_elevation": 8.1, "source_date": "live", "licence": "ODbL 1.0", "confidence": 0.65}, "geometry": {"type": "Polygon", "coordinates": [[[-0.1227275, 51.5052933], [-0.1226867, 51.5052871], [-0.1226495, 51.5053811], [-0.1226903, 51.5053873], [-0.1227275, 51.5052933]]]}}, {"type": "Feature", "properties": {"height": 10, "building": "yes", "building_levels": 3, "roof_shape": "flat", "name": "", "addr_street": "", "source_id": "osm/way/1453910404", "footprint_source": "OpenStreetMap", "height_source": "default", "height_method": "Default fallback", "measured": false, "external_source": false, "ground_elevation": 5.0, "roof_elevation": 15.0, "source_date": "live", "licence": "ODbL 1.0", "confidence": 0.2}, "geometry": {"type": "Polygon", "coordinates": [[[-0.1225508, 51.5057398], [-0.1225101, 51.5057336], [-0.1225219, 51.5057037], [-0.1225626, 51.50571], [-0.1225508, 51.5057398]]]}}, {"type": "Feature", "properties": {"height": 3, "building": "roof", "building_levels": 1, "roof_shape": "flat", "name": "", "addr_street": "", "source_id": "osm/way/1453910405", "footprint_source": "OpenStreetMap", "height_source": "type_estimate", "height_method": "Building type: roof", "measured": false, "external_source": false, "ground_elevation": 5.0, "roof_elevation": 8.0, "source_date": "live", "licence": "ODbL 1.0", "confidence": 0.4}, "geometry": {"type": "Polygon", "coordinates": [[[-0.1225508, 51.5057398], [-0.1225626, 51.50571], [-0.1226169, 51.5055727], [-0.1226399, 51.5055146], [-0.1226903, 51.5053873], [-0.1227275, 51.5052933], [-0.1226867, 51.5052871], [-0.1226495, 51.5053811], [-0.1225991, 51.5055084], [-0.1225762, 51.5055665], [-0.1225219, 51.5057037], [-0.1225101, 51.5057336], [-0.1225508, 51.5057398]]]}}, {"type": "Feature", "properties": {"height": 6, "building": "yes", "building_levels": 2, "roof_shape": "flat", "name": "Caf\u00e9 Ciel", "addr_street": "Horse Guards Avenue", "source_id": "osm/way/1457455332", "footprint_source": "OpenStreetMap", "height_source": "tag_inference", "height_method": "Amenity: cafe", "measured": false, "external_source": false, "ground_elevation": 5.0, "roof_elevation": 11.0, "source_date": "live", "licence": "ODbL 1.0", "confidence": 0.38}, "geometry": {"type": "Polygon", "coordinates": [[[-0.1258064, 51.5054588], [-0.1258055, 51.5054799], [-0.1257935, 51.5054997], [-0.1257718, 51.5055159], [-0.1257426, 51.5055267], [-0.1257094, 51.5055309], [-0.1256769, 51.5055283], [-0.1256474, 51.5055193], [-0.1256241, 51.505505], [-0.1256093, 51.5054868], [-0.1256046, 51.5054666], [-0.1256106, 51.5054465], [-0.1256265, 51.5054286], [-0.1256507, 51.5054149], [-0.1256807, 51.5054067], [-0.1257145, 51.5054049], [-0.1257474, 51.5054102], [-0.1257756, 51.5054219], [-0.125796, 51.5054387], [-0.1258064, 51.5054588]]]}}, {"type": "Feature", "properties": {"height": 8, "building": "yes", "building_levels": 3, "roof_shape": "flat", "name": "", "addr_street": "", "source_id": "osm/way/1486332020", "footprint_source": "OpenStreetMap", "height_source": "tag_inference", "height_method": "Man-made: chimney", "measured": false, "external_source": false, "ground_elevation": 5.0, "roof_elevation": 13.0, "source_date": "live", "licence": "ODbL 1.0", "confidence": 0.3}, "geometry": {"type": "Polygon", "coordinates": [[[-0.126744, 51.5017083], [-0.1267467, 51.5016899], [-0.1267753, 51.5016915], [-0.1267724, 51.50171], [-0.126744, 51.5017083]]]}}, {"type": "Feature", "properties": {"height": 10, "building": "yes", "building_levels": 3, "roof_shape": "flat", "name": "", "addr_street": "", "source_id": "osm/way/1486351451", "footprint_source": "OpenStreetMap", "height_source": "default", "height_method": "Default fallback", "measured": false, "external_source": false, "ground_elevation": 5.0, "roof_elevation": 15.0, "source_date": "live", "licence": "ODbL 1.0", "confidence": 0.2}, "geometry": {"type": "Polygon", "coordinates": [[[-0.1274117, 51.5012281], [-0.127409, 51.5012458], [-0.1273468, 51.5012422], [-0.1273493, 51.5012245], [-0.1274117, 51.5012281]]]}}, {"type": "Feature", "properties": {"height": 10, "building": "yes", "building_levels": 3, "roof_shape": "flat", "name": "", "addr_street": "", "source_id": "osm/way/1486351452", "footprint_source": "OpenStreetMap", "height_source": "default", "height_method": "Default fallback", "measured": false, "external_source": false, "ground_elevation": 5.0, "roof_elevation": 15.0, "source_date": "live", "licence": "ODbL 1.0", "confidence": 0.2}, "geometry": {"type": "Polygon", "coordinates": [[[-0.1267547, 51.5011897], [-0.1267519, 51.5012076], [-0.1266899, 51.501204], [-0.1266923, 51.5011861], [-0.1267547, 51.5011897]]]}}, {"type": "Feature", "properties": {"height": 10, "building": "yes", "building_levels": 3, "roof_shape": "flat", "name": "", "addr_street": "", "source_id": "osm/way/1486351464", "footprint_source": "OpenStreetMap", "height_source": "default", "height_method": "Default fallback", "measured": false, "external_source": false, "ground_elevation": 5.0, "roof_elevation": 15.0, "source_date": "live", "licence": "ODbL 1.0", "confidence": 0.2}, "geometry": {"type": "Polygon", "coordinates": [[[-0.1272842, 51.5020762], [-0.1272816, 51.502094], [-0.1272191, 51.5020903], [-0.127222, 51.5020726], [-0.1272842, 51.5020762]]]}}, {"type": "Feature", "properties": {"height": 10, "building": "yes", "building_levels": 3, "roof_shape": "flat", "name": "", "addr_street": "", "source_id": "osm/way/1486351469", "footprint_source": "OpenStreetMap", "height_source": "default", "height_method": "Default fallback", "measured": false, "external_source": false, "ground_elevation": 5.0, "roof_elevation": 15.0, "source_date": "live", "licence": "ODbL 1.0", "confidence": 0.2}, "geometry": {"type": "Polygon", "coordinates": [[[-0.1266885, 51.5020417], [-0.1266859, 51.5020599], [-0.1266235, 51.5020563], [-0.1266262, 51.5020381], [-0.1266885, 51.5020417]]]}}, {"type": "Feature", "properties": {"height": 3.1, "building": "yes", "building_levels": 1, "roof_shape": "flat", "name": "", "addr_street": "", "source_id": "osm/way/1487538304", "footprint_source": "OpenStreetMap", "height_source": "osm_levels", "height_method": "OSM levels x 3.1m", "measured": false, "external_source": true, "ground_elevation": 5.0, "roof_elevation": 8.1, "source_date": "live", "licence": "ODbL 1.0", "confidence": 0.65}, "geometry": {"type": "Polygon", "coordinates": [[[-0.1242553, 51.5018853], [-0.1241795, 51.5018818], [-0.1241871, 51.5018171], [-0.1242628, 51.5018206], [-0.1242626, 51.5018231], [-0.1242558, 51.5018815], [-0.1242553, 51.5018853]]]}}, {"type": "Feature", "properties": {"height": 21.7, "building": "yes", "building_levels": 7, "roof_shape": "flat", "name": "", "addr_street": "", "source_id": "osm/way/1487538308", "footprint_source": "OpenStreetMap", "height_source": "osm_levels", "height_method": "OSM levels x 3.1m", "measured": false, "external_source": true, "ground_elevation": 5.0, "roof_elevation": 26.7, "source_date": "live", "licence": "ODbL 1.0", "confidence": 0.65}, "geometry": {"type": "Polygon", "coordinates": [[[-0.1252583, 51.5016361], [-0.1252088, 51.5016371], [-0.1252071, 51.501606], [-0.1252566, 51.501605], [-0.1252579, 51.5016274], [-0.1252583, 51.5016361]]]}}, {"type": "Feature", "properties": {"height": 6.2, "building": "yes", "building_levels": 2, "roof_shape": "flat", "name": "", "addr_street": "", "source_id": "osm/way/1487538309", "footprint_source": "OpenStreetMap", "height_source": "osm_levels", "height_method": "OSM levels x 3.1m", "measured": false, "external_source": true, "ground_elevation": 5.0, "roof_elevation": 11.2, "source_date": "live", "licence": "ODbL 1.0", "confidence": 0.65}, "geometry": {"type": "Polygon", "coordinates": [[[-0.1252723, 51.5019227], [-0.1253755, 51.5019267], [-0.1253803, 51.5017937], [-0.1252659, 51.5017923], [-0.1252723, 51.5019227]]]}}, {"type": "Feature", "properties": {"height": 10, "building": "yes", "building_levels": 3, "roof_shape": "flat", "name": "", "addr_street": "", "source_id": "osm/way/1487538310", "footprint_source": "OpenStreetMap", "height_source": "default", "height_method": "Default fallback", "measured": false, "external_source": false, "ground_elevation": 5.0, "roof_elevation": 15.0, "source_date": "live", "licence": "ODbL 1.0", "confidence": 0.2}, "geometry": {"type": "Polygon", "coordinates": [[[-0.1253803, 51.5017937], [-0.1253879, 51.5016278], [-0.1252579, 51.5016274], [-0.1252583, 51.5016361], [-0.1252659, 51.5017923], [-0.1253803, 51.5017937]]]}}, {"type": "Feature", "properties": {"height": 12.4, "building": "yes", "building_levels": 4, "roof_shape": "flat", "name": "", "addr_street": "", "source_id": "osm/way/1487538311", "footprint_source": "OpenStreetMap", "height_source": "osm_levels", "height_method": "OSM levels x 3.1m", "measured": false, "external_source": true, "ground_elevation": 5.0, "roof_elevation": 17.4, "source_date": "live", "licence": "ODbL 1.0", "confidence": 0.65}, "geometry": {"type": "Polygon", "coordinates": [[[-0.1248545, 51.5020205], [-0.1248218, 51.502019], [-0.1247925, 51.502018], [-0.1247938, 51.5020055], [-0.1247955, 51.501995], [-0.1248564, 51.5019971], [-0.1248558, 51.5020073], [-0.1248545, 51.5020205]]]}}, {"type": "Feature", "properties": {"height": 12.4, "building": "yes", "building_levels": 4, "roof_shape": "flat", "name": "", "addr_street": "", "source_id": "osm/way/1487538312", "footprint_source": "OpenStreetMap", "height_source": "osm_levels", "height_method": "OSM levels x 3.1m", "measured": false, "external_source": true, "ground_elevation": 5.0, "roof_elevation": 17.4, "source_date": "live", "licence": "ODbL 1.0", "confidence": 0.65}, "geometry": {"type": "Polygon", "coordinates": [[[-0.1248042, 51.5019024], [-0.1248362, 51.5019035], [-0.1248653, 51.5019047], [-0.124861, 51.501946], [-0.1248001, 51.5019439], [-0.1248042, 51.5019024]]]}}, {"type": "Feature", "properties": {"height": 12.4, "building": "yes", "building_levels": 4, "roof_shape": "flat", "name": "", "addr_street": "", "source_id": "osm/way/1487538313", "footprint_source": "OpenStreetMap", "height_source": "osm_levels", "height_method": "OSM levels x 3.1m", "measured": false, "external_source": true, "ground_elevation": 5.0, "roof_elevation": 17.4, "source_date": "live", "licence": "ODbL 1.0", "confidence": 0.65}, "geometry": {"type": "Polygon", "coordinates": [[[-0.1248564, 51.5019971], [-0.1247955, 51.501995], [-0.1247973, 51.5019758], [-0.1248001, 51.5019439], [-0.124861, 51.501946], [-0.1248582, 51.5019768], [-0.1248564, 51.5019971]]]}}, {"type": "Feature", "properties": {"height": 18.6, "building": "yes", "building_levels": 6, "roof_shape": "flat", "name": "", "addr_street": "", "source_id": "osm/way/1490173173", "footprint_source": "OpenStreetMap", "height_source": "osm_levels", "height_method": "OSM levels x 3.1m", "measured": false, "external_source": true, "ground_elevation": 5.0, "roof_elevation": 23.6, "source_date": "live", "licence": "ODbL 1.0", "confidence": 0.65}, "geometry": {"type": "Polygon", "coordinates": [[[-0.1255824, 51.5025347], [-0.1255821, 51.5025381], [-0.1255831, 51.5025415], [-0.1255841, 51.5025423], [-0.1255865, 51.5025441], [-0.1255908, 51.5025462], [-0.1255959, 51.5025474], [-0.1256013, 51.5025475], [-0.1256065, 51.5025465], [-0.125611, 51.5025446], [-0.1256145, 51.5025417], [-0.1256162, 51.5025381], [-0.1256158, 51.5025345], [-0.1256135, 51.5025311], [-0.1256095, 51.5025284], [-0.1256039, 51.5025264], [-0.1255988, 51.5025262], [-0.1255927, 51.502527], [-0.1255877, 51.5025289], [-0.1255843, 51.5025315], [-0.1255824, 51.5025347]]]}}, {"type": "Feature", "properties": {"height": 18.6, "building": "yes", "building_levels": 6, "roof_shape": "flat", "name": "", "addr_street": "", "source_id": "osm/way/1490173174", "footprint_source": "OpenStreetMap", "height_source": "osm_levels", "height_method": "OSM levels x 3.1m", "measured": false, "external_source": true, "ground_elevation": 5.0, "roof_elevation": 23.6, "source_date": "live", "licence": "ODbL 1.0", "confidence": 0.65}, "geometry": {"type": "Polygon", "coordinates": [[[-0.1255529, 51.5025457], [-0.1255526, 51.5025491], [-0.1255541, 51.5025524], [-0.1255571, 51.5025552], [-0.1255613, 51.5025573], [-0.1255664, 51.5025584], [-0.1255719, 51.5025585], [-0.1255771, 51.5025576], [-0.1255815, 51.5025556], [-0.125585, 51.5025527], [-0.1255867, 51.5025492], [-0.1255864, 51.5025455], [-0.1255841, 51.5025423], [-0.1255831, 51.5025415], [-0.1255801, 51.5025394], [-0.1255749, 51.5025378], [-0.125569, 51.5025373], [-0.1255633, 51.502538], [-0.1255583, 51.50254], [-0.1255548, 51.5025426], [-0.1255529, 51.5025457]]]}}, {"type": "Feature", "properties": {"height": 15.5, "building": "yes", "building_levels": 5, "roof_shape": "flat", "name": "", "addr_street": "", "source_id": "osm/way/1490173175", "footprint_source": "OpenStreetMap", "height_source": "osm_levels", "height_method": "OSM levels x 3.1m", "measured": false, "external_source": true, "ground_elevation": 5.0, "roof_elevation": 20.5, "source_date": "live", "licence": "ODbL 1.0", "confidence": 0.65}, "geometry": {"type": "Polygon", "coordinates": [[[-0.1254966, 51.5025735], [-0.1254964, 51.5025747], [-0.1254978, 51.502578], [-0.1255008, 51.5025808], [-0.1255051, 51.5025829], [-0.1255102, 51.502584], [-0.1255156, 51.5025841], [-0.1255208, 51.5025832], [-0.1255253, 51.5025813], [-0.1255288, 51.5025783], [-0.1255304, 51.5025748], [-0.1255301, 51.5025711], [-0.1255278, 51.5025678], [-0.1255238, 51.5025651], [-0.1255189, 51.5025638], [-0.1254966, 51.5025735]]]}}, {"type": "Feature", "properties": {"height": 15.5, "building": "yes", "building_levels": 5, "roof_shape": "flat", "name": "", "addr_street": "", "source_id": "osm/way/1490173176", "footprint_source": "OpenStreetMap", "height_source": "osm_levels", "height_method": "OSM levels x 3.1m", "measured": false, "external_source": true, "ground_elevation": 5.0, "roof_elevation": 20.5, "source_date": "live", "licence": "ODbL 1.0", "confidence": 0.65}, "geometry": {"type": "Polygon", "coordinates": [[[-0.125483, 51.5027601], [-0.1254827, 51.5027635], [-0.1254842, 51.5027668], [-0.1254872, 51.5027696], [-0.1254914, 51.5027717], [-0.1254965, 51.5027728], [-0.125502, 51.5027729], [-0.1255072, 51.502772], [-0.1255116, 51.50277], [-0.1255151, 51.5027671], [-0.1255163, 51.502765], [-0.1255168, 51.5027636], [-0.1255165, 51.5027599], [-0.1255142, 51.5027565], [-0.1255102, 51.5027539], [-0.125505, 51.5027522], [-0.1254991, 51.5027517], [-0.1254934, 51.5027524], [-0.1254884, 51.5027544], [-0.1254871, 51.5027553], [-0.1254846, 51.5027574], [-0.125483, 51.5027601]]]}}, {"type": "Feature", "properties": {"height": 15.5, "building": "yes", "building_levels": 5, "roof_shape": "flat", "name": "", "addr_street": "", "source_id": "osm/way/1490173177", "footprint_source": "OpenStreetMap", "height_source": "osm_levels", "height_method": "OSM levels x 3.1m", "measured": false, "external_source": true, "ground_elevation": 5.0, "roof_elevation": 20.5, "source_date": "live", "licence": "ODbL 1.0", "confidence": 0.65}, "geometry": {"type": "Polygon", "coordinates": [[[-0.1254932, 51.5026382], [-0.1254924, 51.502648], [-0.1254954, 51.5026508], [-0.1254997, 51.5026529], [-0.1255048, 51.502654], [-0.1255102, 51.5026541], [-0.1255154, 51.5026532], [-0.1255161, 51.5026529], [-0.1255199, 51.5026513], [-0.1255234, 51.5026483], [-0.125525, 51.5026448], [-0.1255247, 51.5026411], [-0.1255224, 51.5026378], [-0.1255184, 51.5026351], [-0.1255132, 51.5026334], [-0.1255074, 51.5026329], [-0.1255016, 51.5026337], [-0.1254966, 51.5026356], [-0.1254932, 51.5026382]]]}}, {"type": "Feature", "properties": {"height": 15.5, "building": "yes", "building_levels": 5, "roof_shape": "flat", "name": "", "addr_street": "", "source_id": "osm/way/1490173178", "footprint_source": "OpenStreetMap", "height_source": "osm_levels", "height_method": "OSM levels x 3.1m", "measured": false, "external_source": true, "ground_elevation": 5.0, "roof_elevation": 20.5, "source_date": "live", "licence": "ODbL 1.0", "confidence": 0.65}, "geometry": {"type": "Polygon", "coordinates": [[[-0.1254888, 51.5027007], [-0.1254879, 51.5027131], [-0.1254892, 51.5027145], [-0.1254934, 51.5027166], [-0.1254985, 51.5027177], [-0.125504, 51.5027178], [-0.1255092, 51.5027169], [-0.1255136, 51.5027149], [-0.1255171, 51.502712], [-0.1255188, 51.5027085], [-0.1255185, 51.5027048], [-0.1255162, 51.5027014], [-0.1255122, 51.5026988], [-0.125507, 51.5026971], [-0.1255011, 51.5026966], [-0.1254954, 51.5026973], [-0.1254904, 51.5026993], [-0.1254888, 51.5027007]]]}}, {"type": "Feature", "properties": {"height": 18.6, "building": "yes", "building_levels": 6, "roof_shape": "flat", "name": "", "addr_street": "", "source_id": "osm/way/1490173182", "footprint_source": "OpenStreetMap", "height_source": "osm_levels", "height_method": "OSM levels x 3.1m", "measured": false, "external_source": true, "ground_elevation": 5.0, "roof_elevation": 23.6, "source_date": "live", "licence": "ODbL 1.0", "confidence": 0.65}, "geometry": {"type": "Polygon", "coordinates": [[[-0.124901, 51.5025799], [-0.1249001, 51.502589], [-0.1248793, 51.5025972], [-0.1248015, 51.5025948], [-0.1247922, 51.5025945], [-0.1247776, 51.5025848], [-0.1247786, 51.5025679], [-0.124794, 51.5025599], [-0.1248861, 51.502562], [-0.1249019, 51.5025713], [-0.124901, 51.5025799]]]}}, {"type": "Feature", "properties": {"height": 6.2, "building": "yes", "building_levels": 2, "roof_shape": "flat", "name": "", "addr_street": "", "source_id": "osm/way/1490173185", "footprint_source": "OpenStreetMap", "height_source": "osm_levels", "height_method": "OSM levels x 3.1m", "measured": false, "external_source": true, "ground_elevation": 5.0, "roof_elevation": 11.2, "source_date": "live", "licence": "ODbL 1.0", "confidence": 0.65}, "geometry": {"type": "Polygon", "coordinates": [[[-0.1254665, 51.5021129], [-0.1254676, 51.5020818], [-0.1254015, 51.5020809], [-0.125402, 51.5020729], [-0.1254792, 51.5020737], [-0.1254782, 51.5021127], [-0.1254665, 51.5021129]]]}}, {"type": "Feature", "properties": {"height": 3.1, "building": "yes", "building_levels": 1, "roof_shape": "flat", "name": "", "addr_street": "", "source_id": "osm/way/1490173186", "footprint_source": "OpenStreetMap", "height_source": "osm_levels", "height_method": "OSM levels x 3.1m", "measured": false, "external_source": true, "ground_elevation": 5.0, "roof_elevation": 8.1, "source_date": "live", "licence": "ODbL 1.0", "confidence": 0.65}, "geometry": {"type": "Polygon", "coordinates": [[[-0.1254782, 51.5021127], [-0.1254792, 51.5020737], [-0.125402, 51.5020729], [-0.1254024, 51.5020668], [-0.1254897, 51.5020677], [-0.1254885, 51.5021128], [-0.1254782, 51.5021127]]]}}, {"type": "Feature", "properties": {"height": 12.4, "building": "yes", "building_levels": 4, "roof_shape": "flat", "name": "", "addr_street": "", "source_id": "osm/way/1490173188", "footprint_source": "OpenStreetMap", "height_source": "osm_levels", "height_method": "OSM levels x 3.1m", "measured": false, "external_source": true, "ground_elevation": 5.0, "roof_elevation": 17.4, "source_date": "live", "licence": "ODbL 1.0", "confidence": 0.65}, "geometry": {"type": "Polygon", "coordinates": [[[-0.1254924, 51.502648], [-0.1254888, 51.5027007], [-0.1254904, 51.5026993], [-0.1254954, 51.5026973], [-0.1255011, 51.5026966], [-0.125507, 51.5026971], [-0.1254967, 51.502689], [-0.1254987, 51.5026617], [-0.1255102, 51.5026541], [-0.1255048, 51.502654], [-0.1254997, 51.5026529], [-0.1254954, 51.5026508], [-0.1254924, 51.502648]]]}}, {"type": "Feature", "properties": {"height": 9.3, "building": "yes", "building_levels": 3, "roof_shape": "flat", "name": "", "addr_street": "", "source_id": "osm/way/1490173189", "footprint_source": "OpenStreetMap", "height_source": "osm_levels", "height_method": "OSM levels x 3.1m", "measured": false, "external_source": true, "ground_elevation": 5.0, "roof_elevation": 14.3, "source_date": "live", "licence": "ODbL 1.0", "confidence": 0.65}, "geometry": {"type": "Polygon", "coordinates": [[[-0.125507, 51.5026971], [-0.1254967, 51.502689], [-0.1254987, 51.5026617], [-0.1255102, 51.5026541], [-0.1255154, 51.5026532], [-0.1255161, 51.5026529], [-0.1255208, 51.5026586], [-0.1255196, 51.5026758], [-0.1255188, 51.5026914], [-0.1255122, 51.5026988], [-0.125507, 51.5026971]]]}}, {"type": "Feature", "properties": {"height": 12.4, "building": "yes", "building_levels": 4, "roof_shape": "flat", "name": "", "addr_street": "", "source_id": "osm/way/1490173190", "footprint_source": "OpenStreetMap", "height_source": "osm_levels", "height_method": "OSM levels x 3.1m", "measured": false, "external_source": true, "ground_elevation": 5.0, "roof_elevation": 17.4, "source_date": "live", "licence": "ODbL 1.0", "confidence": 0.65}, "geometry": {"type": "Polygon", "coordinates": [[[-0.1254934, 51.5027524], [-0.1254884, 51.5027544], [-0.1254871, 51.5027553], [-0.1254846, 51.5027574], [-0.1254879, 51.5027131], [-0.1254892, 51.5027145], [-0.1254934, 51.5027166], [-0.1254985, 51.5027177], [-0.125504, 51.5027178], [-0.1254943, 51.5027238], [-0.1254928, 51.5027451], [-0.1254991, 51.5027517], [-0.1254934, 51.5027524]]]}}, {"type": "Feature", "properties": {"height": 9.3, "building": "yes", "building_levels": 3, "roof_shape": "flat", "name": "", "addr_street": "", "source_id": "osm/way/1490173191", "footprint_source": "OpenStreetMap", "height_source": "osm_levels", "height_method": "OSM levels x 3.1m", "measured": false, "external_source": true, "ground_elevation": 5.0, "roof_elevation": 14.3, "source_date": "live", "licence": "ODbL 1.0", "confidence": 0.65}, "geometry": {"type": "Polygon", "coordinates": [[[-0.1254991, 51.5027517], [-0.1254928, 51.5027451], [-0.1254943, 51.5027238], [-0.125504, 51.5027178], [-0.1255092, 51.5027169], [-0.1255149, 51.502723], [-0.1255131, 51.5027471], [-0.125505, 51.5027522], [-0.1254991, 51.5027517]]]}}, {"type": "Feature", "properties": {"height": 12.4, "building": "yes", "building_levels": 4, "roof_shape": "flat", "name": "", "addr_street": "", "source_id": "osm/way/1490173192", "footprint_source": "OpenStreetMap", "height_source": "osm_levels", "height_method": "OSM levels x 3.1m", "measured": false, "external_source": true, "ground_elevation": 5.0, "roof_elevation": 17.4, "source_date": "live", "licence": "ODbL 1.0", "confidence": 0.65}, "geometry": {"type": "Polygon", "coordinates": [[[-0.1255074, 51.5026329], [-0.1255016, 51.5026337], [-0.1254966, 51.5026356], [-0.1254932, 51.5026382], [-0.1254964, 51.5025747], [-0.1254978, 51.502578], [-0.1255008, 51.5025808], [-0.1255051, 51.5025829], [-0.1255102, 51.502584], [-0.1255026, 51.5025929], [-0.1255021, 51.5026237], [-0.1255074, 51.5026329]]]}}, {"type": "Feature", "properties": {"height": 9.3, "building": "yes", "building_levels": 3, "roof_shape": "flat", "name": "", "addr_street": "", "source_id": "osm/way/1490173193", "footprint_source": "OpenStreetMap", "height_source": "osm_levels", "height_method": "OSM levels x 3.1m", "measured": false, "external_source": true, "ground_elevation": 5.0, "roof_elevation": 14.3, "source_date": "live", "licence": "ODbL 1.0", "confidence": 0.65}, "geometry": {"type": "Polygon", "coordinates": [[[-0.1255132, 51.5026334], [-0.1255074, 51.5026329], [-0.1255021, 51.5026237], [-0.1255026, 51.5025929], [-0.1255102, 51.502584], [-0.1255156, 51.5025841], [-0.1255208, 51.5025832], [-0.1255264, 51.5025913], [-0.1255245, 51.5026245], [-0.1255184, 51.5026351], [-0.1255132, 51.5026334]]]}}, {"type": "Feature", "properties": {"height": 3.1, "building": "construction", "building_levels": 1, "roof_shape": "flat", "name": "The King Charles III Sacristy", "addr_street": "", "source_id": "osm/way/1523801173", "footprint_source": "OpenStreetMap", "height_source": "osm_levels", "height_method": "OSM levels x 3.1m", "measured": false, "external_source": true, "ground_elevation": 5.0, "roof_elevation": 8.1, "source_date": "live", "licence": "ODbL 1.0", "confidence": 0.65}, "geometry": {"type": "Polygon", "coordinates": [[[-0.1275293, 51.4996299], [-0.1275302, 51.4996243], [-0.1275249, 51.4996239], [-0.1275196, 51.4996236], [-0.1275129, 51.4996232], [-0.1274927, 51.4996221], [-0.1274874, 51.4996218], [-0.1274932, 51.4995799], [-0.1274986, 51.4995802], [-0.1275187, 51.4995813], [-0.1275254, 51.4995817], [-0.1275308, 51.4995821], [-0.1275362, 51.4995824], [-0.1275381, 51.49957], [-0.1275327, 51.4995697], [-0.1275272, 51.4995694], [-0.1275205, 51.499569], [-0.1275005, 51.4995678], [-0.127495, 51.4995675], [-0.1275004, 51.4995322], [-0.1275061, 51.4995325], [-0.1275065, 51.4995298], [-0.1275625, 51.499533], [-0.127562, 51.4995365], [-0.1275597, 51.4995526], [-0.1275593, 51.4995556], [-0.1275588, 51.4995588], [-0.1275583, 51.4995621], [-0.1275786, 51.4995632], [-0.1275791, 51.4995599], [-0.1275795, 51.4995567], [-0.12758, 51.4995537], [-0.1275823, 51.4995376], [-0.1275828, 51.4995341], [-0.1276452, 51.4995377], [-0.1276448, 51.4995411], [-0.1276424, 51.4995572], [-0.127642, 51.4995606], [-0.1276415, 51.4995635], [-0.1276411, 51.4995667], [-0.1276612, 51.4995678], [-0.1276617, 51.4995646], [-0.1276621, 51.4995617], [-0.1276626, 51.4995584], [-0.1276649, 51.4995422], [-0.1276654, 51.4995389], [-0.1277259, 51.4995421], [-0.1277254, 51.4995455], [-0.127723, 51.4995615], [-0.1277226, 51.4995646], [-0.1277221, 51.4995678], [-0.1277216, 51.499571], [-0.1277429, 51.4995722], [-0.1277433, 51.499569], [-0.1277438, 51.4995658], [-0.1277443, 51.4995627], [-0.1277467, 51.4995467], [-0.1277472, 51.4995433], [-0.1278099, 51.4995471], [-0.1278094, 51.4995505], [-0.127807, 51.4995665], [-0.1278065, 51.4995695], [-0.127806, 51.4995727], [-0.1278056, 51.499576], [-0.1278161, 51.4995766], [-0.1278256, 51.4995771], [-0.1278261, 51.4995739], [-0.1278265, 51.4995707], [-0.127827, 51.4995676], [-0.1278294, 51.4995516], [-0.1278299, 51.4995482], [-0.127892, 51.4995515], [-0.1278915, 51.4995551], [-0.1278892, 51.4995711], [-0.1278887, 51.4995742], [-0.1278882, 51.4995774], [-0.1278878, 51.4995806], [-0.1278978, 51.4995811], [-0.1278925, 51.4996236], [-0.1278815, 51.4997115], [-0.1275207, 51.499694], [-0.1275218, 51.4996868], [-0.1275157, 51.4996865], [-0.1275097, 51.4996861], [-0.127503, 51.4996858], [-0.1274774, 51.4996842], [-0.1274789, 51.4996749], [-0.1274857, 51.4996328], [-0.127491, 51.4996331], [-0.1275113, 51.4996342], [-0.127518, 51.4996346], [-0.1275233, 51.4996349], [-0.1275285, 51.4996353], [-0.1275293, 51.4996299]]]}}]}