{"type": "FeatureCollection", "features": [{"type": "Feature", "properties": {"highway": "residential", "name": "Downing Street", "lanes": 2, "surface": "asphalt", "oneway": "no", "maxspeed": "20 mph", "source_id": "osm/way/4244999", "source": "OpenStreetMap", "licence": "ODbL 1.0"}, "geometry": {"type": "LineString", "coordinates": [[-0.127828, 51.5032637], [-0.1275658, 51.5032464], [-0.1271758, 51.5032126], [-0.1269726, 51.5031964], [-0.1264559, 51.5031803], [-0.1264272, 51.5031794]]}}, {"type": "Feature", "properties": {"highway": "steps", "name": "Watergate Walk", "lanes": 2, "surface": "paving_stones", "oneway": "no", "maxspeed": "", "source_id": "osm/way/4254119", "source": "OpenStreetMap", "licence": "ODbL 1.0"}, "geometry": {"type": "LineString", "coordinates": [[-0.1232985, 51.5078514], [-0.1232666, 51.5078838]]}}, {"type": "Feature", "properties": {"highway": "footway", "name": "Golden Jubilee Bridge", "lanes": 2, "surface": "paving_stones", "oneway": "no", "maxspeed": "", "source_id": "osm/way/4254120", "source": "OpenStreetMap", "licence": "ODbL 1.0"}, "geometry": {"type": "LineString", "coordinates": [[-0.1180839, 51.5057589], [-0.121869, 51.506931], [-0.1222049, 51.50703]]}}, {"type": "Feature", "properties": {"highway": "steps", "name": "Hungerford Bridge", "lanes": 2, "surface": "metal", "oneway": "no", "maxspeed": "", "source_id": "osm/way/4254121", "source": "OpenStreetMap", "licence": "ODbL 1.0"}, "geometry": {"type": "LineString", "coordinates": [[-0.1221071, 51.5071563], [-0.1221876, 51.5070486]]}}, {"type": "Feature", "properties": {"highway": "footway", "name": "", "lanes": 2, "surface": "paving_stones", "oneway": "no", "maxspeed": "", "source_id": "osm/way/4254122", "source": "OpenStreetMap", "licence": "ODbL 1.0"}, "geometry": {"type": "LineString", "coordinates": [[-0.1231359, 51.5067621], [-0.1228616, 51.5067215]]}}, {"type": "Feature", "properties": {"highway": "footway", "name": "Golden Jubilee Bridge", "lanes": 2, "surface": "paving_stones", "oneway": "no", "maxspeed": "", "source_id": "osm/way/4254123", "source": "OpenStreetMap", "licence": "ODbL 1.0"}, "geometry": {"type": "LineString", "coordinates": [[-0.1225736, 51.5066531], [-0.1184063, 51.5053592], [-0.1183773, 51.5053927]]}}, {"type": "Feature", "properties": {"highway": "residential", "name": "King Charles Street", "lanes": 2, "surface": "asphalt", "oneway": "no", "maxspeed": "20 mph", "source_id": "osm/way/4255607", "source": "OpenStreetMap", "licence": "ODbL 1.0"}, "geometry": {"type": "LineString", "coordinates": [[-0.1260009, 51.5021046], [-0.1262032, 51.5021076]]}}, {"type": "Feature", "properties": {"highway": "service", "name": "Embankment Place", "lanes": 2, "surface": "brick", "oneway": "no", "maxspeed": "", "source_id": "osm/way/4256528", "source": "OpenStreetMap", "licence": "ODbL 1.0"}, "geometry": {"type": "LineString", "coordinates": [[-0.1226704, 51.5073738], [-0.1226789, 51.5073276], [-0.1227014, 51.5072951]]}}, {"type": "Feature", "properties": {"highway": "footway", "name": "The Arches", "lanes": 2, "surface": "paving_stones", "oneway": "no", "maxspeed": "", "source_id": "osm/way/4256532", "source": "OpenStreetMap", "licence": "ODbL 1.0"}, "geometry": {"type": "LineString", "coordinates": [[-0.1239403, 51.5081516], [-0.1240528, 51.5080704], [-0.1241163, 51.5080253], [-0.1245913, 51.507668]]}}, {"type": "Feature", "properties": {"highway": "steps", "name": "Craven Passage", "lanes": 2, "surface": "asphalt", "oneway": "no", "maxspeed": "", "source_id": "osm/way/4256533", "source": "OpenStreetMap", "licence": "ODbL 1.0"}, "geometry": {"type": "LineString", "coordinates": [[-0.1245913, 51.507668], [-0.1246201, 51.5076474]]}}, {"type": "Feature", "properties": {"highway": "residential", "name": "Craven Street", "lanes": 2, "surface": "asphalt", "oneway": "yes", "maxspeed": "20 mph", "source_id": "osm/way/4256534", "source": "OpenStreetMap", "licence": "ODbL 1.0"}, "geometry": {"type": "LineString", "coordinates": [[-0.1255423, 51.5078316], [-0.1248718, 51.5074882], [-0.1240463, 51.5070494], [-0.1237754, 51.5068951], [-0.1237435, 51.506872], [-0.1237341, 51.5068545], [-0.1237302, 51.5068471], [-0.1237332, 51.5068153], [-0.1237567, 51.5067538]]}}, {"type": "Feature", "properties": {"highway": "unclassified", "name": "Corner House Street", "lanes": 2, "surface": "asphalt", "oneway": "yes", "maxspeed": "20 mph", "source_id": "osm/way/4256536", "source": "OpenStreetMap", "licence": "ODbL 1.0"}, "geometry": {"type": "LineString", "coordinates": [[-0.125835, 51.5076206], [-0.1257806, 51.5076595], [-0.1255741, 51.5078015]]}}, {"type": "Feature", "properties": {"highway": "residential", "name": "Northumberland Street", "lanes": 2, "surface": "paving_stones", "oneway": "yes", "maxspeed": "20 mph", "source_id": "osm/way/4256538", "source": "OpenStreetMap", "licence": "ODbL 1.0"}, "geometry": {"type": "LineString", "coordinates": [[-0.1254736, 51.5070488], [-0.1254065, 51.5071547], [-0.1253816, 51.5071941], [-0.1253633, 51.5072345], [-0.1253685, 51.5072646], [-0.125396, 51.507298]]}}, {"type": "Feature", "properties": {"highway": "service", "name": "Craig's Court", "lanes": 1, "surface": "asphalt", "oneway": "no", "maxspeed": "", "source_id": "osm/way/4256544", "source": "OpenStreetMap", "licence": "ODbL 1.0"}, "geometry": {"type": "LineString", "coordinates": [[-0.1273065, 51.5066452], [-0.1271914, 51.5066614], [-0.1267308, 51.5067262], [-0.1266483, 51.5067113], [-0.1265863, 51.5066731], [-0.1265543, 51.5066113]]}}, {"type": "Feature", "properties": {"highway": "residential", "name": "Great Scotland Yard", "lanes": 2, "surface": "asphalt", "oneway": "no", "maxspeed": "20 mph", "source_id": "osm/way/4256545", "source": "OpenStreetMap", "licence": "ODbL 1.0"}, "geometry": {"type": "LineString", "coordinates": [[-0.127022, 51.5059782], [-0.1268974, 51.5060091]]}}, {"type": "Feature", "properties": {"highway": "residential", "name": "Great Scotland Yard", "lanes": 2, "surface": "paving_stones", "oneway": "no", "maxspeed": "20 mph", "source_id": "osm/way/4256546", "source": "OpenStreetMap", "licence": "ODbL 1.0"}, "geometry": {"type": "LineString", "coordinates": [[-0.126607, 51.5062427], [-0.1265428, 51.5061598], [-0.1265116, 51.5061185]]}}, {"type": "Feature", "properties": {"highway": "residential", "name": "Scotland Place", "lanes": 2, "surface": "asphalt", "oneway": "no", "maxspeed": "20 mph", "source_id": "osm/way/4256796", "source": "OpenStreetMap", "licence": "ODbL 1.0"}, "geometry": {"type": "LineString", "coordinates": [[-0.1257722, 51.506306], [-0.1257662, 51.5062962], [-0.1255931, 51.5060128], [-0.1255876, 51.5060043], [-0.1255486, 51.505944]]}}, {"type": "Feature", "properties": {"highway": "residential", "name": "Whitehall Place", "lanes": 2, "surface": "asphalt", "oneway": "no", "maxspeed": "20 mph", "source_id": "osm/way/4256797", "source": "OpenStreetMap", "licence": "ODbL 1.0"}, "geometry": {"type": "LineString", "coordinates": [[-0.1267073, 51.5056213], [-0.1266372, 51.5056415], [-0.1265849, 51.505656], [-0.1258807, 51.5058521]]}}, {"type": "Feature", "properties": {"highway": "footway", "name": "", "lanes": 2, "surface": "asphalt", "oneway": "no", "maxspeed": "", "source_id": "osm/way/4256952", "source": "OpenStreetMap", "licence": "ODbL 1.0"}, "geometry": {"type": "LineString", "coordinates": [[-0.1243609, 51.5032182], [-0.1239622, 51.5031861], [-0.1238103, 51.5031807], [-0.1238158, 51.5031584]]}}, {"type": "Feature", "properties": {"highway": "residential", "name": "Derby Gate", "lanes": 2, "surface": "asphalt", "oneway": "no", "maxspeed": "20 mph", "source_id": "osm/way/4256954", "source": "OpenStreetMap", "licence": "ODbL 1.0"}, "geometry": {"type": "LineString", "coordinates": [[-0.1262041, 51.5020226], [-0.1260186, 51.5020133]]}}, {"type": "Feature", "properties": {"highway": "service", "name": "Canon Row", "lanes": 2, "surface": "paving_stones", "oneway": "no", "maxspeed": "", "source_id": "osm/way/4259628", "source": "OpenStreetMap", "licence": "ODbL 1.0"}, "geometry": {"type": "LineString", "coordinates": [[-0.1254885, 51.5009842], [-0.125484, 51.5010784], [-0.1254776, 51.5011956]]}}, {"type": "Feature", "properties": {"highway": "service", "name": "", "lanes": 2, "surface": "asphalt", "oneway": "yes", "maxspeed": "", "source_id": "osm/way/4259629", "source": "OpenStreetMap", "licence": "ODbL 1.0"}, "geometry": {"type": "LineString", "coordinates": [[-0.1257794, 51.5006337], [-0.1257611, 51.5006502], [-0.1257415, 51.500662], [-0.1257233, 51.500672], [-0.1257054, 51.5006809], [-0.1256856, 51.5006878], [-0.1256663, 51.5006926], [-0.1256459, 51.5006961], [-0.1256258, 51.5006983], [-0.1256064, 51.5006988], [-0.1254721, 51.5006947], [-0.1254511, 51.5006956], [-0.1254328, 51.5006976], [-0.1254169, 51.5007013], [-0.1254022, 51.5007058], [-0.1253877, 51.5007119], [-0.1253724, 51.5007182], [-0.1253584, 51.500723], [-0.1253443, 51.5007254], [-0.1253308, 51.500726], [-0.1250097, 51.5007162], [-0.124987, 51.5007139], [-0.1249624, 51.5007087], [-0.1249392, 51.5007012], [-0.1249181, 51.5006915], [-0.1248978, 51.5006795], [-0.1248809, 51.5006657], [-0.1248679, 51.5006523], [-0.1248619, 51.5006408], [-0.1248579, 51.5006309], [-0.124856, 51.5006176], [-0.1248564, 51.5006016], [-0.1248694, 51.5005284], [-0.1248858, 51.5004361], [-0.1248914, 51.5004047], [-0.1248974, 51.5003883], [-0.1249118, 51.5003706], [-0.12493, 51.5003563], [-0.1249462, 51.5003468], [-0.124966, 51.5003375], [-0.124985, 51.50033], [-0.1250144, 51.5003209], [-0.1250393, 51.5003148], [-0.1250746, 51.5003102], [-0.1251114, 51.5003091], [-0.1251435, 51.5003111], [-0.1253396, 51.5003363], [-0.125611, 51.5003713], [-0.1256441, 51.500377], [-0.1256826, 51.5003875], [-0.1257139, 51.5003996], [-0.1257397, 51.5004159], [-0.1257664, 51.5004384], [-0.1257841, 51.5004607], [-0.1257975, 51.5004801], [-0.1258053, 51.5005007], [-0.1258077, 51.5005171], [-0.1258087, 51.5005232], [-0.1258084, 51.5005458], [-0.1258054, 51.5005706], [-0.1258, 51.5005966], [-0.1257966, 51.5006051], [-0.1257926, 51.500615], [-0.1257794, 51.5006337]]}}, {"type": "Feature", "properties": {"highway": "service", "name": "", "lanes": 2, "surface": "asphalt", "oneway": "yes", "maxspeed": "", "source_id": "osm/way/4259630", "source": "OpenStreetMap", "licence": "ODbL 1.0"}, "geometry": {"type": "LineString", "coordinates": [[-0.1259293, 51.5006094], [-0.1257966, 51.5006051]]}}, {"type": "Feature", "properties": {"highway": "primary", "name": "St. Margaret Street", "lanes": 1, "surface": "asphalt", "oneway": "yes", "maxspeed": "20 mph", "source_id": "osm/way/4259681", "source": "OpenStreetMap", "licence": "ODbL 1.0"}, "geometry": {"type": "LineString", "coordinates": [[-0.1262243, 51.4996736], [-0.1262363, 51.4997999]]}}, {"type": "Feature", "properties": {"highway": "corridor", "name": "", "lanes": 2, "surface": "paved", "oneway": "no", "maxspeed": "", "source_id": "osm/way/4336996", "source": "OpenStreetMap", "licence": "ODbL 1.0"}, "geometry": {"type": "LineString", "coordinates": [[-0.1224803, 51.5073119], [-0.1223527, 51.5072688], [-0.122138, 51.5071994]]}}, {"type": "Feature", "properties": {"highway": "footway", "name": "", "lanes": 2, "surface": "asphalt", "oneway": "no", "maxspeed": "", "source_id": "osm/way/4336997", "source": "OpenStreetMap", "licence": "ODbL 1.0"}, "geometry": {"type": "LineString", "coordinates": [[-0.1227183, 51.5077419], [-0.1226308, 51.5076931], [-0.1225404, 51.5076523], [-0.1224448, 51.5076359], [-0.1223261, 51.5076379], [-0.1221311, 51.5077473], [-0.1220737, 51.5077817], [-0.1220515, 51.5077992], [-0.1220209, 51.5078232], [-0.1219696, 51.5078757], [-0.1219187, 51.5079389], [-0.1218723, 51.5080047], [-0.1216794, 51.508309], [-0.1217037, 51.5083924]]}}, {"type": "Feature", "properties": {"highway": "service", "name": "", "lanes": 2, "surface": "asphalt", "oneway": "yes", "maxspeed": "", "source_id": "osm/way/4796333", "source": "OpenStreetMap", "licence": "ODbL 1.0"}, "geometry": {"type": "LineString", "coordinates": [[-0.1258077, 51.5005171], [-0.1259364, 51.5005203]]}}, {"type": "Feature", "properties": {"highway": "footway", "name": "", "lanes": 2, "surface": "compacted", "oneway": "no", "maxspeed": "", "source_id": "osm/way/23336602", "source": "OpenStreetMap", "licence": "ODbL 1.0"}, "geometry": {"type": "LineString", "coordinates": [[-0.1290773, 51.5045401], [-0.1274432, 51.5047502], [-0.1273921, 51.5047567]]}}, {"type": "Feature", "properties": {"highway": "primary", "name": "Whitehall", "lanes": 2, "surface": "asphalt", "oneway": "yes", "maxspeed": "20 mph", "source_id": "osm/way/23715300", "source": "OpenStreetMap", "licence": "ODbL 1.0"}, "geometry": {"type": "LineString", "coordinates": [[-0.1264924, 51.5047288], [-0.1265326, 51.504866], [-0.1265758, 51.5049735]]}}, {"type": "Feature", "properties": {"highway": "primary", "name": "Whitehall", "lanes": 2, "surface": "asphalt", "oneway": "yes", "maxspeed": "20 mph", "source_id": "osm/way/23715304", "source": "OpenStreetMap", "licence": "ODbL 1.0"}, "geometry": {"type": "LineString", "coordinates": [[-0.1273961, 51.5068505], [-0.1274449, 51.5069268], [-0.1275247, 51.5070058], [-0.1275615, 51.5070425], [-0.127609, 51.507094], [-0.1276556, 51.5071218], [-0.1277374, 51.507163]]}}, {"type": "Feature", "properties": {"highway": "primary", "name": "Whitehall", "lanes": 2, "surface": "asphalt", "oneway": "yes", "maxspeed": "20 mph", "source_id": "osm/way/23715305", "source": "OpenStreetMap", "licence": "ODbL 1.0"}, "geometry": {"type": "LineString", "coordinates": [[-0.127413, 51.5072539], [-0.1274338, 51.5072089], [-0.1274392, 51.5071681], [-0.1274381, 51.5071318], [-0.1273961, 51.5068505]]}}, {"type": "Feature", "properties": {"highway": "primary", "name": "Trafalgar Square", "lanes": 2, "surface": "asphalt", "oneway": "yes", "maxspeed": "20 mph", "source_id": "osm/way/23715312", "source": "OpenStreetMap", "licence": "ODbL 1.0"}, "geometry": {"type": "LineString", "coordinates": [[-0.1277102, 51.5075703], [-0.1274781, 51.507649], [-0.1273954, 51.5076753], [-0.1272457, 51.5077347]]}}, {"type": "Feature", "properties": {"highway": "primary", "name": "Strand", "lanes": 1, "surface": "asphalt", "oneway": "yes", "maxspeed": "20 mph", "source_id": "osm/way/23715315", "source": "OpenStreetMap", "licence": "ODbL 1.0"}, "geometry": {"type": "LineString", "coordinates": [[-0.1272457, 51.5077347], [-0.1271063, 51.5077657], [-0.1270122, 51.5078037]]}}, {"type": "Feature", "properties": {"highway": "steps", "name": "", "lanes": 2, "surface": "paving_stones", "oneway": "no", "maxspeed": "", "source_id": "osm/way/30656496", "source": "OpenStreetMap", "licence": "ODbL 1.0"}, "geometry": {"type": "LineString", "coordinates": [[-0.1237172, 51.5019808], [-0.12364, 51.5019737]]}}, {"type": "Feature", "properties": {"highway": "footway", "name": "", "lanes": 2, "surface": "paving_stones", "oneway": "no", "maxspeed": "", "source_id": "osm/way/30656498", "source": "OpenStreetMap", "licence": "ODbL 1.0"}, "geometry": {"type": "LineString", "coordinates": [[-0.1236807, 51.501008], [-0.1236307, 51.5010515]]}}, {"type": "Feature", "properties": {"highway": "service", "name": "Richmond Terrace", "lanes": 2, "surface": "asphalt", "oneway": "no", "maxspeed": "20 mph", "source_id": "osm/way/31117149", "source": "OpenStreetMap", "licence": "ODbL 1.0"}, "geometry": {"type": "LineString", "coordinates": [[-0.1236786, 51.5031246], [-0.1238206, 51.5031292], [-0.1240004, 51.5031367], [-0.1241506, 51.5031426], [-0.1242583, 51.5031465], [-0.1243402, 51.5031019], [-0.1254105, 51.5031379], [-0.125577, 51.5031453], [-0.1257933, 51.5031549]]}}, {"type": "Feature", "properties": {"highway": "footway", "name": "", "lanes": 2, "surface": "asphalt", "oneway": "no", "maxspeed": "", "source_id": "osm/way/31117632", "source": "OpenStreetMap", "licence": "ODbL 1.0"}, "geometry": {"type": "LineString", "coordinates": [[-0.1236807, 51.501008], [-0.1237318, 51.5010194], [-0.1237842, 51.5010406], [-0.1238521, 51.5010747]]}}, {"type": "Feature", "properties": {"highway": "pedestrian", "name": "Villiers Street", "lanes": 2, "surface": "brick", "oneway": "yes", "maxspeed": "", "source_id": "osm/way/31120027", "source": "OpenStreetMap", "licence": "ODbL 1.0"}, "geometry": {"type": "LineString", "coordinates": [[-0.1228041, 51.5075162], [-0.1228426, 51.5075376], [-0.1231405, 51.5076869], [-0.1231467, 51.5076897], [-0.1231765, 51.5077066], [-0.1232292, 51.5077365], [-0.1233542, 51.5078075], [-0.1238814, 51.5081169], [-0.1239403, 51.5081516], [-0.1239991, 51.5081854], [-0.1242788, 51.5083342], [-0.1243566, 51.5083794]]}}, {"type": "Feature", "properties": {"highway": "service", "name": "Canon Row", "lanes": 2, "surface": "asphalt", "oneway": "no", "maxspeed": "", "source_id": "osm/way/31130153", "source": "OpenStreetMap", "licence": "ODbL 1.0"}, "geometry": {"type": "LineString", "coordinates": [[-0.1254487, 51.5018356], [-0.1254322, 51.5019887]]}}, {"type": "Feature", "properties": {"highway": "service", "name": "Canon Row", "lanes": 2, "surface": "asphalt", "oneway": "no", "maxspeed": "", "source_id": "osm/way/31130156", "source": "OpenStreetMap", "licence": "ODbL 1.0"}, "geometry": {"type": "LineString", "coordinates": [[-0.1254776, 51.5011956], [-0.12546, 51.5015941]]}}, {"type": "Feature", "properties": {"highway": "service", "name": "", "lanes": 2, "surface": "sett", "oneway": "no", "maxspeed": "", "source_id": "osm/way/31142668", "source": "OpenStreetMap", "licence": "ODbL 1.0"}, "geometry": {"type": "LineString", "coordinates": [[-0.1267011, 51.5048445], [-0.1266313, 51.5048528], [-0.1265326, 51.504866]]}}, {"type": "Feature", "properties": {"highway": "pedestrian", "name": "", "lanes": 2, "surface": "asphalt", "oneway": "no", "maxspeed": "", "source_id": "osm/way/31142983", "source": "OpenStreetMap", "licence": "ODbL 1.0"}, "geometry": {"type": "LineString", "coordinates": [[-0.1254194, 51.5061044], [-0.1256552, 51.5060439]]}}, {"type": "Feature", "properties": {"highway": "path", "name": "", "lanes": 2, "surface": "asphalt", "oneway": "no", "maxspeed": "", "source_id": "osm/way/31143029", "source": "OpenStreetMap", "licence": "ODbL 1.0"}, "geometry": {"type": "LineString", "coordinates": [[-0.1244967, 51.5015629], [-0.1244896, 51.5016321]]}}, {"type": "Feature", "properties": {"highway": "path", "name": "", "lanes": 2, "surface": "asphalt", "oneway": "no", "maxspeed": "", "source_id": "osm/way/31143046", "source": "OpenStreetMap", "licence": "ODbL 1.0"}, "geometry": {"type": "LineString", "coordinates": [[-0.1248362, 51.5019035], [-0.1248218, 51.502019]]}}, {"type": "Feature", "properties": {"highway": "primary", "name": "Parliament Square", "lanes": 2, "surface": "asphalt", "oneway": "yes", "maxspeed": "20 mph", "source_id": "osm/way/34428361", "source": "OpenStreetMap", "licence": "ODbL 1.0"}, "geometry": {"type": "LineString", "coordinates": [[-0.1261727, 51.5004496], [-0.1262537, 51.5002978], [-0.1262911, 51.5002619], [-0.1263481, 51.5002315], [-0.1264199, 51.5002119]]}}, {"type": "Feature", "properties": {"highway": "pedestrian", "name": "Craven Street", "lanes": 2, "surface": "paving_stones", "oneway": "no", "maxspeed": "", "source_id": "osm/way/38325244", "source": "OpenStreetMap", "licence": "ODbL 1.0"}, "geometry": {"type": "LineString", "coordinates": [[-0.1261563, 51.5081668], [-0.1261116, 51.5081399], [-0.126056, 51.5081055], [-0.1255963, 51.5078591], [-0.1255855, 51.5078535], [-0.1255423, 51.5078316]]}}, {"type": "Feature", "properties": {"highway": "service", "name": "", "lanes": 2, "surface": "asphalt", "oneway": "yes", "maxspeed": "", "source_id": "osm/way/38325246", "source": "OpenStreetMap", "licence": "ODbL 1.0"}, "geometry": {"type": "LineString", "coordinates": [[-0.1255423, 51.5078316], [-0.1255376, 51.5078693], [-0.1255307, 51.5078746], [-0.125438, 51.5079496], [-0.1253819, 51.5079795], [-0.1253383, 51.5079829], [-0.1253193, 51.5079814]]}}, {"type": "Feature", "properties": {"highway": "service", "name": "", "lanes": 2, "surface": "asphalt", "oneway": "yes", "maxspeed": "", "source_id": "osm/way/38325256", "source": "OpenStreetMap", "licence": "ODbL 1.0"}, "geometry": {"type": "LineString", "coordinates": [[-0.1238718, 51.5071793], [-0.1240054, 51.5070782], [-0.1240463, 51.5070494]]}}, {"type": "Feature", "properties": {"highway": "service", "name": "", "lanes": 2, "surface": "asphalt", "oneway": "no", "maxspeed": "", "source_id": "osm/way/38325327", "source": "OpenStreetMap", "licence": "ODbL 1.0"}, "geometry": {"type": "LineString", "coordinates": [[-0.1269774, 51.5058947], [-0.1270664, 51.5058827], [-0.1270888, 51.5058797]]}}, {"type": "Feature", "properties": {"highway": "primary", "name": "Whitehall", "lanes": 4, "surface": "asphalt", "oneway": "no", "maxspeed": "20 mph", "source_id": "osm/way/39093506", "source": "OpenStreetMap", "licence": "ODbL 1.0"}, "geometry": {"type": "LineString", "coordinates": [[-0.1273961, 51.5068505], [-0.1273698, 51.5067902], [-0.1273065, 51.5066452], [-0.1272307, 51.506483], [-0.127109, 51.5062712]]}}, {"type": "Feature", "properties": {"highway": "primary", "name": "King Charles I Island", "lanes": 3, "surface": "asphalt", "oneway": "yes", "maxspeed": "20 mph", "source_id": "osm/way/43118733", "source": "OpenStreetMap", "licence": "ODbL 1.0"}, "geometry": {"type": "LineString", "coordinates": [[-0.1277102, 51.5075703], [-0.1276298, 51.5075765], [-0.1275562, 51.5075756], [-0.1274965, 51.5075694], [-0.1274518, 51.5075557], [-0.1274053, 51.5075397], [-0.1273552, 51.5075151], [-0.1273223, 51.5074971], [-0.1272986, 51.5074791], [-0.1272837, 51.5074625]]}}, {"type": "Feature", "properties": {"highway": "primary", "name": "Charing Cross", "lanes": 3, "surface": "asphalt", "oneway": "yes", "maxspeed": "20 mph", "source_id": "osm/way/43118734", "source": "OpenStreetMap", "licence": "ODbL 1.0"}, "geometry": {"type": "LineString", "coordinates": [[-0.1272837, 51.5074625], [-0.1272802, 51.5074545]]}}, {"type": "Feature", "properties": {"highway": "primary", "name": "King Charles I Island", "lanes": 3, "surface": "asphalt", "oneway": "yes", "maxspeed": "20 mph", "source_id": "osm/way/43118737", "source": "OpenStreetMap", "licence": "ODbL 1.0"}, "geometry": {"type": "LineString", "coordinates": [[-0.127413, 51.5072539], [-0.1274629, 51.5072351], [-0.1275108, 51.5072192], [-0.12757, 51.5071998], [-0.1276743, 51.5071742], [-0.1277374, 51.507163]]}}, {"type": "Feature", "properties": {"highway": "primary", "name": "Strand", "lanes": 3, "surface": "asphalt", "oneway": "yes", "maxspeed": "20 mph", "source_id": "osm/way/43154948", "source": "OpenStreetMap", "licence": "ODbL 1.0"}, "geometry": {"type": "LineString", "coordinates": [[-0.1270541, 51.5076831], [-0.1271157, 51.507617], [-0.1271581, 51.5075715]]}}, {"type": "Feature", "properties": {"highway": "primary", "name": "Parliament Street", "lanes": 1, "surface": "asphalt", "oneway": "yes", "maxspeed": "20 mph", "source_id": "osm/way/43157300", "source": "OpenStreetMap", "licence": "ODbL 1.0"}, "geometry": {"type": "LineString", "coordinates": [[-0.1263498, 51.5011315], [-0.1263271, 51.5012413], [-0.1263201, 51.5012836]]}}, {"type": "Feature", "properties": {"highway": "primary", "name": "Whitehall", "lanes": 2, "surface": "asphalt", "oneway": "yes", "maxspeed": "20 mph", "source_id": "osm/way/43157301", "source": "OpenStreetMap", "licence": "ODbL 1.0"}, "geometry": {"type": "LineString", "coordinates": [[-0.1263571, 51.5048554], [-0.1263057, 51.5047291], [-0.1262929, 51.5046977]]}}, {"type": "Feature", "properties": {"highway": "primary", "name": "King Charles I Island", "lanes": 3, "surface": "asphalt", "oneway": "yes", "maxspeed": "20 mph", "source_id": "osm/way/43365536", "source": "OpenStreetMap", "licence": "ODbL 1.0"}, "geometry": {"type": "LineString", "coordinates": [[-0.1273415, 51.507302], [-0.127413, 51.5072539]]}}, {"type": "Feature", "properties": {"highway": "footway", "name": "", "lanes": 2, "surface": "paved", "oneway": "no", "maxspeed": "", "source_id": "osm/way/44583436", "source": "OpenStreetMap", "licence": "ODbL 1.0"}, "geometry": {"type": "LineString", "coordinates": [[-0.1221876, 51.5070486], [-0.1222049, 51.50703], [-0.122358, 51.5070965], [-0.1226092, 51.507219]]}}, {"type": "Feature", "properties": {"highway": "primary", "name": "Westminster Bridge", "lanes": 2, "surface": "asphalt", "oneway": "no", "maxspeed": "20 mph", "source_id": "osm/way/45114497", "source": "OpenStreetMap", "licence": "ODbL 1.0"}, "geometry": {"type": "LineString", "coordinates": [[-0.124005, 51.500936], [-0.1239538, 51.5009331]]}}, {"type": "Feature", "properties": {"highway": "primary", "name": "Victoria Embankment", "lanes": 2, "surface": "asphalt", "oneway": "no", "maxspeed": "20 mph", "source_id": "osm/way/45114498", "source": "OpenStreetMap", "licence": "ODbL 1.0"}, "geometry": {"type": "LineString", "coordinates": [[-0.1232249, 51.5046552], [-0.1232604, 51.5045512], [-0.1232811, 51.5044862], [-0.1233446, 51.5042734], [-0.1236786, 51.5031246], [-0.1238568, 51.502491], [-0.1239635, 51.5020799], [-0.123984, 51.5020054], [-0.1239954, 51.5019534], [-0.1240508, 51.5016922], [-0.1240619, 51.5015951], [-0.124064, 51.5014954]]}}, {"type": "Feature", "properties": {"highway": "footway", "name": "", "lanes": 2, "surface": "paving_stones", "oneway": "no", "maxspeed": "", "source_id": "osm/way/45176444", "source": "OpenStreetMap", "licence": "ODbL 1.0"}, "geometry": {"type": "LineString", "coordinates": [[-0.1238814, 51.5079734], [-0.1239035, 51.5079578], [-0.1239224, 51.5079444], [-0.123942, 51.5079305]]}}, {"type": "Feature", "properties": {"highway": "footway", "name": "", "lanes": 2, "surface": "paved", "oneway": "no", "maxspeed": "", "source_id": "osm/way/45176449", "source": "OpenStreetMap", "licence": "ODbL 1.0"}, "geometry": {"type": "LineString", "coordinates": [[-0.1243486, 51.5078759], [-0.1243622, 51.5078828], [-0.1242861, 51.5079679], [-0.1242084, 51.5079696], [-0.1241896, 51.5079598]]}}, {"type": "Feature", "properties": {"highway": "footway", "name": "", "lanes": 2, "surface": "asphalt", "oneway": "no", "maxspeed": "", "source_id": "osm/way/46115102", "source": "OpenStreetMap", "licence": "ODbL 1.0"}, "geometry": {"type": "LineString", "coordinates": [[-0.12374, 51.5011521], [-0.1238205, 51.5011533], [-0.1243301, 51.5011613]]}}, {"type": "Feature", "properties": {"highway": "primary", "name": "Parliament Square", "lanes": 3, "surface": "asphalt", "oneway": "yes", "maxspeed": "20 mph", "source_id": "osm/way/48046841", "source": "OpenStreetMap", "licence": "ODbL 1.0"}, "geometry": {"type": "LineString", "coordinates": [[-0.1274871, 51.500877], [-0.1274586, 51.5009283], [-0.1274314, 51.500957], [-0.1273873, 51.5009846]]}}, {"type": "Feature", "properties": {"highway": "tertiary", "name": "Great George Street", "lanes": 2, "surface": "asphalt", "oneway": "yes", "maxspeed": "20 mph", "source_id": "osm/way/48046842", "source": "OpenStreetMap", "licence": "ODbL 1.0"}, "geometry": {"type": "LineString", "coordinates": [[-0.1277518, 51.501134], [-0.1276468, 51.5011363], [-0.12754, 51.5011276], [-0.1274973, 51.5011219], [-0.1274547, 51.5011162], [-0.1273097, 51.5010988]]}}, {"type": "Feature", "properties": {"highway": "primary", "name": "Great George Street", "lanes": 4, "surface": "asphalt", "oneway": "yes", "maxspeed": "20 mph", "source_id": "osm/way/48046843", "source": "OpenStreetMap", "licence": "ODbL 1.0"}, "geometry": {"type": "LineString", "coordinates": [[-0.1271182, 51.5010584], [-0.1267615, 51.5010374]]}}, {"type": "Feature", "properties": {"highway": "tertiary", "name": "Parliament Square", "lanes": 2, "surface": "asphalt", "oneway": "yes", "maxspeed": "20 mph", "source_id": "osm/way/48462123", "source": "OpenStreetMap", "licence": "ODbL 1.0"}, "geometry": {"type": "LineString", "coordinates": [[-0.1274941, 51.500837], [-0.1275171, 51.5009431], [-0.1275269, 51.5010089], [-0.1275544, 51.5010523], [-0.1276017, 51.5010941], [-0.1276577, 51.5011168], [-0.1277518, 51.501134]]}}, {"type": "Feature", "properties": {"highway": "service", "name": "Treasury Green", "lanes": 2, "surface": "asphalt", "oneway": "no", "maxspeed": "", "source_id": "osm/way/58880129", "source": "OpenStreetMap", "licence": "ODbL 1.0"}, "geometry": {"type": "LineString", "coordinates": [[-0.1271758, 51.5032126], [-0.127178, 51.503246], [-0.1271909, 51.5034379], [-0.1271838, 51.5034691], [-0.127157, 51.5034958], [-0.1271168, 51.5035192], [-0.1270631, 51.5035359], [-0.1269618, 51.5035593], [-0.1269276, 51.5035594], [-0.1267993, 51.5035581]]}}, {"type": "Feature", "properties": {"highway": "primary", "name": "Great George Street", "lanes": 1, "surface": "asphalt", "oneway": "yes", "maxspeed": "20 mph", "source_id": "osm/way/59683577", "source": "OpenStreetMap", "licence": "ODbL 1.0"}, "geometry": {"type": "LineString", "coordinates": [[-0.1267615, 51.5010374], [-0.1266694, 51.5010605], [-0.12653, 51.5010697], [-0.1264432, 51.5010853], [-0.1263978, 51.5011002], [-0.1263498, 51.5011315]]}}, {"type": "Feature", "properties": {"highway": "footway", "name": "Craven Passage", "lanes": 2, "surface": "asphalt", "oneway": "no", "maxspeed": "", "source_id": "osm/way/71408534", "source": "OpenStreetMap", "licence": "ODbL 1.0"}, "geometry": {"type": "LineString", "coordinates": [[-0.1246201, 51.5076474], [-0.12483, 51.5075071], [-0.1248454, 51.5075002], [-0.1248718, 51.5074882], [-0.1249042, 51.5074732], [-0.1249167, 51.5074668], [-0.1249447, 51.5074457], [-0.1252183, 51.5072625], [-0.1252754, 51.507247], [-0.1253321, 51.5072389], [-0.1253633, 51.5072345]]}}, {"type": "Feature", "properties": {"highway": "footway", "name": "", "lanes": 2, "surface": "paving_stones", "oneway": "no", "maxspeed": "", "source_id": "osm/way/73812514", "source": "OpenStreetMap", "licence": "ODbL 1.0"}, "geometry": {"type": "LineString", "coordinates": [[-0.1228033, 51.5075689], [-0.1228426, 51.5075376]]}}, {"type": "Feature", "properties": {"highway": "footway", "name": "", "lanes": 2, "surface": "paving_stones", "oneway": "no", "maxspeed": "", "source_id": "osm/way/73812515", "source": "OpenStreetMap", "licence": "ODbL 1.0"}, "geometry": {"type": "LineString", "coordinates": [[-0.1223261, 51.5076379], [-0.1225496, 51.5074585]]}}, {"type": "Feature", "properties": {"highway": "footway", "name": "Whitehall Place", "lanes": 2, "surface": "asphalt", "oneway": "no", "maxspeed": "", "source_id": "osm/way/73812516", "source": "OpenStreetMap", "licence": "ODbL 1.0"}, "geometry": {"type": "LineString", "coordinates": [[-0.1235857, 51.5063885], [-0.123472, 51.5064575], [-0.1234274, 51.5064845]]}}, {"type": "Feature", "properties": {"highway": "steps", "name": "", "lanes": 2, "surface": "paving_stones", "oneway": "no", "maxspeed": "", "source_id": "osm/way/73812517", "source": "OpenStreetMap", "licence": "ODbL 1.0"}, "geometry": {"type": "LineString", "coordinates": [[-0.1226308, 51.5076931], [-0.122728, 51.5076231]]}}, {"type": "Feature", "properties": {"highway": "footway", "name": "", "lanes": 2, "surface": "paving_stones", "oneway": "no", "maxspeed": "", "source_id": "osm/way/83226279", "source": "OpenStreetMap", "licence": "ODbL 1.0"}, "geometry": {"type": "LineString", "coordinates": [[-0.1225496, 51.5074585], [-0.1225824, 51.5074127], [-0.1226704, 51.5073738]]}}, {"type": "Feature", "properties": {"highway": "primary", "name": "Parliament Square", "lanes": 2, "surface": "asphalt", "oneway": "yes", "maxspeed": "20 mph", "source_id": "osm/way/85958681", "source": "OpenStreetMap", "licence": "ODbL 1.0"}, "geometry": {"type": "LineString", "coordinates": [[-0.1271369, 51.5002333], [-0.1272689, 51.500253], [-0.1273662, 51.500281]]}}, {"type": "Feature", "properties": {"highway": "residential", "name": "Whitehall Gardens", "lanes": 2, "surface": "asphalt", "oneway": "no", "maxspeed": "20 mph", "source_id": "osm/way/88334956", "source": "OpenStreetMap", "licence": "ODbL 1.0"}, "geometry": {"type": "LineString", "coordinates": [[-0.1258389, 51.5048968], [-0.1258155, 51.504844], [-0.1258112, 51.5048285], [-0.1258108, 51.5048269], [-0.1258082, 51.504818], [-0.1257946, 51.5047789], [-0.1257852, 51.5047549], [-0.1256524, 51.5044153], [-0.1256002, 51.5043836], [-0.1255699, 51.5043559], [-0.1255425, 51.5043121], [-0.125537, 51.504279], [-0.1255499, 51.5042458], [-0.1255603, 51.5042323], [-0.1255737, 51.5042149], [-0.1255744, 51.5040727]]}}, {"type": "Feature", "properties": {"highway": "cycleway", "name": "Northumberland Avenue", "lanes": 2, "surface": "asphalt", "oneway": "yes", "maxspeed": "", "source_id": "osm/way/98477121", "source": "OpenStreetMap", "licence": "ODbL 1.0"}, "geometry": {"type": "LineString", "coordinates": [[-0.1223553, 51.5064405], [-0.1224183, 51.506463]]}}, {"type": "Feature", "properties": {"highway": "primary", "name": "Northumberland Avenue", "lanes": 2, "surface": "asphalt", "oneway": "yes", "maxspeed": "20 mph", "source_id": "osm/way/98477127", "source": "OpenStreetMap", "licence": "ODbL 1.0"}, "geometry": {"type": "LineString", "coordinates": [[-0.1224183, 51.506463], [-0.1225373, 51.5064893], [-0.1226237, 51.5065084], [-0.1227259, 51.5065213]]}}, {"type": "Feature", "properties": {"highway": "primary_link", "name": "Northumberland Avenue", "lanes": 1, "surface": "asphalt", "oneway": "yes", "maxspeed": "20 mph", "source_id": "osm/way/98477128", "source": "OpenStreetMap", "licence": "ODbL 1.0"}, "geometry": {"type": "LineString", "coordinates": [[-0.1225878, 51.5062651], [-0.1226174, 51.5063233], [-0.1226273, 51.5063808], [-0.1226475, 51.506425]]}}, {"type": "Feature", "properties": {"highway": "steps", "name": "", "lanes": 2, "surface": "asphalt", "oneway": "no", "maxspeed": "", "source_id": "osm/way/104080999", "source": "OpenStreetMap", "licence": "ODbL 1.0"}, "geometry": {"type": "LineString", "coordinates": [[-0.1255938, 51.507869], [-0.1255257, 51.507918]]}}, {"type": "Feature", "properties": {"highway": "footway", "name": "", "lanes": 2, "surface": "paved", "oneway": "no", "maxspeed": "", "source_id": "osm/way/111790823", "source": "OpenStreetMap", "licence": "ODbL 1.0"}, "geometry": {"type": "LineString", "coordinates": [[-0.1242861, 51.5079679], [-0.1243094, 51.5079812], [-0.1243564, 51.5080043], [-0.1246974, 51.5081054], [-0.1248491, 51.50819]]}}, {"type": "Feature", "properties": {"highway": "footway", "name": "", "lanes": 2, "surface": "paved", "oneway": "no", "maxspeed": "", "source_id": "osm/way/111962263", "source": "OpenStreetMap", "licence": "ODbL 1.0"}, "geometry": {"type": "LineString", "coordinates": [[-0.1232556, 51.5076929], [-0.1239368, 51.5080693], [-0.1240715, 51.5080514], [-0.1241353, 51.5080501], [-0.1241686, 51.508067]]}}, {"type": "Feature", "properties": {"highway": "primary", "name": "Northumberland Avenue", "lanes": 2, "surface": "asphalt", "oneway": "yes", "maxspeed": "20 mph", "source_id": "osm/way/111971057", "source": "OpenStreetMap", "licence": "ODbL 1.0"}, "geometry": {"type": "LineString", "coordinates": [[-0.1272802, 51.5074545], [-0.1271613, 51.5074422], [-0.1270411, 51.5074002]]}}, {"type": "Feature", "properties": {"highway": "footway", "name": "", "lanes": 2, "surface": "asphalt", "oneway": "no", "maxspeed": "", "source_id": "osm/way/111971058", "source": "OpenStreetMap", "licence": "ODbL 1.0"}, "geometry": {"type": "LineString", "coordinates": [[-0.1269556, 51.5079624], [-0.1270271, 51.5079499], [-0.1272766, 51.5079237]]}}, {"type": "Feature", "properties": {"highway": "steps", "name": "", "lanes": 2, "surface": "asphalt", "oneway": "no", "maxspeed": "", "source_id": "osm/way/111972509", "source": "OpenStreetMap", "licence": "ODbL 1.0"}, "geometry": {"type": "LineString", "coordinates": [[-0.1272766, 51.5079237], [-0.1272665, 51.5078915], [-0.1272662, 51.5078683]]}}, {"type": "Feature", "properties": {"highway": "footway", "name": "", "lanes": 2, "surface": "asphalt", "oneway": "no", "maxspeed": "", "source_id": "osm/way/111972510", "source": "OpenStreetMap", "licence": "ODbL 1.0"}, "geometry": {"type": "LineString", "coordinates": [[-0.1275655, 51.5074316], [-0.1272256, 51.507387], [-0.1271967, 51.507492], [-0.1271649, 51.5075146], [-0.127076, 51.5075625], [-0.125827, 51.5082604]]}}, {"type": "Feature", "properties": {"highway": "service", "name": "Commissioner's Yard", "lanes": 2, "surface": "asphalt", "oneway": "no", "maxspeed": "", "source_id": "osm/way/112172832", "source": "OpenStreetMap", "licence": "ODbL 1.0"}, "geometry": {"type": "LineString", "coordinates": [[-0.1239954, 51.5019534], [-0.124112, 51.5019636], [-0.1242626, 51.5019663], [-0.1247973, 51.5019758]]}}, {"type": "Feature", "properties": {"highway": "footway", "name": "", "lanes": 2, "surface": "asphalt", "oneway": "no", "maxspeed": "", "source_id": "osm/way/136105035", "source": "OpenStreetMap", "licence": "ODbL 1.0"}, "geometry": {"type": "LineString", "coordinates": [[-0.1243301, 51.5011613], [-0.1243356, 51.5010734], [-0.1243493, 51.5009151], [-0.1243526, 51.5008308], [-0.124354, 51.5008023]]}}, {"type": "Feature", "properties": {"highway": "footway", "name": "", "lanes": 2, "surface": "asphalt", "oneway": "no", "maxspeed": "", "source_id": "osm/way/136105044", "source": "OpenStreetMap", "licence": "ODbL 1.0"}, "geometry": {"type": "LineString", "coordinates": [[-0.1272713, 51.4997426], [-0.1272048, 51.500139], [-0.1271955, 51.5001573]]}}, {"type": "Feature", "properties": {"highway": "footway", "name": "", "lanes": 2, "surface": "paving_stones", "oneway": "no", "maxspeed": "", "source_id": "osm/way/136105048", "source": "OpenStreetMap", "licence": "ODbL 1.0"}, "geometry": {"type": "LineString", "coordinates": [[-0.1263106, 51.4996891], [-0.1263482, 51.4996872], [-0.1266485, 51.499696], [-0.1272713, 51.4997426], [-0.1278401, 51.4997694], [-0.128454, 51.4997878], [-0.1285992, 51.4997077], [-0.1287371, 51.4997111]]}}, {"type": "Feature", "properties": {"highway": "residential", "name": "Downing Street", "lanes": 2, "surface": "asphalt", "oneway": "no", "maxspeed": "20 mph", "source_id": "osm/way/139726517", "source": "OpenStreetMap", "licence": "ODbL 1.0"}, "geometry": {"type": "LineString", "coordinates": [[-0.1264272, 51.5031794], [-0.1262914, 51.5031792], [-0.1262641, 51.5031793], [-0.1262136, 51.5031783]]}}, {"type": "Feature", "properties": {"highway": "footway", "name": "Treasury Passage", "lanes": 2, "surface": "paved", "oneway": "no", "maxspeed": "", "source_id": "osm/way/139726536", "source": "OpenStreetMap", "licence": "ODbL 1.0"}, "geometry": {"type": "LineString", "coordinates": [[-0.1272241, 51.5036134], [-0.1271838, 51.5034691]]}}, {"type": "Feature", "properties": {"highway": "service", "name": "", "lanes": 2, "surface": "paved", "oneway": "no", "maxspeed": "", "source_id": "osm/way/139727706", "source": "OpenStreetMap", "licence": "ODbL 1.0"}, "geometry": {"type": "LineString", "coordinates": [[-0.1270594, 51.5047981], [-0.1267011, 51.5048445]]}}, {"type": "Feature", "properties": {"highway": "primary", "name": "Victoria Embankment", "lanes": 2, "surface": "asphalt", "oneway": "no", "maxspeed": "20 mph", "source_id": "osm/way/140340148", "source": "OpenStreetMap", "licence": "ODbL 1.0"}, "geometry": {"type": "LineString", "coordinates": [[-0.122112, 51.5069068], [-0.1223283, 51.5065997]]}}, {"type": "Feature", "properties": {"highway": "primary", "name": "Victoria Embankment", "lanes": 2, "surface": "asphalt", "oneway": "no", "maxspeed": "20 mph", "source_id": "osm/way/140340149", "source": "OpenStreetMap", "licence": "ODbL 1.0"}, "geometry": {"type": "LineString", "coordinates": [[-0.1223283, 51.5065997], [-0.1223466, 51.5065741], [-0.1223813, 51.5065237]]}}, {"type": "Feature", "properties": {"highway": "service", "name": "Embankment Place", "lanes": 2, "surface": "sett", "oneway": "no", "maxspeed": "", "source_id": "osm/way/140340864", "source": "OpenStreetMap", "licence": "ODbL 1.0"}, "geometry": {"type": "LineString", "coordinates": [[-0.1230748, 51.5068538], [-0.1231127, 51.5068076], [-0.1231359, 51.5067621], [-0.123151, 51.5067223], [-0.1231574, 51.5067056], [-0.1232006, 51.50662]]}}, {"type": "Feature", "properties": {"highway": "service", "name": "Embankment Place", "lanes": 2, "surface": "brick", "oneway": "no", "maxspeed": "", "source_id": "osm/way/140340865", "source": "OpenStreetMap", "licence": "ODbL 1.0"}, "geometry": {"type": "LineString", "coordinates": [[-0.1227014, 51.5072951], [-0.1230748, 51.5068538]]}}, {"type": "Feature", "properties": {"highway": "service", "name": "", "lanes": 2, "surface": "paving_stones", "oneway": "no", "maxspeed": "", "source_id": "osm/way/140469332", "source": "OpenStreetMap", "licence": "ODbL 1.0"}, "geometry": {"type": "LineString", "coordinates": [[-0.1268239, 51.5052222], [-0.127083, 51.5051858]]}}, {"type": "Feature", "properties": {"highway": "residential", "name": "Whitehall Court", "lanes": 2, "surface": "asphalt", "oneway": "no", "maxspeed": "20 mph", "source_id": "osm/way/145344750", "source": "OpenStreetMap", "licence": "ODbL 1.0"}, "geometry": {"type": "LineString", "coordinates": [[-0.1243271, 51.506257], [-0.1242934, 51.506201], [-0.1242942, 51.5061678], [-0.1244532, 51.5057737], [-0.1245387, 51.5055651], [-0.1247072, 51.505154]]}}, {"type": "Feature", "properties": {"highway": "residential", "name": "Whitehall Place", "lanes": 2, "surface": "asphalt", "oneway": "no", "maxspeed": "20 mph", "source_id": "osm/way/145344751", "source": "OpenStreetMap", "licence": "ODbL 1.0"}, "geometry": {"type": "LineString", "coordinates": [[-0.1236176, 51.5064451], [-0.1235166, 51.5064727], [-0.1234518, 51.5065156], [-0.1233986, 51.5066038], [-0.1233955, 51.5066106], [-0.1233891, 51.5066246], [-0.1233767, 51.506652]]}}, {"type": "Feature", "properties": {"highway": "residential", "name": "Whitehall Court", "lanes": 2, "surface": "asphalt", "oneway": "yes", "maxspeed": "20 mph", "source_id": "osm/way/145344753", "source": "OpenStreetMap", "licence": "ODbL 1.0"}, "geometry": {"type": "LineString", "coordinates": [[-0.1247072, 51.505154], [-0.1247409, 51.5050965], [-0.1247853, 51.5050207], [-0.1248356, 51.5049348]]}}, {"type": "Feature", "properties": {"highway": "footway", "name": "", "lanes": 2, "surface": "asphalt", "oneway": "no", "maxspeed": "", "source_id": "osm/way/145345174", "source": "OpenStreetMap", "licence": "ODbL 1.0"}, "geometry": {"type": "LineString", "coordinates": [[-0.1259854, 51.5011058], [-0.1264555, 51.5011111]]}}, {"type": "Feature", "properties": {"highway": "steps", "name": "", "lanes": 2, "surface": "asphalt", "oneway": "no", "maxspeed": "", "source_id": "osm/way/145345178", "source": "OpenStreetMap", "licence": "ODbL 1.0"}, "geometry": {"type": "LineString", "coordinates": [[-0.12497, 51.5011663], [-0.1251392, 51.5010934]]}}, {"type": "Feature", "properties": {"highway": "steps", "name": "", "lanes": 2, "surface": "paving_stones", "oneway": "no", "maxspeed": "", "source_id": "osm/way/145556582", "source": "OpenStreetMap", "licence": "ODbL 1.0"}, "geometry": {"type": "LineString", "coordinates": [[-0.1264555, 51.5011111], [-0.1264302, 51.5012427]]}}, {"type": "Feature", "properties": {"highway": "steps", "name": "", "lanes": 2, "surface": "paving_stones", "oneway": "no", "maxspeed": "", "source_id": "osm/way/145556584", "source": "OpenStreetMap", "licence": "ODbL 1.0"}, "geometry": {"type": "LineString", "coordinates": [[-0.1259854, 51.5011058], [-0.1259759, 51.5012268]]}}, {"type": "Feature", "properties": {"highway": "footway", "name": "", "lanes": 2, "surface": "asphalt", "oneway": "no", "maxspeed": "", "source_id": "osm/way/147018276", "source": "OpenStreetMap", "licence": "ODbL 1.0"}, "geometry": {"type": "LineString", "coordinates": [[-0.1231732, 51.505708], [-0.1229168, 51.506227]]}}, {"type": "Feature", "properties": {"highway": "footway", "name": "", "lanes": 2, "surface": "asphalt", "oneway": "no", "maxspeed": "", "source_id": "osm/way/147018282", "source": "OpenStreetMap", "licence": "ODbL 1.0"}, "geometry": {"type": "LineString", "coordinates": [[-0.123551, 51.505759], [-0.12328, 51.5063347]]}}, {"type": "Feature", "properties": {"highway": "footway", "name": "", "lanes": 2, "surface": "asphalt", "oneway": "no", "maxspeed": "", "source_id": "osm/way/147018283", "source": "OpenStreetMap", "licence": "ODbL 1.0"}, "geometry": {"type": "LineString", "coordinates": [[-0.1228884, 51.5063584], [-0.1227494, 51.5063701]]}}, {"type": "Feature", "properties": {"highway": "steps", "name": "Golden Jubilee Bridges", "lanes": 2, "surface": "paved", "oneway": "no", "maxspeed": "", "source_id": "osm/way/151744359", "source": "OpenStreetMap", "licence": "ODbL 1.0"}, "geometry": {"type": "LineString", "coordinates": [[-0.1228616, 51.5067215], [-0.1225736, 51.5066531]]}}, {"type": "Feature", "properties": {"highway": "footway", "name": "", "lanes": 2, "surface": "paving_stones", "oneway": "no", "maxspeed": "", "source_id": "osm/way/151749643", "source": "OpenStreetMap", "licence": "ODbL 1.0"}, "geometry": {"type": "LineString", "coordinates": [[-0.1224734, 51.5079368], [-0.1227592, 51.5079071], [-0.1228299, 51.5078777], [-0.1230334, 51.5078499], [-0.1231408, 51.5078363]]}}, {"type": "Feature", "properties": {"highway": "footway", "name": "", "lanes": 2, "surface": "paving_stones", "oneway": "no", "maxspeed": "", "source_id": "osm/way/151749645", "source": "OpenStreetMap", "licence": "ODbL 1.0"}, "geometry": {"type": "LineString", "coordinates": [[-0.1224395, 51.5079567], [-0.1224734, 51.5079368], [-0.1226513, 51.5078027], [-0.1227183, 51.5077419]]}}, {"type": "Feature", "properties": {"highway": "footway", "name": "", "lanes": 2, "surface": "paving_stones", "oneway": "no", "maxspeed": "", "source_id": "osm/way/151749651", "source": "OpenStreetMap", "licence": "ODbL 1.0"}, "geometry": {"type": "LineString", "coordinates": [[-0.1227183, 51.5077419], [-0.1227865, 51.5077972], [-0.1228299, 51.5078777], [-0.1228337, 51.5078882], [-0.1228494, 51.5079529]]}}, {"type": "Feature", "properties": {"highway": "footway", "name": "", "lanes": 2, "surface": "asphalt", "oneway": "no", "maxspeed": "", "source_id": "osm/way/151749654", "source": "OpenStreetMap", "licence": "ODbL 1.0"}, "geometry": {"type": "LineString", "coordinates": [[-0.1224602, 51.5079976], [-0.1224605, 51.5079827], [-0.1224533, 51.5079686], [-0.1224395, 51.5079567], [-0.1224199, 51.5079478], [-0.1223972, 51.5079434], [-0.1223733, 51.5079436], [-0.1223507, 51.5079484], [-0.1223371, 51.5079549], [-0.1223318, 51.5079574], [-0.1223181, 51.5079702], [-0.122312, 51.5079828], [-0.122312, 51.5079964], [-0.1223184, 51.5080094], [-0.1223308, 51.508021], [-0.1223474, 51.5080295], [-0.1223699, 51.5080351], [-0.1223941, 51.508036], [-0.1224175, 51.508032], [-0.1224376, 51.5080236], [-0.1224524, 51.5080116], [-0.1224561, 51.508005], [-0.1224602, 51.5079976]]}}, {"type": "Feature", "properties": {"highway": "footway", "name": "Victoria Embankment", "lanes": 2, "surface": "asphalt", "oneway": "no", "maxspeed": "", "source_id": "osm/way/151749656", "source": "OpenStreetMap", "licence": "ODbL 1.0"}, "geometry": {"type": "LineString", "coordinates": [[-0.1220311, 51.5071649], [-0.1219843, 51.5072202]]}}, {"type": "Feature", "properties": {"highway": "primary", "name": "St. Margaret Street", "lanes": 2, "surface": "asphalt", "oneway": "no", "maxspeed": "20 mph", "source_id": "osm/way/153342402", "source": "OpenStreetMap", "licence": "ODbL 1.0"}, "geometry": {"type": "LineString", "coordinates": [[-0.1261668, 51.4995341], [-0.1261435, 51.4994569], [-0.1261098, 51.4993648]]}}, {"type": "Feature", "properties": {"highway": "primary", "name": "St. Margaret Street", "lanes": 1, "surface": "asphalt", "oneway": "yes", "maxspeed": "20 mph", "source_id": "osm/way/153342403", "source": "OpenStreetMap", "licence": "ODbL 1.0"}, "geometry": {"type": "LineString", "coordinates": [[-0.1261727, 51.5004496], [-0.1261083, 51.5002723], [-0.1261108, 51.5002443], [-0.1261127, 51.5002015], [-0.1261136, 51.5001546], [-0.1261374, 51.4996594], [-0.1261739, 51.499588]]}}, {"type": "Feature", "properties": {"highway": "steps", "name": "", "lanes": 2, "surface": "asphalt", "oneway": "no", "maxspeed": "", "source_id": "osm/way/153342407", "source": "OpenStreetMap", "licence": "ODbL 1.0"}, "geometry": {"type": "LineString", "coordinates": [[-0.1272662, 51.5078683], [-0.1272719, 51.5078512], [-0.1272854, 51.5078345], [-0.1273055, 51.5078204]]}}, {"type": "Feature", "properties": {"highway": "service", "name": "", "lanes": 2, "surface": "asphalt", "oneway": "no", "maxspeed": "", "source_id": "osm/way/153342408", "source": "OpenStreetMap", "licence": "ODbL 1.0"}, "geometry": {"type": "LineString", "coordinates": [[-0.1243014, 51.5001718], [-0.1242818, 51.5002638], [-0.124257, 51.5003928], [-0.1244904, 51.5004102]]}}, {"type": "Feature", "properties": {"highway": "footway", "name": "", "lanes": 2, "surface": "asphalt", "oneway": "no", "maxspeed": "", "source_id": "osm/way/155834921", "source": "OpenStreetMap", "licence": "ODbL 1.0"}, "geometry": {"type": "LineString", "coordinates": [[-0.1244274, 51.501075], [-0.1243356, 51.5010734]]}}, {"type": "Feature", "properties": {"highway": "footway", "name": "", "lanes": 2, "surface": "asphalt", "oneway": "no", "maxspeed": "", "source_id": "osm/way/155834922", "source": "OpenStreetMap", "licence": "ODbL 1.0"}, "geometry": {"type": "LineString", "coordinates": [[-0.1245646, 51.5007496], [-0.1244892, 51.501077], [-0.1244817, 51.5011047]]}}, {"type": "Feature", "properties": {"highway": "footway", "name": "", "lanes": 2, "surface": "asphalt", "oneway": "no", "maxspeed": "", "source_id": "osm/way/163195340", "source": "OpenStreetMap", "licence": "ODbL 1.0"}, "geometry": {"type": "LineString", "coordinates": [[-0.1234274, 51.5064845], [-0.1232452, 51.5064582], [-0.1231775, 51.5064202]]}}, {"type": "Feature", "properties": {"highway": "footway", "name": "", "lanes": 2, "surface": "asphalt", "oneway": "no", "maxspeed": "", "source_id": "osm/way/163195341", "source": "OpenStreetMap", "licence": "ODbL 1.0"}, "geometry": {"type": "LineString", "coordinates": [[-0.1231734, 51.5056765], [-0.1230451, 51.505657]]}}, {"type": "Feature", "properties": {"highway": "footway", "name": "", "lanes": 2, "surface": "asphalt", "oneway": "no", "maxspeed": "", "source_id": "osm/way/163195342", "source": "OpenStreetMap", "licence": "ODbL 1.0"}, "geometry": {"type": "LineString", "coordinates": [[-0.1234241, 51.5049874], [-0.1233493, 51.5048006], [-0.1233387, 51.5047989]]}}, {"type": "Feature", "properties": {"highway": "footway", "name": "", "lanes": 2, "surface": "asphalt", "oneway": "no", "maxspeed": "", "source_id": "osm/way/166758981", "source": "OpenStreetMap", "licence": "ODbL 1.0"}, "geometry": {"type": "LineString", "coordinates": [[-0.1262354, 51.5022414], [-0.1261899, 51.5022406], [-0.1261417, 51.5022397]]}}, {"type": "Feature", "properties": {"highway": "primary", "name": "Parliament Square", "lanes": 3, "surface": "asphalt", "oneway": "yes", "maxspeed": "20 mph", "source_id": "osm/way/166758986", "source": "OpenStreetMap", "licence": "ODbL 1.0"}, "geometry": {"type": "LineString", "coordinates": [[-0.1271369, 51.5002333], [-0.1271786, 51.5002132], [-0.1271949, 51.5002076], [-0.1272807, 51.5001783], [-0.1273898, 51.5001583], [-0.1274182, 51.5001546]]}}, {"type": "Feature", "properties": {"highway": "primary", "name": "Victoria Embankment", "lanes": 1, "surface": "asphalt", "oneway": "yes", "maxspeed": "20 mph", "source_id": "osm/way/166758989", "source": "OpenStreetMap", "licence": "ODbL 1.0"}, "geometry": {"type": "LineString", "coordinates": [[-0.1242238, 51.5009486], [-0.124206, 51.5010276], [-0.1241908, 51.5010911]]}}, {"type": "Feature", "properties": {"highway": "residential", "name": "Horse Guards Avenue", "lanes": 2, "surface": "asphalt", "oneway": "yes", "maxspeed": "20 mph", "source_id": "osm/way/166759002", "source": "OpenStreetMap", "licence": "ODbL 1.0"}, "geometry": {"type": "LineString", "coordinates": [[-0.1264924, 51.5047288], [-0.1264939, 51.5047632], [-0.126483, 51.5047913], [-0.1264614, 51.5048157], [-0.1264292, 51.5048383], [-0.1263952, 51.504849], [-0.1263571, 51.5048554]]}}, {"type": "Feature", "properties": {"highway": "service", "name": "", "lanes": 2, "surface": "asphalt", "oneway": "no", "maxspeed": "", "source_id": "osm/way/168590493", "source": "OpenStreetMap", "licence": "ODbL 1.0"}, "geometry": {"type": "LineString", "coordinates": [[-0.1247985, 51.5004301], [-0.1248858, 51.5004361]]}}, {"type": "Feature", "properties": {"highway": "service", "name": "", "lanes": 2, "surface": "asphalt", "oneway": "no", "maxspeed": "", "source_id": "osm/way/168590495", "source": "OpenStreetMap", "licence": "ODbL 1.0"}, "geometry": {"type": "LineString", "coordinates": [[-0.1245151, 51.5002812], [-0.1242818, 51.5002638]]}}, {"type": "Feature", "properties": {"highway": "footway", "name": "", "lanes": 2, "surface": "paving_stones", "oneway": "no", "maxspeed": "", "source_id": "osm/way/171430601", "source": "OpenStreetMap", "licence": "ODbL 1.0"}, "geometry": {"type": "LineString", "coordinates": [[-0.1238003, 51.5045662], [-0.1237717, 51.5046858]]}}, {"type": "Feature", "properties": {"highway": "footway", "name": "", "lanes": 2, "surface": "asphalt", "oneway": "no", "maxspeed": "", "source_id": "osm/way/171430602", "source": "OpenStreetMap", "licence": "ODbL 1.0"}, "geometry": {"type": "LineString", "coordinates": [[-0.1239622, 51.5031861], [-0.1239566, 51.5032057], [-0.1238662, 51.503503], [-0.1236545, 51.5041991], [-0.1236435, 51.5042352], [-0.1236407, 51.5042631], [-0.1236453, 51.5042903], [-0.1236568, 51.5043163], [-0.123676, 51.504341], [-0.1237014, 51.5043613], [-0.1237357, 51.5043806], [-0.1237682, 51.5043934], [-0.1238044, 51.5044021], [-0.12384, 51.5044073], [-0.1238836, 51.5044107], [-0.1239321, 51.5044091], [-0.1239752, 51.5044021], [-0.1240057, 51.504393], [-0.1240328, 51.5043818], [-0.1240554, 51.5043694], [-0.124075, 51.5043557], [-0.1240912, 51.5043433], [-0.1241042, 51.5043266], [-0.1241143, 51.5043101], [-0.1241211, 51.504291], [-0.1241463, 51.5041795], [-0.1242428, 51.5037526], [-0.1243609, 51.5032182]]}}, {"type": "Feature", "properties": {"highway": "primary", "name": "Great George Street", "lanes": 2, "surface": "asphalt", "oneway": "yes", "maxspeed": "20 mph", "source_id": "osm/way/173215324", "source": "OpenStreetMap", "licence": "ODbL 1.0"}, "geometry": {"type": "LineString", "coordinates": [[-0.1267615, 51.5010374], [-0.1264587, 51.5010218], [-0.1263225, 51.5010147]]}}, {"type": "Feature", "properties": {"highway": "footway", "name": "", "lanes": 2, "surface": "paving_stones", "oneway": "no", "maxspeed": "", "source_id": "osm/way/182203215", "source": "OpenStreetMap", "licence": "ODbL 1.0"}, "geometry": {"type": "LineString", "coordinates": [[-0.1224803, 51.5073119], [-0.1226704, 51.5073738]]}}, {"type": "Feature", "properties": {"highway": "footway", "name": "", "lanes": 2, "surface": "paving_stones", "oneway": "no", "maxspeed": "", "source_id": "osm/way/182203217", "source": "OpenStreetMap", "licence": "ODbL 1.0"}, "geometry": {"type": "LineString", "coordinates": [[-0.1221192, 51.5071934], [-0.1220876, 51.5071834], [-0.1220311, 51.5071649]]}}, {"type": "Feature", "properties": {"highway": "primary", "name": "Victoria Embankment", "lanes": 2, "surface": "asphalt", "oneway": "no", "maxspeed": "20 mph", "source_id": "osm/way/183238431", "source": "OpenStreetMap", "licence": "ODbL 1.0"}, "geometry": {"type": "LineString", "coordinates": [[-0.1223813, 51.5065237], [-0.1224183, 51.506463]]}}, {"type": "Feature", "properties": {"highway": "primary", "name": "Parliament Square", "lanes": 5, "surface": "asphalt", "oneway": "yes", "maxspeed": "20 mph", "source_id": "osm/way/192093366", "source": "OpenStreetMap", "licence": "ODbL 1.0"}, "geometry": {"type": "LineString", "coordinates": [[-0.1261511, 51.5009582], [-0.1261497, 51.5009258]]}}, {"type": "Feature", "properties": {"highway": "footway", "name": "", "lanes": 2, "surface": "asphalt", "oneway": "no", "maxspeed": "", "source_id": "osm/way/192397197", "source": "OpenStreetMap", "licence": "ODbL 1.0"}, "geometry": {"type": "LineString", "coordinates": [[-0.1258445, 51.5010622], [-0.1258513, 51.5009953], [-0.12586, 51.5009116], [-0.1258602, 51.5008934]]}}, {"type": "Feature", "properties": {"highway": "service", "name": "", "lanes": 2, "surface": "paved", "oneway": "no", "maxspeed": "", "source_id": "osm/way/195406730", "source": "OpenStreetMap", "licence": "ODbL 1.0"}, "geometry": {"type": "LineString", "coordinates": [[-0.1273921, 51.5047567], [-0.1272312, 51.5047767], [-0.1270594, 51.5047981]]}}, {"type": "Feature", "properties": {"highway": "primary", "name": "Parliament Square", "lanes": 3, "surface": "asphalt", "oneway": "yes", "maxspeed": "20 mph", "source_id": "osm/way/195542578", "source": "OpenStreetMap", "licence": "ODbL 1.0"}, "geometry": {"type": "LineString", "coordinates": [[-0.1275289, 51.5003775], [-0.1275326, 51.5004476], [-0.1275191, 51.5006829], [-0.1274941, 51.500837]]}}, {"type": "Feature", "properties": {"highway": "primary", "name": "Parliament Square", "lanes": 3, "surface": "asphalt", "oneway": "yes", "maxspeed": "20 mph", "source_id": "osm/way/195542580", "source": "OpenStreetMap", "licence": "ODbL 1.0"}, "geometry": {"type": "LineString", "coordinates": [[-0.1264199, 51.5002119], [-0.1268156, 51.5002252], [-0.1269288, 51.5002281]]}}, {"type": "Feature", "properties": {"highway": "unclassified", "name": "", "lanes": 2, "surface": "asphalt", "oneway": "no", "maxspeed": "20 mph", "source_id": "osm/way/199201258", "source": "OpenStreetMap", "licence": "ODbL 1.0"}, "geometry": {"type": "LineString", "coordinates": [[-0.1262136, 51.5031783], [-0.1260076, 51.503154]]}}, {"type": "Feature", "properties": {"highway": "footway", "name": "Watergate Walk", "lanes": 2, "surface": "asphalt", "oneway": "no", "maxspeed": "", "source_id": "osm/way/204592661", "source": "OpenStreetMap", "licence": "ODbL 1.0"}, "geometry": {"type": "LineString", "coordinates": [[-0.1232666, 51.5078838], [-0.1231095, 51.5080426], [-0.1229975, 51.5081521], [-0.1229568, 51.5081916], [-0.1229079, 51.5082382], [-0.1226933, 51.5084318]]}}, {"type": "Feature", "properties": {"highway": "service", "name": "", "lanes": 2, "surface": "paved", "oneway": "no", "maxspeed": "", "source_id": "osm/way/204652413", "source": "OpenStreetMap", "licence": "ODbL 1.0"}, "geometry": {"type": "LineString", "coordinates": [[-0.1272725, 51.5025611], [-0.1272511, 51.5025618], [-0.1272311, 51.5025658], [-0.12722, 51.5025737], [-0.1272144, 51.5025841], [-0.1271711, 51.5028432], [-0.1271755, 51.5028568], [-0.127185, 51.502869], [-0.1272008, 51.5028766], [-0.1272195, 51.5028813], [-0.1276125, 51.5029035], [-0.1279914, 51.5029246], [-0.128025, 51.5029205], [-0.1280452, 51.5029135], [-0.1280586, 51.5028994], [-0.1280645, 51.5028816], [-0.1280968, 51.502656], [-0.1280952, 51.5026392], [-0.1280889, 51.5026253], [-0.1280698, 51.5026139], [-0.1280436, 51.5026069], [-0.1276595, 51.5025848], [-0.1272725, 51.5025611]]}}, {"type": "Feature", "properties": {"highway": "footway", "name": "", "lanes": 2, "surface": "asphalt", "oneway": "no", "maxspeed": "", "source_id": "osm/way/205408321", "source": "OpenStreetMap", "licence": "ODbL 1.0"}, "geometry": {"type": "LineString", "coordinates": [[-0.1218099, 51.5078289], [-0.1219696, 51.5078757], [-0.1223181, 51.5079702]]}}, {"type": "Feature", "properties": {"highway": "footway", "name": "", "lanes": 2, "surface": "paving_stones", "oneway": "no", "maxspeed": "", "source_id": "osm/way/205409882", "source": "OpenStreetMap", "licence": "ODbL 1.0"}, "geometry": {"type": "LineString", "coordinates": [[-0.1231727, 51.5065317], [-0.1230996, 51.506706], [-0.1230705, 51.5067775]]}}, {"type": "Feature", "properties": {"highway": "primary", "name": "Westminster Bridge", "lanes": 4, "surface": "asphalt", "oneway": "no", "maxspeed": "20 mph", "source_id": "osm/way/216998718", "source": "OpenStreetMap", "licence": "ODbL 1.0"}, "geometry": {"type": "LineString", "coordinates": [[-0.1219813, 51.5008527], [-0.1199979, 51.5007986]]}}, {"type": "Feature", "properties": {"highway": "primary", "name": "Whitehall", "lanes": 2, "surface": "asphalt", "oneway": "yes", "maxspeed": "20 mph", "source_id": "osm/way/217573431", "source": "OpenStreetMap", "licence": "ODbL 1.0"}, "geometry": {"type": "LineString", "coordinates": [[-0.126597, 51.5053955], [-0.1265213, 51.5052456]]}}, {"type": "Feature", "properties": {"highway": "primary", "name": "Northumberland Avenue", "lanes": 2, "surface": "asphalt", "oneway": "no", "maxspeed": "20 mph", "source_id": "osm/way/217573432", "source": "OpenStreetMap", "licence": "ODbL 1.0"}, "geometry": {"type": "LineString", "coordinates": [[-0.1237567, 51.5067538], [-0.1249151, 51.5069448]]}}, {"type": "Feature", "properties": {"highway": "unclassified", "name": "Horse Guards Avenue", "lanes": 2, "surface": "asphalt", "oneway": "no", "maxspeed": "20 mph", "source_id": "osm/way/220019917", "source": "OpenStreetMap", "licence": "ODbL 1.0"}, "geometry": {"type": "LineString", "coordinates": [[-0.1248356, 51.5049348], [-0.1234634, 51.5046932]]}}, {"type": "Feature", "properties": {"highway": "primary", "name": "Northumberland Avenue", "lanes": 2, "surface": "asphalt", "oneway": "yes", "maxspeed": "20 mph", "source_id": "osm/way/220019919", "source": "OpenStreetMap", "licence": "ODbL 1.0"}, "geometry": {"type": "LineString", "coordinates": [[-0.1227259, 51.5065213], [-0.1230013, 51.5065801], [-0.1232006, 51.50662], [-0.1233767, 51.506652]]}}, {"type": "Feature", "properties": {"highway": "footway", "name": "", "lanes": 2, "surface": "asphalt", "oneway": "no", "maxspeed": "", "source_id": "osm/way/221294689", "source": "OpenStreetMap", "licence": "ODbL 1.0"}, "geometry": {"type": "LineString", "coordinates": [[-0.12295, 51.5046481], [-0.1226469, 51.5046119]]}}, {"type": "Feature", "properties": {"highway": "footway", "name": "", "lanes": 2, "surface": "asphalt", "oneway": "no", "maxspeed": "", "source_id": "osm/way/221294690", "source": "OpenStreetMap", "licence": "ODbL 1.0"}, "geometry": {"type": "LineString", "coordinates": [[-0.1229952, 51.5044722], [-0.1226928, 51.5044362]]}}, {"type": "Feature", "properties": {"highway": "footway", "name": "", "lanes": 2, "surface": "paving_stones", "oneway": "no", "maxspeed": "", "source_id": "osm/way/225029299", "source": "OpenStreetMap", "licence": "ODbL 1.0"}, "geometry": {"type": "LineString", "coordinates": [[-0.1220876, 51.5071834], [-0.1221071, 51.5071563]]}}, {"type": "Feature", "properties": {"highway": "footway", "name": "", "lanes": 2, "surface": "asphalt", "oneway": "no", "maxspeed": "", "source_id": "osm/way/230500141", "source": "OpenStreetMap", "licence": "ODbL 1.0"}, "geometry": {"type": "LineString", "coordinates": [[-0.1259249, 51.5029768], [-0.1259924, 51.502975], [-0.1260481, 51.5029735]]}}, {"type": "Feature", "properties": {"highway": "footway", "name": "", "lanes": 2, "surface": "asphalt", "oneway": "no", "maxspeed": "", "source_id": "osm/way/230500142", "source": "OpenStreetMap", "licence": "ODbL 1.0"}, "geometry": {"type": "LineString", "coordinates": [[-0.1259759, 51.503367], [-0.1260398, 51.5033666], [-0.1260983, 51.5033662]]}}, {"type": "Feature", "properties": {"highway": "primary", "name": "Parliament Street", "lanes": 2, "surface": "asphalt", "oneway": "yes", "maxspeed": "20 mph", "source_id": "osm/way/230500143", "source": "OpenStreetMap", "licence": "ODbL 1.0"}, "geometry": {"type": "LineString", "coordinates": [[-0.1259861, 51.5024067], [-0.1259906, 51.5023264], [-0.1259917, 51.5022902], [-0.1259934, 51.5022371], [-0.1260009, 51.5021046], [-0.1260186, 51.5020133]]}}, {"type": "Feature", "properties": {"highway": "primary", "name": "Parliament Street", "lanes": 2, "surface": "asphalt", "oneway": "yes", "maxspeed": "20 mph", "source_id": "osm/way/230500144", "source": "OpenStreetMap", "licence": "ODbL 1.0"}, "geometry": {"type": "LineString", "coordinates": [[-0.1263083, 51.5013628], [-0.1262793, 51.5015583], [-0.1262393, 51.5018272], [-0.1262041, 51.5020226]]}}, {"type": "Feature", "properties": {"highway": "primary", "name": "Whitehall", "lanes": 2, "surface": "asphalt", "oneway": "yes", "maxspeed": "20 mph", "source_id": "osm/way/230500145", "source": "OpenStreetMap", "licence": "ODbL 1.0"}, "geometry": {"type": "LineString", "coordinates": [[-0.1259924, 51.502975], [-0.12598, 51.5028524], [-0.1259739, 51.502763], [-0.1259753, 51.502665]]}}, {"type": "Feature", "properties": {"highway": "primary", "name": "Whitehall", "lanes": 2, "surface": "asphalt", "oneway": "yes", "maxspeed": "20 mph", "source_id": "osm/way/230500146", "source": "OpenStreetMap", "licence": "ODbL 1.0"}, "geometry": {"type": "LineString", "coordinates": [[-0.1262049, 51.5029693], [-0.1262136, 51.5031783]]}}, {"type": "Feature", "properties": {"highway": "service", "name": "Richmond Terrace", "lanes": 2, "surface": "paving_stones", "oneway": "no", "maxspeed": "20 mph", "source_id": "osm/way/230500147", "source": "OpenStreetMap", "licence": "ODbL 1.0"}, "geometry": {"type": "LineString", "coordinates": [[-0.1257933, 51.5031549], [-0.1258603, 51.5031536], [-0.1260076, 51.503154]]}}, {"type": "Feature", "properties": {"highway": "residential", "name": "Derby Gate", "lanes": 2, "surface": "asphalt", "oneway": "no", "maxspeed": "20 mph", "source_id": "osm/way/230500148", "source": "OpenStreetMap", "licence": "ODbL 1.0"}, "geometry": {"type": "LineString", "coordinates": [[-0.1260186, 51.5020133], [-0.125954, 51.5020107], [-0.1258898, 51.5020079], [-0.1254322, 51.5019887]]}}, {"type": "Feature", "properties": {"highway": "primary", "name": "Whitehall", "lanes": 3, "surface": "asphalt", "oneway": "yes", "maxspeed": "20 mph", "source_id": "osm/way/230500556", "source": "OpenStreetMap", "licence": "ODbL 1.0"}, "geometry": {"type": "LineString", "coordinates": [[-0.126222, 51.5033653], [-0.1262315, 51.5035412], [-0.1262462, 51.5037287], [-0.1262787, 51.5040002], [-0.1262846, 51.5040491]]}}, {"type": "Feature", "properties": {"highway": "primary", "name": "Whitehall", "lanes": 3, "surface": "asphalt", "oneway": "yes", "maxspeed": "20 mph", "source_id": "osm/way/230500560", "source": "OpenStreetMap", "licence": "ODbL 1.0"}, "geometry": {"type": "LineString", "coordinates": [[-0.126393, 51.5044661], [-0.1264435, 51.5045939], [-0.1264605, 51.5046383], [-0.1264736, 51.5046725]]}}, {"type": "Feature", "properties": {"highway": "footway", "name": "", "lanes": 2, "surface": "asphalt", "oneway": "no", "maxspeed": "", "source_id": "osm/way/230500561", "source": "OpenStreetMap", "licence": "ODbL 1.0"}, "geometry": {"type": "LineString", "coordinates": [[-0.1262234, 51.5047057], [-0.1262929, 51.5046977], [-0.1263577, 51.5046887]]}}, {"type": "Feature", "properties": {"highway": "residential", "name": "King Charles Street", "lanes": 2, "surface": "asphalt", "oneway": "no", "maxspeed": "20 mph", "source_id": "osm/way/230500562", "source": "OpenStreetMap", "licence": "ODbL 1.0"}, "geometry": {"type": "LineString", "coordinates": [[-0.1262032, 51.5021076], [-0.1263468, 51.5021194], [-0.1265485, 51.5021456]]}}, {"type": "Feature", "properties": {"highway": "primary", "name": "Whitehall", "lanes": 2, "surface": "asphalt", "oneway": "yes", "maxspeed": "20 mph", "source_id": "osm/way/230500846", "source": "OpenStreetMap", "licence": "ODbL 1.0"}, "geometry": {"type": "LineString", "coordinates": [[-0.1262929, 51.5046977], [-0.1262543, 51.5045993], [-0.1262046, 51.5044522], [-0.126156, 51.5042655], [-0.1261389, 51.5041998], [-0.1261188, 51.5040546], [-0.1261132, 51.5040077], [-0.1260865, 51.5037854], [-0.1260462, 51.5034205]]}}, {"type": "Feature", "properties": {"highway": "residential", "name": "Horse Guards Avenue", "lanes": 1, "surface": "asphalt", "oneway": "yes", "maxspeed": "20 mph", "source_id": "osm/way/230501412", "source": "OpenStreetMap", "licence": "ODbL 1.0"}, "geometry": {"type": "LineString", "coordinates": [[-0.1263571, 51.5048554], [-0.1262866, 51.5048646], [-0.1262039, 51.5048752], [-0.126097, 51.5048888], [-0.1259278, 51.5049059], [-0.1258755, 51.5048918]]}}, {"type": "Feature", "properties": {"highway": "footway", "name": "", "lanes": 2, "surface": "asphalt", "oneway": "no", "maxspeed": "", "source_id": "osm/way/230501414", "source": "OpenStreetMap", "licence": "ODbL 1.0"}, "geometry": {"type": "LineString", "coordinates": [[-0.1262167, 51.5049093], [-0.1262039, 51.5048752], [-0.1261965, 51.5048561]]}}, {"type": "Feature", "properties": {"highway": "footway", "name": "", "lanes": 2, "surface": "asphalt", "oneway": "no", "maxspeed": "", "source_id": "osm/way/230501415", "source": "OpenStreetMap", "licence": "ODbL 1.0"}, "geometry": {"type": "LineString", "coordinates": [[-0.1266313, 51.5049651], [-0.1265758, 51.5049735], [-0.1265119, 51.5049827]]}}, {"type": "Feature", "properties": {"highway": "residential", "name": "Horse Guards Avenue", "lanes": 2, "surface": "asphalt", "oneway": "no", "maxspeed": "20 mph", "source_id": "osm/way/230501416", "source": "OpenStreetMap", "licence": "ODbL 1.0"}, "geometry": {"type": "LineString", "coordinates": [[-0.1258755, 51.5048918], [-0.1258389, 51.5048968], [-0.1254809, 51.504938], [-0.1254576, 51.5049407], [-0.1252806, 51.5049523], [-0.1251049, 51.5049532], [-0.1248356, 51.5049348]]}}, {"type": "Feature", "properties": {"highway": "residential", "name": "Horse Guards Avenue", "lanes": 1, "surface": "asphalt", "oneway": "yes", "maxspeed": "20 mph", "source_id": "osm/way/230501417", "source": "OpenStreetMap", "licence": "ODbL 1.0"}, "geometry": {"type": "LineString", "coordinates": [[-0.1260654, 51.504819], [-0.1261309, 51.5048063], [-0.1261747, 51.504796], [-0.1262301, 51.5047765], [-0.126247, 51.5047653], [-0.1262555, 51.5047597], [-0.1263057, 51.5047291]]}}, {"type": "Feature", "properties": {"highway": "residential", "name": "Whitehall Place", "lanes": 2, "surface": "asphalt", "oneway": "no", "maxspeed": "20 mph", "source_id": "osm/way/230502391", "source": "OpenStreetMap", "licence": "ODbL 1.0"}, "geometry": {"type": "LineString", "coordinates": [[-0.1255486, 51.505944], [-0.1243271, 51.506257], [-0.1236408, 51.5064389], [-0.1236176, 51.5064451]]}}, {"type": "Feature", "properties": {"highway": "primary", "name": "Whitehall", "lanes": 3, "surface": "asphalt", "oneway": "yes", "maxspeed": "20 mph", "source_id": "osm/way/230502961", "source": "OpenStreetMap", "licence": "ODbL 1.0"}, "geometry": {"type": "LineString", "coordinates": [[-0.1268388, 51.5055901], [-0.1269324, 51.5058012], [-0.1269774, 51.5058947]]}}, {"type": "Feature", "properties": {"highway": "primary", "name": "Whitehall", "lanes": 3, "surface": "asphalt", "oneway": "yes", "maxspeed": "20 mph", "source_id": "osm/way/230502962", "source": "OpenStreetMap", "licence": "ODbL 1.0"}, "geometry": {"type": "LineString", "coordinates": [[-0.1265758, 51.5049735], [-0.126609, 51.5050529], [-0.1266856, 51.5052454], [-0.1267498, 51.5053809]]}}, {"type": "Feature", "properties": {"highway": "residential", "name": "Great Scotland Yard", "lanes": 2, "surface": "asphalt", "oneway": "no", "maxspeed": "20 mph", "source_id": "osm/way/230503366", "source": "OpenStreetMap", "licence": "ODbL 1.0"}, "geometry": {"type": "LineString", "coordinates": [[-0.1265116, 51.5061185], [-0.1257722, 51.506306], [-0.1254226, 51.5063989], [-0.1252829, 51.5064494], [-0.1251751, 51.5065085], [-0.1250766, 51.5066278], [-0.1249406, 51.5068947], [-0.1249151, 51.5069448]]}}, {"type": "Feature", "properties": {"highway": "primary", "name": "Whitehall", "lanes": 2, "surface": "asphalt", "oneway": "yes", "maxspeed": "20 mph", "source_id": "osm/way/230503367", "source": "OpenStreetMap", "licence": "ODbL 1.0"}, "geometry": {"type": "LineString", "coordinates": [[-0.1268974, 51.5060091], [-0.1268176, 51.5058569], [-0.1267073, 51.5056213]]}}, {"type": "Feature", "properties": {"highway": "residential", "name": "Great Scotland Yard", "lanes": 2, "surface": "asphalt", "oneway": "no", "maxspeed": "20 mph", "source_id": "osm/way/230503369", "source": "OpenStreetMap", "licence": "ODbL 1.0"}, "geometry": {"type": "LineString", "coordinates": [[-0.1268974, 51.5060091], [-0.1268158, 51.5060311], [-0.1267035, 51.506062], [-0.1265116, 51.5061185]]}}, {"type": "Feature", "properties": {"highway": "primary", "name": "Parliament Street", "lanes": 2, "surface": "asphalt", "oneway": "yes", "maxspeed": "20 mph", "source_id": "osm/way/230503556", "source": "OpenStreetMap", "licence": "ODbL 1.0"}, "geometry": {"type": "LineString", "coordinates": [[-0.1262032, 51.5021076], [-0.1261936, 51.5021865], [-0.1261899, 51.5022406], [-0.1261899, 51.5023247], [-0.1261966, 51.5026584]]}}, {"type": "Feature", "properties": {"highway": "primary", "name": "Parliament Street", "lanes": 3, "surface": "asphalt", "oneway": "yes", "maxspeed": "20 mph", "source_id": "osm/way/230503557", "source": "OpenStreetMap", "licence": "ODbL 1.0"}, "geometry": {"type": "LineString", "coordinates": [[-0.1260186, 51.5020133], [-0.126088, 51.5015633], [-0.1260998, 51.5014343]]}}, {"type": "Feature", "properties": {"highway": "primary", "name": "Whitehall", "lanes": 2, "surface": "asphalt", "oneway": "yes", "maxspeed": "20 mph", "source_id": "osm/way/230503680", "source": "OpenStreetMap", "licence": "ODbL 1.0"}, "geometry": {"type": "LineString", "coordinates": [[-0.1262136, 51.5031783], [-0.1262213, 51.503316], [-0.126222, 51.5033653]]}}, {"type": "Feature", "properties": {"highway": "primary", "name": "Whitehall", "lanes": 2, "surface": "asphalt", "oneway": "yes", "maxspeed": "20 mph", "source_id": "osm/way/230503683", "source": "OpenStreetMap", "licence": "ODbL 1.0"}, "geometry": {"type": "LineString", "coordinates": [[-0.1260076, 51.503154], [-0.1259977, 51.5030389], [-0.1259924, 51.502975]]}}, {"type": "Feature", "properties": {"highway": "footway", "name": "", "lanes": 2, "surface": "asphalt", "oneway": "no", "maxspeed": "", "source_id": "osm/way/230506721", "source": "OpenStreetMap", "licence": "ODbL 1.0"}, "geometry": {"type": "LineString", "coordinates": [[-0.1271883, 51.5079109], [-0.1271447, 51.5079132], [-0.1271048, 51.5079153]]}}, {"type": "Feature", "properties": {"highway": "primary", "name": "Trafalgar Square", "lanes": 2, "surface": "asphalt", "oneway": "yes", "maxspeed": "20 mph", "source_id": "osm/way/230506725", "source": "OpenStreetMap", "licence": "ODbL 1.0"}, "geometry": {"type": "LineString", "coordinates": [[-0.1270122, 51.5078037], [-0.1270286, 51.5077491], [-0.1270414, 51.50771], [-0.1270541, 51.5076831]]}}, {"type": "Feature", "properties": {"highway": "primary", "name": "Strand", "lanes": 2, "surface": "asphalt", "oneway": "yes", "maxspeed": "20 mph", "source_id": "osm/way/230506728", "source": "OpenStreetMap", "licence": "ODbL 1.0"}, "geometry": {"type": "LineString", "coordinates": [[-0.1271581, 51.5075715], [-0.1272218, 51.5075085], [-0.1272837, 51.5074625]]}}, {"type": "Feature", "properties": {"highway": "primary", "name": "Strand", "lanes": 1, "surface": "asphalt", "oneway": "yes", "maxspeed": "20 mph", "source_id": "osm/way/230506730", "source": "OpenStreetMap", "licence": "ODbL 1.0"}, "geometry": {"type": "LineString", "coordinates": [[-0.1270122, 51.5078037], [-0.1268986, 51.5078746], [-0.1266547, 51.5080026], [-0.126478, 51.5080928], [-0.1261746, 51.5082354]]}}, {"type": "Feature", "properties": {"highway": "footway", "name": "", "lanes": 2, "surface": "asphalt", "oneway": "no", "maxspeed": "", "source_id": "osm/way/230506995", "source": "OpenStreetMap", "licence": "ODbL 1.0"}, "geometry": {"type": "LineString", "coordinates": [[-0.1269169, 51.5078946], [-0.1268986, 51.5078746], [-0.1268834, 51.5078577]]}}, {"type": "Feature", "properties": {"highway": "steps", "name": "", "lanes": 2, "surface": "concrete:plates", "oneway": "no", "maxspeed": "", "source_id": "osm/way/231879497", "source": "OpenStreetMap", "licence": "ODbL 1.0"}, "geometry": {"type": "LineString", "coordinates": [[-0.1236171, 51.5011416], [-0.1236159, 51.5011618]]}}, {"type": "Feature", "properties": {"highway": "steps", "name": "", "lanes": 2, "surface": "paving_stones", "oneway": "no", "maxspeed": "", "source_id": "osm/way/231879498", "source": "OpenStreetMap", "licence": "ODbL 1.0"}, "geometry": {"type": "LineString", "coordinates": [[-0.1236307, 51.5010515], [-0.1236198, 51.5010955]]}}, {"type": "Feature", "properties": {"highway": "footway", "name": "", "lanes": 2, "surface": "paving_stones", "oneway": "no", "maxspeed": "", "source_id": "osm/way/231879499", "source": "OpenStreetMap", "licence": "ODbL 1.0"}, "geometry": {"type": "LineString", "coordinates": [[-0.1236198, 51.5010955], [-0.1236171, 51.5011416]]}}, {"type": "Feature", "properties": {"highway": "footway", "name": "", "lanes": 2, "surface": "paving_stones", "oneway": "no", "maxspeed": "", "source_id": "osm/way/231879500", "source": "OpenStreetMap", "licence": "ODbL 1.0"}, "geometry": {"type": "LineString", "coordinates": [[-0.1235917, 51.5018639], [-0.1236193, 51.5016316]]}}, {"type": "Feature", "properties": {"highway": "pedestrian", "name": "", "lanes": 2, "surface": "grate", "oneway": "no", "maxspeed": "", "source_id": "osm/way/231879501", "source": "OpenStreetMap", "licence": "ODbL 1.0"}, "geometry": {"type": "LineString", "coordinates": [[-0.1237727, 51.5014063], [-0.1237684, 51.501455], [-0.1237405, 51.501454], [-0.1237448, 51.5014053], [-0.1237727, 51.5014063]]}}, {"type": "Feature", "properties": {"highway": "footway", "name": "", "lanes": 2, "surface": "asphalt", "oneway": "no", "maxspeed": "", "source_id": "osm/way/231879502", "source": "OpenStreetMap", "licence": "ODbL 1.0"}, "geometry": {"type": "LineString", "coordinates": [[-0.1236193, 51.5016316], [-0.1236257, 51.5015916], [-0.1235614, 51.501589], [-0.1235166, 51.5016155]]}}, {"type": "Feature", "properties": {"highway": "footway", "name": "", "lanes": 2, "surface": "concrete:plates", "oneway": "no", "maxspeed": "", "source_id": "osm/way/231879503", "source": "OpenStreetMap", "licence": "ODbL 1.0"}, "geometry": {"type": "LineString", "coordinates": [[-0.1236159, 51.5011618], [-0.1236151, 51.5011757], [-0.1236697, 51.5011778], [-0.1236676, 51.501213]]}}, {"type": "Feature", "properties": {"highway": "pedestrian", "name": "", "lanes": 2, "surface": "grate", "oneway": "no", "maxspeed": "", "source_id": "osm/way/231879504", "source": "OpenStreetMap", "licence": "ODbL 1.0"}, "geometry": {"type": "LineString", "coordinates": [[-0.1237624, 51.5015225], [-0.1237581, 51.5015711], [-0.1237302, 51.5015702], [-0.1237345, 51.5015215], [-0.1237624, 51.5015225]]}}, {"type": "Feature", "properties": {"highway": "pedestrian", "name": "", "lanes": 2, "surface": "grate", "oneway": "no", "maxspeed": "", "source_id": "osm/way/231879505", "source": "OpenStreetMap", "licence": "ODbL 1.0"}, "geometry": {"type": "LineString", "coordinates": [[-0.1237675, 51.5014647], [-0.1237632, 51.5015134], [-0.1237353, 51.5015124], [-0.1237396, 51.5014637], [-0.1237675, 51.5014647]]}}, {"type": "Feature", "properties": {"highway": "pedestrian", "name": "", "lanes": 2, "surface": "grate", "oneway": "no", "maxspeed": "", "source_id": "osm/way/231879506", "source": "OpenStreetMap", "licence": "ODbL 1.0"}, "geometry": {"type": "LineString", "coordinates": [[-0.1237573, 51.5015806], [-0.123753, 51.5016292], [-0.1237251, 51.5016283], [-0.1237294, 51.5015796], [-0.1237573, 51.5015806]]}}, {"type": "Feature", "properties": {"highway": "footway", "name": "", "lanes": 2, "surface": "paving_stones", "oneway": "no", "maxspeed": "", "source_id": "osm/way/231879507", "source": "OpenStreetMap", "licence": "ODbL 1.0"}, "geometry": {"type": "LineString", "coordinates": [[-0.1236676, 51.501213], [-0.1236411, 51.5014564]]}}, {"type": "Feature", "properties": {"highway": "primary", "name": "Victoria Embankment", "lanes": 2, "surface": "asphalt", "oneway": "yes", "maxspeed": "20 mph", "source_id": "osm/way/236139546", "source": "OpenStreetMap", "licence": "ODbL 1.0"}, "geometry": {"type": "LineString", "coordinates": [[-0.1241908, 51.5010911], [-0.1241763, 51.5011473], [-0.1241146, 51.5014599], [-0.124064, 51.5014954]]}}, {"type": "Feature", "properties": {"highway": "primary", "name": "Parliament Square", "lanes": 3, "surface": "asphalt", "oneway": "yes", "maxspeed": "20 mph", "source_id": "osm/way/245379012", "source": "OpenStreetMap", "licence": "ODbL 1.0"}, "geometry": {"type": "LineString", "coordinates": [[-0.1273662, 51.500281], [-0.1274482, 51.5003241], [-0.127492, 51.5003509], [-0.1275289, 51.5003775]]}}, {"type": "Feature", "properties": {"highway": "footway", "name": "", "lanes": 2, "surface": "paving_stones", "oneway": "no", "maxspeed": "", "source_id": "osm/way/245380684", "source": "OpenStreetMap", "licence": "ODbL 1.0"}, "geometry": {"type": "LineString", "coordinates": [[-0.1263623, 51.5003102], [-0.1263464, 51.5002983]]}}, {"type": "Feature", "properties": {"highway": "footway", "name": "", "lanes": 2, "surface": "asphalt", "oneway": "no", "maxspeed": "", "source_id": "osm/way/245380685", "source": "OpenStreetMap", "licence": "ODbL 1.0"}, "geometry": {"type": "LineString", "coordinates": [[-0.1263356, 51.5001106], [-0.1262799, 51.5001313], [-0.1262242, 51.5001521]]}}, {"type": "Feature", "properties": {"highway": "primary", "name": "Great George Street", "lanes": 1, "surface": "asphalt", "oneway": "yes", "maxspeed": "20 mph", "source_id": "osm/way/245380686", "source": "OpenStreetMap", "licence": "ODbL 1.0"}, "geometry": {"type": "LineString", "coordinates": [[-0.1264627, 51.5009726], [-0.1263271, 51.500964], [-0.1261511, 51.5009582]]}}, {"type": "Feature", "properties": {"highway": "footway", "name": "", "lanes": 2, "surface": "asphalt", "oneway": "no", "maxspeed": "", "source_id": "osm/way/245381643", "source": "OpenStreetMap", "licence": "ODbL 1.0"}, "geometry": {"type": "LineString", "coordinates": [[-0.1260214, 51.5011238], [-0.1260546, 51.5011251], [-0.1261597, 51.5011295], [-0.1262269, 51.5011314]]}}, {"type": "Feature", "properties": {"highway": "footway", "name": "", "lanes": 2, "surface": "asphalt", "oneway": "no", "maxspeed": "", "source_id": "osm/way/245381645", "source": "OpenStreetMap", "licence": "ODbL 1.0"}, "geometry": {"type": "LineString", "coordinates": [[-0.1273033, 51.5003408], [-0.1273143, 51.5003294], [-0.1273662, 51.500281], [-0.1274252, 51.5002356]]}}, {"type": "Feature", "properties": {"highway": "footway", "name": "", "lanes": 2, "surface": "paving_stones", "oneway": "no", "maxspeed": "", "source_id": "osm/way/245382828", "source": "OpenStreetMap", "licence": "ODbL 1.0"}, "geometry": {"type": "LineString", "coordinates": [[-0.1254571, 51.5010772], [-0.1254511, 51.501077], [-0.1249276, 51.5010585], [-0.1248866, 51.5010571], [-0.1244384, 51.5010421], [-0.1243626, 51.5010517], [-0.1243157, 51.5010709], [-0.1243083, 51.5010826], [-0.1242969, 51.5011002]]}}, {"type": "Feature", "properties": {"highway": "primary", "name": "Parliament Street", "lanes": 2, "surface": "asphalt", "oneway": "yes", "maxspeed": "20 mph", "source_id": "osm/way/245384250", "source": "OpenStreetMap", "licence": "ODbL 1.0"}, "geometry": {"type": "LineString", "coordinates": [[-0.1261597, 51.5011295], [-0.1261537, 51.5010077]]}}, {"type": "Feature", "properties": {"highway": "primary", "name": "Parliament Street", "lanes": 1, "surface": "asphalt", "oneway": "yes", "maxspeed": "20 mph", "source_id": "osm/way/245384251", "source": "OpenStreetMap", "licence": "ODbL 1.0"}, "geometry": {"type": "LineString", "coordinates": [[-0.1263201, 51.5012836], [-0.1263083, 51.5013628]]}}, {"type": "Feature", "properties": {"highway": "primary", "name": "Broad Sanctuary", "lanes": 1, "surface": "asphalt", "oneway": "yes", "maxspeed": "20 mph", "source_id": "osm/way/245384521", "source": "OpenStreetMap", "licence": "ODbL 1.0"}, "geometry": {"type": "LineString", "coordinates": [[-0.1274182, 51.5001546], [-0.1276042, 51.5001292], [-0.1277518, 51.5001043], [-0.127973, 51.500046], [-0.1281887, 51.4999764], [-0.1285469, 51.4998579], [-0.12889, 51.4997153], [-0.128936, 51.4996943]]}}, {"type": "Feature", "properties": {"highway": "primary", "name": "Victoria Embankment", "lanes": 1, "surface": "asphalt", "oneway": "yes", "maxspeed": "20 mph", "source_id": "osm/way/252610117", "source": "OpenStreetMap", "licence": "ODbL 1.0"}, "geometry": {"type": "LineString", "coordinates": [[-0.124064, 51.5014954], [-0.1240255, 51.5014591], [-0.1240039, 51.5011741], [-0.1239954, 51.5010816], [-0.1239905, 51.5010177], [-0.124005, 51.500936]]}}, {"type": "Feature", "properties": {"highway": "pedestrian", "name": "", "lanes": 2, "surface": "paving_stones", "oneway": "no", "maxspeed": "", "source_id": "osm/way/256387102", "source": "OpenStreetMap", "licence": "ODbL 1.0"}, "geometry": {"type": "LineString", "coordinates": [[-0.1262438, 51.5048503], [-0.1262175, 51.5048541], [-0.1261965, 51.5048561], [-0.126175, 51.5048603], [-0.1261064, 51.5048701], [-0.1260956, 51.5048409], [-0.1261636, 51.5048311], [-0.1261867, 51.5048278], [-0.1262065, 51.504825], [-0.1262329, 51.5048211], [-0.1262438, 51.5048503]]}}, {"type": "Feature", "properties": {"highway": "pedestrian", "name": "", "lanes": 2, "surface": "paving_stones", "oneway": "no", "maxspeed": "", "source_id": "osm/way/256387569", "source": "OpenStreetMap", "licence": "ODbL 1.0"}, "geometry": {"type": "LineString", "coordinates": [[-0.1234997, 51.5065926], [-0.123514, 51.5066139], [-0.123535, 51.5066317], [-0.1235824, 51.5066594], [-0.1233891, 51.5066246], [-0.1232965, 51.5066042], [-0.1233014, 51.5066002], [-0.1233066, 51.5065959], [-0.123321, 51.5065756], [-0.1234274, 51.5064845], [-0.1234441, 51.5064721], [-0.123472, 51.5064575], [-0.1235071, 51.5064442], [-0.1236022, 51.5064197], [-0.1236168, 51.5064159], [-0.1236227, 51.5064113], [-0.1236408, 51.5064389], [-0.1236559, 51.5064618], [-0.1236423, 51.5064632], [-0.1236311, 51.5064663], [-0.1235872, 51.5064782], [-0.1235363, 51.5064957], [-0.1235173, 51.5065076], [-0.1235034, 51.5065191], [-0.123493, 51.506539], [-0.1234909, 51.5065593], [-0.1234932, 51.506578], [-0.1234997, 51.5065926]]}}, {"type": "Feature", "properties": {"highway": "steps", "name": "", "lanes": 2, "surface": "asphalt", "oneway": "no", "maxspeed": "", "source_id": "osm/way/256511511", "source": "OpenStreetMap", "licence": "ODbL 1.0"}, "geometry": {"type": "LineString", "coordinates": [[-0.1243194, 51.5007818], [-0.1242229, 51.5007807]]}}, {"type": "Feature", "properties": {"highway": "footway", "name": "", "lanes": 2, "surface": "asphalt", "oneway": "no", "maxspeed": "", "source_id": "osm/way/256511512", "source": "OpenStreetMap", "licence": "ODbL 1.0"}, "geometry": {"type": "LineString", "coordinates": [[-0.1242229, 51.5007807], [-0.1241897, 51.5007801], [-0.1241887, 51.5007969], [-0.1241874, 51.500817]]}}, {"type": "Feature", "properties": {"highway": "footway", "name": "", "lanes": 2, "surface": "asphalt", "oneway": "no", "maxspeed": "", "source_id": "osm/way/256511513", "source": "OpenStreetMap", "licence": "ODbL 1.0"}, "geometry": {"type": "LineString", "coordinates": [[-0.124354, 51.5008023], [-0.1243544, 51.5007829], [-0.1243194, 51.5007818]]}}, {"type": "Feature", "properties": {"highway": "steps", "name": "", "lanes": 2, "surface": "asphalt", "oneway": "no", "maxspeed": "", "source_id": "osm/way/256513048", "source": "OpenStreetMap", "licence": "ODbL 1.0"}, "geometry": {"type": "LineString", "coordinates": [[-0.1236727, 51.5006353], [-0.1236537, 51.5007336]]}}, {"type": "Feature", "properties": {"highway": "footway", "name": "", "lanes": 2, "surface": "asphalt", "oneway": "no", "maxspeed": "", "source_id": "osm/way/256760490", "source": "OpenStreetMap", "licence": "ODbL 1.0"}, "geometry": {"type": "LineString", "coordinates": [[-0.1200157, 51.5007017], [-0.123586, 51.5007995]]}}, {"type": "Feature", "properties": {"highway": "footway", "name": "", "lanes": 2, "surface": "asphalt", "oneway": "no", "maxspeed": "", "source_id": "osm/way/256760491", "source": "OpenStreetMap", "licence": "ODbL 1.0"}, "geometry": {"type": "LineString", "coordinates": [[-0.1236807, 51.501008], [-0.123571, 51.5009906]]}}, {"type": "Feature", "properties": {"highway": "footway", "name": "Victoria Embankment", "lanes": 2, "surface": "paving_stones", "oneway": "no", "maxspeed": "", "source_id": "osm/way/256761508", "source": "OpenStreetMap", "licence": "ODbL 1.0"}, "geometry": {"type": "LineString", "coordinates": [[-0.1238521, 51.5010747], [-0.1238406, 51.5011556], [-0.1238046, 51.5014435], [-0.1237315, 51.501867], [-0.1237172, 51.5019808]]}}, {"type": "Feature", "properties": {"highway": "footway", "name": "", "lanes": 2, "surface": "asphalt", "oneway": "no", "maxspeed": "", "source_id": "osm/way/256762111", "source": "OpenStreetMap", "licence": "ODbL 1.0"}, "geometry": {"type": "LineString", "coordinates": [[-0.1237124, 51.5008029], [-0.123976, 51.5008085], [-0.1241874, 51.500817], [-0.1244537, 51.5008276], [-0.1252679, 51.5008536], [-0.1258501, 51.5008688]]}}, {"type": "Feature", "properties": {"highway": "footway", "name": "", "lanes": 2, "surface": "asphalt", "oneway": "no", "maxspeed": "", "source_id": "osm/way/256764379", "source": "OpenStreetMap", "licence": "ODbL 1.0"}, "geometry": {"type": "LineString", "coordinates": [[-0.123586, 51.5007995], [-0.1237124, 51.5008029]]}}, {"type": "Feature", "properties": {"highway": "footway", "name": "", "lanes": 2, "surface": "asphalt", "oneway": "no", "maxspeed": "", "source_id": "osm/way/256764380", "source": "OpenStreetMap", "licence": "ODbL 1.0"}, "geometry": {"type": "LineString", "coordinates": [[-0.123571, 51.5009906], [-0.1203129, 51.5008988], [-0.1199811, 51.5008896]]}}, {"type": "Feature", "properties": {"highway": "primary_link", "name": "Parliament Street", "lanes": 1, "surface": "asphalt", "oneway": "yes", "maxspeed": "20 mph", "source_id": "osm/way/260763235", "source": "OpenStreetMap", "licence": "ODbL 1.0"}, "geometry": {"type": "LineString", "coordinates": [[-0.1263225, 51.5010147], [-0.1263498, 51.5011315]]}}, {"type": "Feature", "properties": {"highway": "primary", "name": "Great George Street", "lanes": 2, "surface": "asphalt", "oneway": "no", "maxspeed": "20 mph", "source_id": "osm/way/260763236", "source": "OpenStreetMap", "licence": "ODbL 1.0"}, "geometry": {"type": "LineString", "coordinates": [[-0.1263225, 51.5010147], [-0.1261537, 51.5010077]]}}, {"type": "Feature", "properties": {"highway": "footway", "name": "", "lanes": 2, "surface": "paving_stones", "oneway": "no", "maxspeed": "", "source_id": "osm/way/261379700", "source": "OpenStreetMap", "licence": "ODbL 1.0"}, "geometry": {"type": "LineString", "coordinates": [[-0.12374, 51.5011521], [-0.123715, 51.5011504], [-0.1236171, 51.5011416]]}}, {"type": "Feature", "properties": {"highway": "footway", "name": "", "lanes": 2, "surface": "paving_stones", "oneway": "no", "maxspeed": "", "source_id": "osm/way/261379701", "source": "OpenStreetMap", "licence": "ODbL 1.0"}, "geometry": {"type": "LineString", "coordinates": [[-0.123715, 51.5011504], [-0.1237115, 51.5013003], [-0.1237074, 51.5013269], [-0.1236923, 51.5015336], [-0.1236678, 51.5017858], [-0.1236568, 51.5019042], [-0.12364, 51.5019737]]}}, {"type": "Feature", "properties": {"highway": "footway", "name": "", "lanes": 2, "surface": "asphalt", "oneway": "no", "maxspeed": "", "source_id": "osm/way/261398893", "source": "OpenStreetMap", "licence": "ODbL 1.0"}, "geometry": {"type": "LineString", "coordinates": [[-0.1251392, 51.5010934], [-0.125394, 51.5010968], [-0.1259854, 51.5011058]]}}, {"type": "Feature", "properties": {"highway": "primary", "name": "Northumberland Avenue", "lanes": 2, "surface": "asphalt", "oneway": "yes", "maxspeed": "20 mph", "source_id": "osm/way/267123479", "source": "OpenStreetMap", "licence": "ODbL 1.0"}, "geometry": {"type": "LineString", "coordinates": [[-0.1233767, 51.506652], [-0.1236108, 51.5066893], [-0.1237567, 51.5067538]]}}, {"type": "Feature", "properties": {"highway": "primary", "name": "Northumberland Avenue", "lanes": 2, "surface": "asphalt", "oneway": "yes", "maxspeed": "20 mph", "source_id": "osm/way/267123480", "source": "OpenStreetMap", "licence": "ODbL 1.0"}, "geometry": {"type": "LineString", "coordinates": [[-0.1237567, 51.5067538], [-0.1235772, 51.5067754], [-0.1232748, 51.5067272], [-0.1231574, 51.5067056], [-0.1230888, 51.5066939], [-0.1230422, 51.5066859], [-0.1229867, 51.5066758]]}}, {"type": "Feature", "properties": {"highway": "pedestrian", "name": "", "lanes": 2, "surface": "paving_stones", "oneway": "no", "maxspeed": "", "source_id": "osm/way/267123484", "source": "OpenStreetMap", "licence": "ODbL 1.0"}, "geometry": {"type": "LineString", "coordinates": [[-0.1235822, 51.5067333], [-0.1234161, 51.5067091], [-0.1234076, 51.5067063], [-0.1234038, 51.5067028], [-0.1234027, 51.5067001], [-0.1234057, 51.5066925], [-0.1234127, 51.5066888], [-0.1234213, 51.5066869], [-0.1235996, 51.5067142], [-0.1236071, 51.5067169], [-0.1236108, 51.506722], [-0.1236104, 51.5067266], [-0.1236074, 51.5067299], [-0.123603, 51.5067329], [-0.1235967, 51.5067345], [-0.1235906, 51.5067345], [-0.1235822, 51.5067333]]}}, {"type": "Feature", "properties": {"highway": "primary_link", "name": "", "lanes": 2, "surface": "asphalt", "oneway": "yes", "maxspeed": "20 mph", "source_id": "osm/way/267123485", "source": "OpenStreetMap", "licence": "ODbL 1.0"}, "geometry": {"type": "LineString", "coordinates": [[-0.1233767, 51.506652], [-0.1232748, 51.5067272]]}}, {"type": "Feature", "properties": {"highway": "footway", "name": "", "lanes": 2, "surface": "asphalt", "oneway": "no", "maxspeed": "", "source_id": "osm/way/267204525", "source": "OpenStreetMap", "licence": "ODbL 1.0"}, "geometry": {"type": "LineString", "coordinates": [[-0.1225685, 51.5064311], [-0.122556, 51.5064618]]}}, {"type": "Feature", "properties": {"highway": "footway", "name": "", "lanes": 2, "surface": "asphalt", "oneway": "no", "maxspeed": "", "source_id": "osm/way/267204526", "source": "OpenStreetMap", "licence": "ODbL 1.0"}, "geometry": {"type": "LineString", "coordinates": [[-0.1226826, 51.5064177], [-0.1226475, 51.506425], [-0.1226151, 51.506433]]}}, {"type": "Feature", "properties": {"highway": "primary", "name": "Trafalgar Square", "lanes": 2, "surface": "asphalt", "oneway": "yes", "maxspeed": "20 mph", "source_id": "osm/way/267213247", "source": "OpenStreetMap", "licence": "ODbL 1.0"}, "geometry": {"type": "LineString", "coordinates": [[-0.1272457, 51.5077347], [-0.1272004, 51.5077616], [-0.1271657, 51.5077926], [-0.1271496, 51.5078235], [-0.1271425, 51.5078588], [-0.1271447, 51.5079132], [-0.1271506, 51.5079586], [-0.1272353, 51.508256]]}}, {"type": "Feature", "properties": {"highway": "pedestrian", "name": "", "lanes": 2, "surface": "paving_stones", "oneway": "no", "maxspeed": "", "source_id": "osm/way/267214216", "source": "OpenStreetMap", "licence": "ODbL 1.0"}, "geometry": {"type": "LineString", "coordinates": [[-0.1272484, 51.5078301], [-0.1272393, 51.5078496], [-0.1272349, 51.5078684], [-0.1272327, 51.5078902], [-0.1272349, 51.5079098], [-0.1272413, 51.5079311], [-0.1272562, 51.5079698], [-0.1272535, 51.5079703], [-0.1273092, 51.5081202], [-0.1273639, 51.5082687], [-0.1274183, 51.508416], [-0.1273968, 51.5084194], [-0.1273714, 51.5084231], [-0.1273563, 51.5083803], [-0.1273028, 51.5082389], [-0.1272532, 51.508106], [-0.1272261, 51.5080148], [-0.127194, 51.5079382], [-0.1271883, 51.5079109], [-0.1271883, 51.5078778], [-0.1271871, 51.5078505], [-0.1271909, 51.5078327], [-0.1271977, 51.5078206], [-0.1272079, 51.5078082], [-0.1272241, 51.5077948], [-0.1272426, 51.5077818], [-0.1272794, 51.5077614], [-0.1273706, 51.5077218], [-0.1274236, 51.5077014], [-0.1274596, 51.5076858], [-0.1274981, 51.5076735], [-0.1275651, 51.5076586], [-0.1276848, 51.5076324], [-0.1278189, 51.507609], [-0.1280078, 51.507578], [-0.1281064, 51.5075634], [-0.1281706, 51.5075587], [-0.128229, 51.5075561], [-0.1282774, 51.507557], [-0.1283439, 51.5075558], [-0.1284308, 51.5075595], [-0.1284879, 51.5075639], [-0.1285218, 51.5075662], [-0.1285532, 51.5075691], [-0.1285889, 51.5075745], [-0.1286181, 51.5075835], [-0.1286387, 51.5075916], [-0.1286636, 51.5076077], [-0.1286919, 51.5076392], [-0.1287088, 51.5076657], [-0.1288042, 51.5078905], [-0.1288868, 51.5080881], [-0.128917, 51.5081662], [-0.1288939, 51.5081698], [-0.128875, 51.5081731], [-0.1288123, 51.5080277], [-0.1287488, 51.5078805], [-0.1286844, 51.5077306], [-0.1286821, 51.507731], [-0.1286403, 51.5076511], [-0.1286199, 51.5076231], [-0.1285892, 51.5076103], [-0.1285521, 51.5076069], [-0.1284972, 51.5076054], [-0.1284283, 51.5076041], [-0.1283561, 51.5076037], [-0.1282318, 51.5076062], [-0.1281744, 51.5076092], [-0.1281162, 51.5076121], [-0.1280255, 51.5076217], [-0.1278848, 51.5076423], [-0.1277359, 51.5076674], [-0.1276473, 51.5076848], [-0.1275698, 51.5077004], [-0.1275104, 51.507717], [-0.12746, 51.5077339], [-0.1274337, 51.5077449], [-0.1273169, 51.5077905], [-0.1272879, 51.5078037], [-0.1272484, 51.5078301]]}}, {"type": "Feature", "properties": {"highway": "footway", "name": "", "lanes": 2, "surface": "paving_stones", "oneway": "no", "maxspeed": "", "source_id": "osm/way/267214811", "source": "OpenStreetMap", "licence": "ODbL 1.0"}, "geometry": {"type": "LineString", "coordinates": [[-0.1272126, 51.5079101], [-0.1272086, 51.5078612], [-0.1272135, 51.5078373], [-0.1272272, 51.5078171], [-0.127245, 51.5078016], [-0.1273009, 51.5077735], [-0.127384, 51.5077381], [-0.12744, 51.5077159], [-0.1275115, 51.5076892], [-0.1275733, 51.5076723], [-0.1276837, 51.5076495], [-0.1278473, 51.5076227], [-0.1280157, 51.5075983], [-0.1281153, 51.5075818], [-0.1282295, 51.507577], [-0.1283522, 51.507579], [-0.1284593, 51.5075837], [-0.1285398, 51.5075876], [-0.1285925, 51.5075938], [-0.1286224, 51.5076028], [-0.1286434, 51.5076127], [-0.1286679, 51.5076446], [-0.1287058, 51.5077149], [-0.1288939, 51.5081698], [-0.1289177, 51.5082241], [-0.1289472, 51.5082675], [-0.128972, 51.5082905], [-0.1290129, 51.5083159], [-0.1290773, 51.5083421]]}}, {"type": "Feature", "properties": {"highway": "footway", "name": "", "lanes": 2, "surface": "asphalt", "oneway": "no", "maxspeed": "", "source_id": "osm/way/267215488", "source": "OpenStreetMap", "licence": "ODbL 1.0"}, "geometry": {"type": "LineString", "coordinates": [[-0.1271247, 51.5073529], [-0.127134, 51.5073296], [-0.1271418, 51.50731]]}}, {"type": "Feature", "properties": {"highway": "footway", "name": "", "lanes": 2, "surface": "paving_stones", "oneway": "no", "maxspeed": "", "source_id": "osm/way/267215493", "source": "OpenStreetMap", "licence": "ODbL 1.0"}, "geometry": {"type": "LineString", "coordinates": [[-0.12746, 51.5077339], [-0.12744, 51.5077159], [-0.1274236, 51.5077014]]}}, {"type": "Feature", "properties": {"highway": "footway", "name": "", "lanes": 2, "surface": "asphalt", "oneway": "no", "maxspeed": "", "source_id": "osm/way/297344119", "source": "OpenStreetMap", "licence": "ODbL 1.0"}, "geometry": {"type": "LineString", "coordinates": [[-0.1236487, 51.5049393], [-0.1235863, 51.5049346], [-0.1235244, 51.5049416], [-0.1234687, 51.5049598], [-0.1234241, 51.5049874], [-0.1233939, 51.5050231], [-0.1233827, 51.5050628], [-0.1233902, 51.5050999], [-0.1234142, 51.5051342], [-0.1234528, 51.5051628], [-0.1235028, 51.5051835], [-0.1235603, 51.5051945], [-0.1236203, 51.505195], [-0.1236782, 51.5051848], [-0.123729, 51.5051649], [-0.1237687, 51.5051368], [-0.1237925, 51.5051059], [-0.1238026, 51.5050721], [-0.1237982, 51.5050379], [-0.1237797, 51.5050056], [-0.1237483, 51.5049774], [-0.1237062, 51.5049552], [-0.1236487, 51.5049393]]}}, {"type": "Feature", "properties": {"highway": "footway", "name": "", "lanes": 2, "surface": "asphalt", "oneway": "no", "maxspeed": "", "source_id": "osm/way/297344120", "source": "OpenStreetMap", "licence": "ODbL 1.0"}, "geometry": {"type": "LineString", "coordinates": [[-0.1228733, 51.5062901], [-0.1228733, 51.5063249], [-0.1228884, 51.5063584], [-0.1229181, 51.5063889], [-0.12296, 51.506413], [-0.1230111, 51.5064291], [-0.1230671, 51.5064358], [-0.1231242, 51.5064328], [-0.1231775, 51.5064202], [-0.1232244, 51.5063982], [-0.1232595, 51.5063689], [-0.12328, 51.5063347], [-0.1232843, 51.5063005], [-0.123274, 51.5062667], [-0.1232496, 51.5062358], [-0.1232131, 51.5062101], [-0.1231669, 51.5061914], [-0.1231143, 51.5061809], [-0.1230592, 51.5061794], [-0.1230054, 51.5061871], [-0.1229568, 51.5062033], [-0.1229168, 51.506227], [-0.1228883, 51.5062565], [-0.1228733, 51.5062901]]}}, {"type": "Feature", "properties": {"highway": "footway", "name": "", "lanes": 2, "surface": "asphalt", "oneway": "no", "maxspeed": "", "source_id": "osm/way/297344121", "source": "OpenStreetMap", "licence": "ODbL 1.0"}, "geometry": {"type": "LineString", "coordinates": [[-0.1235197, 51.5057836], [-0.123551, 51.505759], [-0.1235717, 51.5057303], [-0.1235804, 51.5057008], [-0.1235777, 51.5056708], [-0.1235637, 51.505642], [-0.1235394, 51.5056161], [-0.1235059, 51.5055944], [-0.1234652, 51.5055782], [-0.1234196, 51.5055685], [-0.1233715, 51.5055656], [-0.1233238, 51.5055698], [-0.1232789, 51.5055809], [-0.1232395, 51.5055982], [-0.1232076, 51.5056208], [-0.1231852, 51.5056474], [-0.1231734, 51.5056765], [-0.1231732, 51.505708], [-0.1231853, 51.5057385], [-0.1232091, 51.5057663], [-0.1232431, 51.5057895], [-0.1232852, 51.5058069], [-0.1233329, 51.5058173], [-0.1233832, 51.5058201], [-0.1234331, 51.5058152], [-0.1234795, 51.5058028], [-0.1235197, 51.5057836]]}}, {"type": "Feature", "properties": {"highway": "primary", "name": "Northumberland Avenue", "lanes": 2, "surface": "asphalt", "oneway": "no", "maxspeed": "20 mph", "source_id": "osm/way/300869140", "source": "OpenStreetMap", "licence": "ODbL 1.0"}, "geometry": {"type": "LineString", "coordinates": [[-0.1258704, 51.5071262], [-0.1265101, 51.5072502]]}}, {"type": "Feature", "properties": {"highway": "primary", "name": "Northumberland Avenue", "lanes": 2, "surface": "asphalt", "oneway": "no", "maxspeed": "20 mph", "source_id": "osm/way/300869141", "source": "OpenStreetMap", "licence": "ODbL 1.0"}, "geometry": {"type": "LineString", "coordinates": [[-0.1249151, 51.5069448], [-0.1251052, 51.5069757], [-0.1251663, 51.5069856], [-0.1252235, 51.5069974], [-0.1254736, 51.5070488], [-0.1258704, 51.5071262]]}}, {"type": "Feature", "properties": {"highway": "primary", "name": "Whitehall", "lanes": 2, "surface": "asphalt", "oneway": "yes", "maxspeed": "20 mph", "source_id": "osm/way/300869142", "source": "OpenStreetMap", "licence": "ODbL 1.0"}, "geometry": {"type": "LineString", "coordinates": [[-0.127022, 51.5059782], [-0.1270666, 51.5060617], [-0.1270992, 51.5061251], [-0.12707, 51.5061994]]}}, {"type": "Feature", "properties": {"highway": "residential", "name": "Whitehall Place", "lanes": 2, "surface": "asphalt", "oneway": "no", "maxspeed": "20 mph", "source_id": "osm/way/332620705", "source": "OpenStreetMap", "licence": "ODbL 1.0"}, "geometry": {"type": "LineString", "coordinates": [[-0.1258807, 51.5058521], [-0.1255486, 51.505944]]}}, {"type": "Feature", "properties": {"highway": "service", "name": "", "lanes": 2, "surface": "asphalt", "oneway": "no", "maxspeed": "", "source_id": "osm/way/367643456", "source": "OpenStreetMap", "licence": "ODbL 1.0"}, "geometry": {"type": "LineString", "coordinates": [[-0.1250144, 51.5003209], [-0.1248226, 51.5003039]]}}, {"type": "Feature", "properties": {"highway": "pedestrian", "name": "The Terrace", "lanes": 2, "surface": "asphalt", "oneway": "no", "maxspeed": "", "source_id": "osm/way/367645111", "source": "OpenStreetMap", "licence": "ODbL 1.0"}, "geometry": {"type": "LineString", "coordinates": [[-0.1240716, 51.4983943], [-0.1237008, 51.5002517], [-0.1237053, 51.5002496], [-0.1237096, 51.5002473], [-0.1237209, 51.5002481], [-0.1237279, 51.5002536], [-0.1237276, 51.5002557], [-0.1237777, 51.5002588], [-0.1237785, 51.5002559], [-0.1237911, 51.5002568], [-0.1237908, 51.5002597], [-0.123852, 51.5002639], [-0.1238525, 51.5002612], [-0.1238613, 51.5002568], [-0.1238698, 51.5002573], [-0.1238763, 51.5002228], [-0.1238696, 51.5002224], [-0.1238643, 51.5002158], [-0.1238714, 51.5002105], [-0.1238787, 51.5002111], [-0.1238855, 51.5001736], [-0.1238791, 51.5001731], [-0.1238745, 51.5001668], [-0.1238811, 51.5001615], [-0.1238879, 51.500162], [-0.1238947, 51.5001261], [-0.1238877, 51.5001257], [-0.1238833, 51.5001197], [-0.1238895, 51.5001143], [-0.1238967, 51.5001148], [-0.123904, 51.5000773], [-0.1238982, 51.500077], [-0.1238922, 51.5000711], [-0.1238994, 51.5000653], [-0.1239063, 51.5000656], [-0.1239135, 51.5000304], [-0.1239079, 51.5000299], [-0.1239029, 51.5000234], [-0.1239098, 51.5000177], [-0.1239158, 51.5000182], [-0.1239228, 51.4999825], [-0.1239162, 51.4999819], [-0.123912, 51.4999749], [-0.1239187, 51.4999698], [-0.1239251, 51.4999701], [-0.1239331, 51.4999354], [-0.1239259, 51.499935], [-0.1239206, 51.4999284], [-0.1239281, 51.4999221], [-0.1239354, 51.4999226], [-0.1239416, 51.4998879], [-0.1239356, 51.4998875], [-0.1239301, 51.4998802], [-0.1239376, 51.4998744], [-0.1239437, 51.4998747], [-0.1239508, 51.4998383], [-0.1239444, 51.4998377], [-0.1239389, 51.4998311], [-0.1239462, 51.4998257], [-0.1239531, 51.4998261], [-0.1239615, 51.499787], [-0.1239548, 51.4997865], [-0.1239505, 51.4997803], [-0.1239568, 51.4997757], [-0.1239639, 51.4997761], [-0.1239698, 51.4997427], [-0.123962, 51.4997419], [-0.1239575, 51.4997373], [-0.1239641, 51.4997321], [-0.1239717, 51.4997326], [-0.1239779, 51.4996942], [-0.1239712, 51.4996938], [-0.1239641, 51.4996883], [-0.1239654, 51.4996813], [-0.1239742, 51.4996769], [-0.1239811, 51.4996773], [-0.1239825, 51.4996696], [-0.123967, 51.4996588], [-0.123969, 51.4996501], [-0.123971, 51.4996413], [-0.1239897, 51.4996311], [-0.1239912, 51.4996253], [-0.1239842, 51.4996249], [-0.1239771, 51.4996194], [-0.1239784, 51.4996124], [-0.1239872, 51.499608], [-0.1239943, 51.4996084], [-0.1240032, 51.4995682], [-0.1239968, 51.4995677], [-0.1239916, 51.4995623], [-0.1239978, 51.4995565], [-0.1240053, 51.4995569], [-0.1240134, 51.4995195], [-0.1240073, 51.4995189], [-0.1240021, 51.4995133], [-0.1240082, 51.4995078], [-0.1240156, 51.4995081], [-0.1240242, 51.4994674], [-0.1240158, 51.4994667], [-0.1240108, 51.4994603], [-0.1240183, 51.4994548], [-0.1240262, 51.499455], [-0.1240345, 51.4994176], [-0.1240266, 51.499417], [-0.1240206, 51.499411], [-0.1240287, 51.4994052], [-0.1240365, 51.4994055], [-0.1240439, 51.4993684], [-0.1240367, 51.4993679], [-0.1240319, 51.4993617], [-0.1240392, 51.4993557], [-0.1240458, 51.4993561], [-0.1240535, 51.4993164], [-0.1240467, 51.4993158], [-0.124041, 51.4993099], [-0.1240496, 51.4993039], [-0.1240562, 51.4993044], [-0.1240642, 51.4992656], [-0.1240561, 51.4992649], [-0.1240517, 51.4992588], [-0.1240583, 51.4992538], [-0.1240665, 51.4992545], [-0.1240754, 51.4992134], [-0.1240668, 51.4992127], [-0.1240629, 51.4992068], [-0.1240691, 51.4992014], [-0.1240774, 51.4992019], [-0.1240851, 51.4991639], [-0.124077, 51.4991631], [-0.1240733, 51.4991569], [-0.12408, 51.4991515], [-0.1240877, 51.499152], [-0.1240953, 51.499115], [-0.1240874, 51.4991143], [-0.1240821, 51.4991076], [-0.1240904, 51.4991023], [-0.124098, 51.4991028], [-0.1241054, 51.4990614], [-0.1240979, 51.4990608], [-0.1240908, 51.4990553], [-0.1240921, 51.4990483], [-0.1241009, 51.4990439], [-0.1241084, 51.4990444], [-0.1241091, 51.4990395], [-0.1240927, 51.4990276], [-0.1240942, 51.4990171], [-0.1240956, 51.4990066], [-0.1241171, 51.4989962], [-0.1241181, 51.4989922], [-0.1241106, 51.4989917], [-0.1241035, 51.4989862], [-0.1241048, 51.4989792], [-0.1241136, 51.4989748], [-0.1241213, 51.4989754], [-0.1241307, 51.4989321], [-0.1241252, 51.4989317], [-0.1241224, 51.4989275], [-0.1241268, 51.4989228], [-0.1241327, 51.4989232], [-0.1241397, 51.498884], [-0.124135, 51.4988837], [-0.1241312, 51.4988791], [-0.1241366, 51.4988745], [-0.1241418, 51.498875], [-0.1241495, 51.4988367], [-0.1241446, 51.4988363], [-0.1241407, 51.4988317], [-0.1241468, 51.4988266], [-0.1241509, 51.4988268], [-0.1241585, 51.4987895], [-0.1241542, 51.4987891], [-0.1241511, 51.4987843], [-0.1241556, 51.4987792], [-0.1241608, 51.4987795], [-0.124168, 51.4987424], [-0.1241623, 51.498742], [-0.1241591, 51.4987373], [-0.124164, 51.4987327], [-0.12417, 51.498733], [-0.1241784, 51.4986945], [-0.1241724, 51.4986941], [-0.12417, 51.4986896], [-0.124174, 51.4986849], [-0.1241802, 51.4986854], [-0.1241879, 51.4986465], [-0.1241827, 51.4986462], [-0.1241782, 51.4986412], [-0.1241838, 51.498636], [-0.1241896, 51.4986364], [-0.1241978, 51.4986008], [-0.1241939, 51.4986005], [-0.1241903, 51.4985947], [-0.1241951, 51.4985897], [-0.1242001, 51.49859], [-0.1242071, 51.4985532], [-0.124202, 51.4985529], [-0.124198, 51.4985472], [-0.124204, 51.4985423], [-0.1242093, 51.4985426], [-0.1242175, 51.4985032], [-0.1242119, 51.4985028], [-0.1242081, 51.4984977], [-0.1242131, 51.4984927], [-0.1242197, 51.4984931], [-0.1242284, 51.4984561], [-0.1242217, 51.4984555], [-0.1242188, 51.4984507], [-0.1242237, 51.4984461], [-0.1242304, 51.4984467], [-0.1242374, 51.4984104], [-0.1242283, 51.4984097], [-0.1242212, 51.4984043], [-0.1242216, 51.4984019], [-0.1241694, 51.4983985], [-0.1241686, 51.4984011], [-0.124156, 51.4984002], [-0.1241563, 51.4983976], [-0.1240991, 51.4983939], [-0.1240987, 51.4983962], [-0.1240899, 51.4984006], [-0.1240786, 51.4983998], [-0.1240716, 51.4983943]]}}, {"type": "Feature", "properties": {"highway": "footway", "name": "", "lanes": 2, "surface": "asphalt", "oneway": "no", "maxspeed": "", "source_id": "osm/way/370051644", "source": "OpenStreetMap", "licence": "ODbL 1.0"}, "geometry": {"type": "LineString", "coordinates": [[-0.1269836, 51.5000458], [-0.1269904, 51.5000867], [-0.1269783, 51.5001378]]}}, {"type": "Feature", "properties": {"highway": "footway", "name": "", "lanes": 2, "surface": "paving_stones", "oneway": "no", "maxspeed": "", "source_id": "osm/way/370051647", "source": "OpenStreetMap", "licence": "ODbL 1.0"}, "geometry": {"type": "LineString", "coordinates": [[-0.1263354, 51.4998258], [-0.1263716, 51.4998256], [-0.1264138, 51.4998253]]}}, {"type": "Feature", "properties": {"highway": "primary", "name": "Northumberland Avenue", "lanes": 2, "surface": "asphalt", "oneway": "yes", "maxspeed": "20 mph", "source_id": "osm/way/377367118", "source": "OpenStreetMap", "licence": "ODbL 1.0"}, "geometry": {"type": "LineString", "coordinates": [[-0.1270411, 51.5074002], [-0.1268214, 51.5073485], [-0.1266935, 51.5072947]]}}, {"type": "Feature", "properties": {"highway": "cycleway", "name": "Northumberland Avenue", "lanes": 2, "surface": "asphalt", "oneway": "yes", "maxspeed": "", "source_id": "osm/way/383122617", "source": "OpenStreetMap", "licence": "ODbL 1.0"}, "geometry": {"type": "LineString", "coordinates": [[-0.1223813, 51.5065237], [-0.1223122, 51.5064995]]}}, {"type": "Feature", "properties": {"highway": "primary", "name": "Bridge Street", "lanes": 3, "surface": "asphalt", "oneway": "no", "maxspeed": "20 mph", "source_id": "osm/way/406364948", "source": "OpenStreetMap", "licence": "ODbL 1.0"}, "geometry": {"type": "LineString", "coordinates": [[-0.1242238, 51.5009486], [-0.124005, 51.500936]]}}, {"type": "Feature", "properties": {"highway": "cycleway", "name": "", "lanes": 2, "surface": "asphalt", "oneway": "yes", "maxspeed": "", "source_id": "osm/way/406364951", "source": "OpenStreetMap", "licence": "ODbL 1.0"}, "geometry": {"type": "LineString", "coordinates": [[-0.1200109, 51.5007277], [-0.1231261, 51.5008207]]}}, {"type": "Feature", "properties": {"highway": "cycleway", "name": "Bridge Street", "lanes": 2, "surface": "asphalt", "oneway": "no", "maxspeed": "", "source_id": "osm/way/406364954", "source": "OpenStreetMap", "licence": "ODbL 1.0"}, "geometry": {"type": "LineString", "coordinates": [[-0.123964, 51.5008556], [-0.1240317, 51.5008602], [-0.1241984, 51.5008719], [-0.1245245, 51.5008992], [-0.1246293, 51.5009029], [-0.1248448, 51.5009052], [-0.1251767, 51.5008946], [-0.1255629, 51.5008994], [-0.125749, 51.5009041], [-0.12586, 51.5009116]]}}, {"type": "Feature", "properties": {"highway": "cycleway", "name": "", "lanes": 2, "surface": "asphalt", "oneway": "yes", "maxspeed": "", "source_id": "osm/way/406364955", "source": "OpenStreetMap", "licence": "ODbL 1.0"}, "geometry": {"type": "LineString", "coordinates": [[-0.1230794, 51.5046071], [-0.1231249, 51.5046133], [-0.1231578, 51.5046178], [-0.1232249, 51.5046552]]}}, {"type": "Feature", "properties": {"highway": "cycleway", "name": "Bridge Street", "lanes": 2, "surface": "asphalt", "oneway": "no", "maxspeed": "", "source_id": "osm/way/406370785", "source": "OpenStreetMap", "licence": "ODbL 1.0"}, "geometry": {"type": "LineString", "coordinates": [[-0.12586, 51.5009116], [-0.1261497, 51.5009258]]}}, {"type": "Feature", "properties": {"highway": "primary", "name": "Bridge Street", "lanes": 3, "surface": "asphalt", "oneway": "no", "maxspeed": "20 mph", "source_id": "osm/way/406370787", "source": "OpenStreetMap", "licence": "ODbL 1.0"}, "geometry": {"type": "LineString", "coordinates": [[-0.1242238, 51.5009486], [-0.1242936, 51.5009534], [-0.1243366, 51.5009551], [-0.1243943, 51.500958], [-0.1244408, 51.5009605], [-0.124511, 51.5009642]]}}, {"type": "Feature", "properties": {"highway": "primary", "name": "Saint Margaret Street", "lanes": 3, "surface": "asphalt", "oneway": "yes", "maxspeed": "20 mph", "source_id": "osm/way/406370789", "source": "OpenStreetMap", "licence": "ODbL 1.0"}, "geometry": {"type": "LineString", "coordinates": [[-0.1261537, 51.5010077], [-0.1261511, 51.5009582]]}}, {"type": "Feature", "properties": {"highway": "primary", "name": "Parliament Square", "lanes": 3, "surface": "asphalt", "oneway": "yes", "maxspeed": "20 mph", "source_id": "osm/way/413046623", "source": "OpenStreetMap", "licence": "ODbL 1.0"}, "geometry": {"type": "LineString", "coordinates": [[-0.1261475, 51.5008537], [-0.1261446, 51.5007858], [-0.1261503, 51.500737], [-0.1261599, 51.5006137], [-0.126167, 51.5005224], [-0.1261727, 51.5004496]]}}, {"type": "Feature", "properties": {"highway": "primary", "name": "Bridge Street", "lanes": 4, "surface": "asphalt", "oneway": "no", "maxspeed": "20 mph", "source_id": "osm/way/413047211", "source": "OpenStreetMap", "licence": "ODbL 1.0"}, "geometry": {"type": "LineString", "coordinates": [[-0.1251333, 51.5009764], [-0.1252407, 51.5009787], [-0.1254885, 51.5009842]]}}, {"type": "Feature", "properties": {"highway": "cycleway", "name": "Great George Street", "lanes": 2, "surface": "asphalt", "oneway": "no", "maxspeed": "", "source_id": "osm/way/415677498", "source": "OpenStreetMap", "licence": "ODbL 1.0"}, "geometry": {"type": "LineString", "coordinates": [[-0.1261497, 51.5009258], [-0.1263301, 51.5009306]]}}, {"type": "Feature", "properties": {"highway": "cycleway", "name": "", "lanes": 2, "surface": "asphalt", "oneway": "yes", "maxspeed": "", "source_id": "osm/way/415935333", "source": "OpenStreetMap", "licence": "ODbL 1.0"}, "geometry": {"type": "LineString", "coordinates": [[-0.1232249, 51.5046552], [-0.1231242, 51.504716], [-0.1230515, 51.5047075]]}}, {"type": "Feature", "properties": {"highway": "cycleway", "name": "Victoria Embankment", "lanes": 2, "surface": "asphalt", "oneway": "no", "maxspeed": "", "source_id": "osm/way/416112692", "source": "OpenStreetMap", "licence": "ODbL 1.0"}, "geometry": {"type": "LineString", "coordinates": [[-0.1239354, 51.5010783], [-0.1239189, 51.5011604], [-0.1238719, 51.5014466], [-0.123821, 51.5019313]]}}, {"type": "Feature", "properties": {"highway": "cycleway", "name": "", "lanes": 2, "surface": "asphalt", "oneway": "no", "maxspeed": "", "source_id": "osm/way/416112693", "source": "OpenStreetMap", "licence": "ODbL 1.0"}, "geometry": {"type": "LineString", "coordinates": [[-0.123964, 51.5008556], [-0.1239538, 51.5009331]]}}, {"type": "Feature", "properties": {"highway": "tertiary", "name": "Great George Street", "lanes": 2, "surface": "asphalt", "oneway": "yes", "maxspeed": "20 mph", "source_id": "osm/way/416441990", "source": "OpenStreetMap", "licence": "ODbL 1.0"}, "geometry": {"type": "LineString", "coordinates": [[-0.1273097, 51.5010988], [-0.1271182, 51.5010584]]}}, {"type": "Feature", "properties": {"highway": "primary", "name": "Victoria Embankment", "lanes": 2, "surface": "asphalt", "oneway": "no", "maxspeed": "20 mph", "source_id": "osm/way/416690552", "source": "OpenStreetMap", "licence": "ODbL 1.0"}, "geometry": {"type": "LineString", "coordinates": [[-0.1224183, 51.506463], [-0.1224617, 51.5064145], [-0.1224804, 51.5063933], [-0.122502, 51.5063547], [-0.1225223, 51.5063201], [-0.1225878, 51.5062651]]}}, {"type": "Feature", "properties": {"highway": "footway", "name": "", "lanes": 2, "surface": "asphalt", "oneway": "no", "maxspeed": "", "source_id": "osm/way/416690594", "source": "OpenStreetMap", "licence": "ODbL 1.0"}, "geometry": {"type": "LineString", "coordinates": [[-0.1224179, 51.5062913], [-0.1223993, 51.506285], [-0.1223678, 51.506276]]}}, {"type": "Feature", "properties": {"highway": "footway", "name": "", "lanes": 2, "surface": "asphalt", "oneway": "no", "maxspeed": "", "source_id": "osm/way/416690616", "source": "OpenStreetMap", "licence": "ODbL 1.0"}, "geometry": {"type": "LineString", "coordinates": [[-0.1219843, 51.5072202], [-0.1218844, 51.5071892], [-0.1217717, 51.5071578]]}}, {"type": "Feature", "properties": {"highway": "cycleway", "name": "Victoria Embankment", "lanes": 2, "surface": "asphalt", "oneway": "no", "maxspeed": "", "source_id": "osm/way/416815340", "source": "OpenStreetMap", "licence": "ODbL 1.0"}, "geometry": {"type": "LineString", "coordinates": [[-0.1218506, 51.507017], [-0.1217788, 51.5070978], [-0.1216905, 51.5071962], [-0.1216711, 51.5072202], [-0.1216515, 51.5072396], [-0.1215646, 51.5073528], [-0.1213534, 51.507629], [-0.1211448, 51.5078804], [-0.1210245, 51.5080293], [-0.1209034, 51.5081653], [-0.1207843, 51.508285], [-0.1206084, 51.5084553], [-0.1204206, 51.5086112], [-0.1202289, 51.5087514], [-0.120005, 51.5088884], [-0.1198743, 51.5089676], [-0.1198515, 51.5089795], [-0.1198122, 51.5090065], [-0.1196262, 51.5091148], [-0.119303, 51.5093114], [-0.1190133, 51.5094567], [-0.1189426, 51.509489], [-0.1189208, 51.5095005], [-0.1188919, 51.5095122], [-0.1188258, 51.509543], [-0.1186488, 51.5096222], [-0.1184958, 51.5096833], [-0.1182702, 51.509759], [-0.1182303, 51.5097724], [-0.1177704, 51.509918], [-0.117435, 51.5100214], [-0.1173602, 51.5100445], [-0.1169363, 51.5101746], [-0.1165479, 51.5102858], [-0.1161123, 51.5103743], [-0.1155433, 51.5104898], [-0.1154883, 51.5105006], [-0.115441, 51.5105098], [-0.1152902, 51.5105413], [-0.1147001, 51.5106471], [-0.1144142, 51.5106917], [-0.1141435, 51.5107289], [-0.113736, 51.510783], [-0.1133729, 51.5108198], [-0.1133115, 51.5108259], [-0.1132546, 51.5108331], [-0.1128633, 51.5108738], [-0.1125664, 51.5109001], [-0.1123117, 51.5109199], [-0.111983, 51.5109427], [-0.1116531, 51.5109529], [-0.1111756, 51.5109676], [-0.110174, 51.510963], [-0.1084525, 51.5109551]]}}, {"type": "Feature", "properties": {"highway": "primary", "name": "Parliament Square", "lanes": 3, "surface": "asphalt", "oneway": "yes", "maxspeed": "20 mph", "source_id": "osm/way/419357196", "source": "OpenStreetMap", "licence": "ODbL 1.0"}, "geometry": {"type": "LineString", "coordinates": [[-0.1273873, 51.5009846], [-0.1273303, 51.501014]]}}, {"type": "Feature", "properties": {"highway": "primary", "name": "Victoria Embankment", "lanes": 2, "surface": "asphalt", "oneway": "no", "maxspeed": "20 mph", "source_id": "osm/way/419359922", "source": "OpenStreetMap", "licence": "ODbL 1.0"}, "geometry": {"type": "LineString", "coordinates": [[-0.1227009, 51.5060458], [-0.1227915, 51.5058054], [-0.1228791, 51.505573], [-0.1230036, 51.5052424], [-0.1230443, 51.5051344], [-0.1231194, 51.5049352], [-0.1231256, 51.5049189], [-0.1232249, 51.5046552]]}}, {"type": "Feature", "properties": {"highway": "cycleway", "name": "Great George Street", "lanes": 2, "surface": "asphalt", "oneway": "no", "maxspeed": "", "source_id": "osm/way/419361753", "source": "OpenStreetMap", "licence": "ODbL 1.0"}, "geometry": {"type": "LineString", "coordinates": [[-0.1273762, 51.5011428], [-0.1273097, 51.5010988], [-0.1272278, 51.5010506], [-0.127116, 51.500979]]}}, {"type": "Feature", "properties": {"highway": "cycleway", "name": "", "lanes": 2, "surface": "asphalt", "oneway": "yes", "maxspeed": "", "source_id": "osm/way/431792810", "source": "OpenStreetMap", "licence": "ODbL 1.0"}, "geometry": {"type": "LineString", "coordinates": [[-0.1269288, 51.5002281], [-0.126968, 51.5002908], [-0.1272214, 51.5003228], [-0.1273143, 51.5003294], [-0.1273942, 51.5003597], [-0.1274202, 51.5003914], [-0.1274305, 51.5004216], [-0.1275326, 51.5004476]]}}, {"type": "Feature", "properties": {"highway": "primary", "name": "Westminster Bridge", "lanes": 2, "surface": "asphalt", "oneway": "no", "maxspeed": "20 mph", "source_id": "osm/way/431794367", "source": "OpenStreetMap", "licence": "ODbL 1.0"}, "geometry": {"type": "LineString", "coordinates": [[-0.1239538, 51.5009331], [-0.1237008, 51.5009199], [-0.123613, 51.500915], [-0.1235988, 51.5009142], [-0.123577, 51.5009134]]}}, {"type": "Feature", "properties": {"highway": "primary", "name": "Parliament Square", "lanes": 5, "surface": "asphalt", "oneway": "yes", "maxspeed": "20 mph", "source_id": "osm/way/431794368", "source": "OpenStreetMap", "licence": "ODbL 1.0"}, "geometry": {"type": "LineString", "coordinates": [[-0.1261497, 51.5009258], [-0.1261475, 51.5008537]]}}, {"type": "Feature", "properties": {"highway": "cycleway", "name": "", "lanes": 2, "surface": "paving_stones", "oneway": "yes", "maxspeed": "", "source_id": "osm/way/431794369", "source": "OpenStreetMap", "licence": "ODbL 1.0"}, "geometry": {"type": "LineString", "coordinates": [[-0.1262545, 51.5008534], [-0.1263182, 51.5008603], [-0.1263427, 51.5008993], [-0.1263396, 51.5009135]]}}, {"type": "Feature", "properties": {"highway": "cycleway", "name": "Victoria Embankment", "lanes": 2, "surface": "asphalt", "oneway": "no", "maxspeed": "", "source_id": "osm/way/431794370", "source": "OpenStreetMap", "licence": "ODbL 1.0"}, "geometry": {"type": "LineString", "coordinates": [[-0.1239538, 51.5009331], [-0.1239487, 51.500991], [-0.1239354, 51.5010783]]}}, {"type": "Feature", "properties": {"highway": "footway", "name": "", "lanes": 2, "surface": "asphalt", "oneway": "no", "maxspeed": "", "source_id": "osm/way/435059859", "source": "OpenStreetMap", "licence": "ODbL 1.0"}, "geometry": {"type": "LineString", "coordinates": [[-0.1253838, 51.5081378], [-0.12512, 51.5079933]]}}, {"type": "Feature", "properties": {"highway": "primary", "name": "St. Margaret Street", "lanes": 2, "surface": "asphalt", "oneway": "yes", "maxspeed": "20 mph", "source_id": "osm/way/449612411", "source": "OpenStreetMap", "licence": "ODbL 1.0"}, "geometry": {"type": "LineString", "coordinates": [[-0.1262296, 51.5000114], [-0.1262473, 51.5000774], [-0.1262799, 51.5001313], [-0.1263434, 51.500176], [-0.1264199, 51.5002119]]}}, {"type": "Feature", "properties": {"highway": "cycleway", "name": "", "lanes": 2, "surface": "asphalt", "oneway": "yes", "maxspeed": "", "source_id": "osm/way/449612413", "source": "OpenStreetMap", "licence": "ODbL 1.0"}, "geometry": {"type": "LineString", "coordinates": [[-0.1262363, 51.4997999], [-0.1262979, 51.4998507], [-0.1262966, 51.499941], [-0.1262959, 51.4999574], [-0.1262296, 51.5000114]]}}, {"type": "Feature", "properties": {"highway": "primary", "name": "St. Margaret Street", "lanes": 2, "surface": "asphalt", "oneway": "yes", "maxspeed": "20 mph", "source_id": "osm/way/449612414", "source": "OpenStreetMap", "licence": "ODbL 1.0"}, "geometry": {"type": "LineString", "coordinates": [[-0.1262363, 51.4997999], [-0.1262206, 51.4999124], [-0.1262227, 51.4999642], [-0.1262296, 51.5000114]]}}, {"type": "Feature", "properties": {"highway": "residential", "name": "Northumberland Street", "lanes": 2, "surface": "sett", "oneway": "no", "maxspeed": "20 mph", "source_id": "osm/way/450558287", "source": "OpenStreetMap", "licence": "ODbL 1.0"}, "geometry": {"type": "LineString", "coordinates": [[-0.1261132, 51.5077287], [-0.125983, 51.5076475], [-0.125883, 51.507588]]}}, {"type": "Feature", "properties": {"highway": "primary", "name": "King Charles I Island", "lanes": 3, "surface": "asphalt", "oneway": "yes", "maxspeed": "20 mph", "source_id": "osm/way/451852747", "source": "OpenStreetMap", "licence": "ODbL 1.0"}, "geometry": {"type": "LineString", "coordinates": [[-0.1272802, 51.5074545], [-0.1272779, 51.5074363], [-0.1272858, 51.5074002], [-0.1273012, 51.5073603], [-0.1273162, 51.5073309], [-0.1273415, 51.507302]]}}, {"type": "Feature", "properties": {"highway": "footway", "name": "", "lanes": 2, "surface": "asphalt", "oneway": "no", "maxspeed": "", "source_id": "osm/way/459623876", "source": "OpenStreetMap", "licence": "ODbL 1.0"}, "geometry": {"type": "LineString", "coordinates": [[-0.121628, 51.5071607], [-0.1215313, 51.5071346], [-0.1213445, 51.5070797], [-0.1214009, 51.5070079], [-0.1213336, 51.5069899]]}}, {"type": "Feature", "properties": {"highway": "primary", "name": "Great George Street", "lanes": 1, "surface": "asphalt", "oneway": "yes", "maxspeed": "20 mph", "source_id": "osm/way/470131194", "source": "OpenStreetMap", "licence": "ODbL 1.0"}, "geometry": {"type": "LineString", "coordinates": [[-0.1267615, 51.5010374], [-0.1266788, 51.5009864], [-0.1264627, 51.5009726]]}}, {"type": "Feature", "properties": {"highway": "footway", "name": "Victoria Embankment", "lanes": 2, "surface": "paving_stones", "oneway": "no", "maxspeed": "", "source_id": "osm/way/476076346", "source": "OpenStreetMap", "licence": "ODbL 1.0"}, "geometry": {"type": "LineString", "coordinates": [[-0.1237172, 51.5019808], [-0.123681, 51.5021002], [-0.1235346, 51.502638], [-0.1234807, 51.5028267], [-0.1233901, 51.5031161], [-0.12334, 51.5032985], [-0.1232747, 51.503536], [-0.1231648, 51.5039734], [-0.1230499, 51.5044406]]}}, {"type": "Feature", "properties": {"highway": "footway", "name": "", "lanes": 2, "surface": "paving_stones", "oneway": "no", "maxspeed": "", "source_id": "osm/way/476083026", "source": "OpenStreetMap", "licence": "ODbL 1.0"}, "geometry": {"type": "LineString", "coordinates": [[-0.12334, 51.5032985], [-0.1233559, 51.502991], [-0.1234578, 51.5025235], [-0.1235806, 51.5019692]]}}, {"type": "Feature", "properties": {"highway": "footway", "name": "Victoria Embankment", "lanes": 2, "surface": "paving_stones", "oneway": "no", "maxspeed": "", "source_id": "osm/way/476102912", "source": "OpenStreetMap", "licence": "ODbL 1.0"}, "geometry": {"type": "LineString", "coordinates": [[-0.1190243, 51.5096484], [-0.1193144, 51.5095118], [-0.1196479, 51.509334], [-0.1199335, 51.5091644], [-0.1199661, 51.5091443], [-0.1204112, 51.508855], [-0.1208133, 51.508554], [-0.1211455, 51.5082472], [-0.1213009, 51.5080947], [-0.121575, 51.5077577], [-0.1218755, 51.5073626], [-0.1219843, 51.5072202]]}}, {"type": "Feature", "properties": {"highway": "footway", "name": "Victoria Embankment", "lanes": 2, "surface": "paving_stones", "oneway": "no", "maxspeed": "", "source_id": "osm/way/476102913", "source": "OpenStreetMap", "licence": "ODbL 1.0"}, "geometry": {"type": "LineString", "coordinates": [[-0.1220311, 51.5071649], [-0.1224122, 51.5066834], [-0.1224657, 51.5066306]]}}, {"type": "Feature", "properties": {"highway": "footway", "name": "", "lanes": 2, "surface": "asphalt", "oneway": "no", "maxspeed": "", "source_id": "osm/way/476102914", "source": "OpenStreetMap", "licence": "ODbL 1.0"}, "geometry": {"type": "LineString", "coordinates": [[-0.1224657, 51.5066306], [-0.1224793, 51.5066058]]}}, {"type": "Feature", "properties": {"highway": "footway", "name": "", "lanes": 2, "surface": "paving_stones", "oneway": "no", "maxspeed": "", "source_id": "osm/way/477685614", "source": "OpenStreetMap", "licence": "ODbL 1.0"}, "geometry": {"type": "LineString", "coordinates": [[-0.1227494, 51.5063701], [-0.1226855, 51.5063816]]}}, {"type": "Feature", "properties": {"highway": "footway", "name": "Victoria Embankment", "lanes": 2, "surface": "paving_stones", "oneway": "no", "maxspeed": "", "source_id": "osm/way/477685619", "source": "OpenStreetMap", "licence": "ODbL 1.0"}, "geometry": {"type": "LineString", "coordinates": [[-0.1226999, 51.5064148], [-0.1226855, 51.5063816], [-0.1226773, 51.5063577], [-0.1226858, 51.5063237], [-0.1228029, 51.5061132], [-0.1230145, 51.5056528], [-0.123275, 51.5047896], [-0.1232839, 51.5047615], [-0.123297, 51.5047211]]}}, {"type": "Feature", "properties": {"highway": "footway", "name": "", "lanes": 2, "surface": "asphalt", "oneway": "no", "maxspeed": "", "source_id": "osm/way/477685621", "source": "OpenStreetMap", "licence": "ODbL 1.0"}, "geometry": {"type": "LineString", "coordinates": [[-0.1230451, 51.505657], [-0.1230145, 51.5056528]]}}, {"type": "Feature", "properties": {"highway": "footway", "name": "", "lanes": 2, "surface": "asphalt", "oneway": "no", "maxspeed": "", "source_id": "osm/way/477685624", "source": "OpenStreetMap", "licence": "ODbL 1.0"}, "geometry": {"type": "LineString", "coordinates": [[-0.1233387, 51.5047989], [-0.123275, 51.5047896]]}}, {"type": "Feature", "properties": {"highway": "footway", "name": "", "lanes": 2, "surface": "asphalt", "oneway": "no", "maxspeed": "", "source_id": "osm/way/477685627", "source": "OpenStreetMap", "licence": "ODbL 1.0"}, "geometry": {"type": "LineString", "coordinates": [[-0.1238158, 51.5031584], [-0.1238206, 51.5031292], [-0.1238291, 51.5030693]]}}, {"type": "Feature", "properties": {"highway": "footway", "name": "", "lanes": 2, "surface": "paving_stones", "oneway": "no", "maxspeed": "", "source_id": "osm/way/477685629", "source": "OpenStreetMap", "licence": "ODbL 1.0"}, "geometry": {"type": "LineString", "coordinates": [[-0.1242969, 51.5011002], [-0.1242686, 51.5013079], [-0.1242453, 51.5014842], [-0.1242166, 51.5015256], [-0.124112, 51.5019636], [-0.1239956, 51.5022804], [-0.1239366, 51.5024923], [-0.1238308, 51.502949], [-0.1238272, 51.5030554], [-0.1238291, 51.5030693]]}}, {"type": "Feature", "properties": {"highway": "primary", "name": "Northumberland Avenue", "lanes": 2, "surface": "asphalt", "oneway": "yes", "maxspeed": "20 mph", "source_id": "osm/way/480094740", "source": "OpenStreetMap", "licence": "ODbL 1.0"}, "geometry": {"type": "LineString", "coordinates": [[-0.1266935, 51.5072947], [-0.1268477, 51.5073006], [-0.1270539, 51.5073206]]}}, {"type": "Feature", "properties": {"highway": "primary", "name": "Northumberland Avenue", "lanes": 2, "surface": "asphalt", "oneway": "no", "maxspeed": "20 mph", "source_id": "osm/way/480094741", "source": "OpenStreetMap", "licence": "ODbL 1.0"}, "geometry": {"type": "LineString", "coordinates": [[-0.1265101, 51.5072502], [-0.126659, 51.5072857]]}}, {"type": "Feature", "properties": {"highway": "primary", "name": "Trafalgar Square", "lanes": 2, "surface": "asphalt", "oneway": "yes", "maxspeed": "20 mph", "source_id": "osm/way/480094743", "source": "OpenStreetMap", "licence": "ODbL 1.0"}, "geometry": {"type": "LineString", "coordinates": [[-0.1270964, 51.508147], [-0.1270721, 51.5080613], [-0.127052, 51.5079965], [-0.1270414, 51.5079603]]}}, {"type": "Feature", "properties": {"highway": "primary", "name": "Whitehall", "lanes": 3, "surface": "asphalt", "oneway": "yes", "maxspeed": "20 mph", "source_id": "osm/way/482974060", "source": "OpenStreetMap", "licence": "ODbL 1.0"}, "geometry": {"type": "LineString", "coordinates": [[-0.1262846, 51.5040491], [-0.1263071, 51.5041611], [-0.1263381, 51.5043012], [-0.126393, 51.5044661]]}}, {"type": "Feature", "properties": {"highway": "primary", "name": "Whitehall", "lanes": 2, "surface": "asphalt", "oneway": "yes", "maxspeed": "20 mph", "source_id": "osm/way/482974061", "source": "OpenStreetMap", "licence": "ODbL 1.0"}, "geometry": {"type": "LineString", "coordinates": [[-0.1265213, 51.5052456], [-0.1264412, 51.5050475], [-0.1264184, 51.5049961]]}}, {"type": "Feature", "properties": {"highway": "primary", "name": "Northumberland Avenue", "lanes": 2, "surface": "asphalt", "oneway": "no", "maxspeed": "20 mph", "source_id": "osm/way/483872216", "source": "OpenStreetMap", "licence": "ODbL 1.0"}, "geometry": {"type": "LineString", "coordinates": [[-0.126659, 51.5072857], [-0.1266935, 51.5072947]]}}, {"type": "Feature", "properties": {"highway": "primary", "name": "Whitehall", "lanes": 2, "surface": "asphalt", "oneway": "yes", "maxspeed": "20 mph", "source_id": "osm/way/483872217", "source": "OpenStreetMap", "licence": "ODbL 1.0"}, "geometry": {"type": "LineString", "coordinates": [[-0.12707, 51.5061994], [-0.1269801, 51.5061536], [-0.1269589, 51.5061143], [-0.1269446, 51.5060888], [-0.1268974, 51.5060091]]}}, {"type": "Feature", "properties": {"highway": "service", "name": "Hungerford Lane", "lanes": 2, "surface": "asphalt", "oneway": "yes", "maxspeed": "", "source_id": "osm/way/489017706", "source": "OpenStreetMap", "licence": "ODbL 1.0"}, "geometry": {"type": "LineString", "coordinates": [[-0.1239558, 51.5072611], [-0.1239084, 51.5072325], [-0.1238738, 51.5072129], [-0.1238718, 51.5071793]]}}, {"type": "Feature", "properties": {"highway": "service", "name": "Hungerford Lane", "lanes": 2, "surface": "asphalt", "oneway": "yes", "maxspeed": "", "source_id": "osm/way/489017709", "source": "OpenStreetMap", "licence": "ODbL 1.0"}, "geometry": {"type": "LineString", "coordinates": [[-0.1248485, 51.5077587], [-0.1244287, 51.5075311]]}}, {"type": "Feature", "properties": {"highway": "primary", "name": "Strand", "lanes": 2, "surface": "asphalt", "oneway": "yes", "maxspeed": "20 mph", "source_id": "osm/way/498185199", "source": "OpenStreetMap", "licence": "ODbL 1.0"}, "geometry": {"type": "LineString", "coordinates": [[-0.126386, 51.5080483], [-0.126498, 51.5079897], [-0.1267293, 51.5078715], [-0.1267714, 51.5078454], [-0.1268363, 51.5078038], [-0.126936, 51.5077421], [-0.1270541, 51.5076831]]}}, {"type": "Feature", "properties": {"highway": "footway", "name": "", "lanes": 2, "surface": "asphalt", "oneway": "no", "maxspeed": "", "source_id": "osm/way/498313367", "source": "OpenStreetMap", "licence": "ODbL 1.0"}, "geometry": {"type": "LineString", "coordinates": [[-0.1244264, 51.5057683], [-0.1244532, 51.5057737], [-0.1244817, 51.5057784]]}}, {"type": "Feature", "properties": {"highway": "footway", "name": "", "lanes": 2, "surface": "asphalt", "oneway": "no", "maxspeed": "", "source_id": "osm/way/498313370", "source": "OpenStreetMap", "licence": "ODbL 1.0"}, "geometry": {"type": "LineString", "coordinates": [[-0.1243693, 51.5061386], [-0.1242942, 51.5061678], [-0.1242184, 51.5061997]]}}, {"type": "Feature", "properties": {"highway": "cycleway", "name": "Great George Street", "lanes": 2, "surface": "asphalt", "oneway": "no", "maxspeed": "", "source_id": "osm/way/498958794", "source": "OpenStreetMap", "licence": "ODbL 1.0"}, "geometry": {"type": "LineString", "coordinates": [[-0.1294918, 51.5013085], [-0.1294469, 51.5013055], [-0.1283193, 51.5012115], [-0.1278651, 51.5011883], [-0.1275116, 51.5011628], [-0.1274849, 51.5011575], [-0.1274492, 51.5011505], [-0.1273762, 51.5011428]]}}, {"type": "Feature", "properties": {"highway": "corridor", "name": "Commons Committee Room Corridor", "lanes": 2, "surface": "asphalt", "oneway": "no", "maxspeed": "", "source_id": "osm/way/502668600", "source": "OpenStreetMap", "licence": "ODbL 1.0"}, "geometry": {"type": "LineString", "coordinates": [[-0.1242215, 51.4993473], [-0.1241605, 51.4996645]]}}, {"type": "Feature", "properties": {"highway": "corridor", "name": "Commons Corridor", "lanes": 2, "surface": "asphalt", "oneway": "no", "maxspeed": "", "source_id": "osm/way/502668601", "source": "OpenStreetMap", "licence": "ODbL 1.0"}, "geometry": {"type": "LineString", "coordinates": [[-0.1247035, 51.4994837], [-0.1246741, 51.4996304]]}}, {"type": "Feature", "properties": {"highway": "corridor", "name": "Commons Entrance Corridor", "lanes": 2, "surface": "asphalt", "oneway": "no", "maxspeed": "", "source_id": "osm/way/502668602", "source": "OpenStreetMap", "licence": "ODbL 1.0"}, "geometry": {"type": "LineString", "coordinates": [[-0.1252037, 51.4997725], [-0.1248781, 51.4997256], [-0.124847, 51.4997214]]}}, {"type": "Feature", "properties": {"highway": "corridor", "name": "Commons Lobby", "lanes": 2, "surface": "asphalt", "oneway": "no", "maxspeed": "", "source_id": "osm/way/502668603", "source": "OpenStreetMap", "licence": "ODbL 1.0"}, "geometry": {"type": "LineString", "coordinates": [[-0.1246741, 51.4996304], [-0.1246591, 51.4997036], [-0.124646, 51.4997706]]}}, {"type": "Feature", "properties": {"highway": "corridor", "name": "Commons Lobby", "lanes": 2, "surface": "asphalt", "oneway": "no", "maxspeed": "", "source_id": "osm/way/502668604", "source": "OpenStreetMap", "licence": "ODbL 1.0"}, "geometry": {"type": "LineString", "coordinates": [[-0.1248117, 51.4997155], [-0.1247963, 51.4997135], [-0.1246591, 51.4997036], [-0.1245268, 51.4996935]]}}, {"type": "Feature", "properties": {"highway": "corridor", "name": "Commons Officers Private Lobby", "lanes": 2, "surface": "asphalt", "oneway": "no", "maxspeed": "", "source_id": "osm/way/502668605", "source": "OpenStreetMap", "licence": "ODbL 1.0"}, "geometry": {"type": "LineString", "coordinates": [[-0.1247868, 51.5001349], [-0.1246244, 51.5001233], [-0.1245653, 51.5001177], [-0.1244139, 51.5001062], [-0.1240804, 51.5000815]]}}, {"type": "Feature", "properties": {"highway": "corridor", "name": "Deputy Housekeeper", "lanes": 2, "surface": "asphalt", "oneway": "no", "maxspeed": "", "source_id": "osm/way/502668606", "source": "OpenStreetMap", "licence": "ODbL 1.0"}, "geometry": {"type": "LineString", "coordinates": [[-0.1250241, 51.5001369], [-0.1248173, 51.5001141], [-0.1248137, 51.5001267], [-0.1247868, 51.5001349]]}}, {"type": "Feature", "properties": {"highway": "corridor", "name": "East Division Lobby", "lanes": 2, "surface": "asphalt", "oneway": "no", "maxspeed": "", "source_id": "osm/way/502668608", "source": "OpenStreetMap", "licence": "ODbL 1.0"}, "geometry": {"type": "LineString", "coordinates": [[-0.1246386, 51.4998021], [-0.1244976, 51.4997905], [-0.1244603, 51.499985]]}}, {"type": "Feature", "properties": {"highway": "corridor", "name": "House of Commons", "lanes": 2, "surface": "asphalt", "oneway": "no", "maxspeed": "", "source_id": "osm/way/502668609", "source": "OpenStreetMap", "licence": "ODbL 1.0"}, "geometry": {"type": "LineString", "coordinates": [[-0.124646, 51.4997706], [-0.1246386, 51.4998021], [-0.1246161, 51.4999271]]}}, {"type": "Feature", "properties": {"highway": "corridor", "name": "House of Commons", "lanes": 2, "surface": "asphalt", "oneway": "no", "maxspeed": "", "source_id": "osm/way/502668610", "source": "OpenStreetMap", "licence": "ODbL 1.0"}, "geometry": {"type": "LineString", "coordinates": [[-0.1246019, 51.4999997], [-0.1245816, 51.4999981], [-0.1245958, 51.4999255], [-0.1246161, 51.4999271], [-0.1246358, 51.4999285], [-0.1246216, 51.5000012], [-0.1246019, 51.4999997]]}}, {"type": "Feature", "properties": {"highway": "corridor", "name": "Lobby Corridor East", "lanes": 2, "surface": "asphalt", "oneway": "no", "maxspeed": "", "source_id": "osm/way/502668613", "source": "OpenStreetMap", "licence": "ODbL 1.0"}, "geometry": {"type": "LineString", "coordinates": [[-0.1245268, 51.4996935], [-0.1242594, 51.4996724], [-0.1241605, 51.4996645], [-0.1241101, 51.4996606]]}}, {"type": "Feature", "properties": {"highway": "corridor", "name": "Officer's Corridor", "lanes": 2, "surface": "asphalt", "oneway": "no", "maxspeed": "", "source_id": "osm/way/502668616", "source": "OpenStreetMap", "licence": "ODbL 1.0"}, "geometry": {"type": "LineString", "coordinates": [[-0.1245653, 51.5001177], [-0.1245349, 51.5002804], [-0.1245106, 51.5004062], [-0.1244942, 51.5005065], [-0.1244866, 51.5005547], [-0.1245269, 51.5005569], [-0.1245445, 51.5005676], [-0.1245333, 51.5006353], [-0.1245302, 51.5006526]]}}, {"type": "Feature", "properties": {"highway": "corridor", "name": "St Stephens Porch", "lanes": 2, "surface": "asphalt", "oneway": "no", "maxspeed": "", "source_id": "osm/way/502668626", "source": "OpenStreetMap", "licence": "ODbL 1.0"}, "geometry": {"type": "LineString", "coordinates": [[-0.1254941, 51.4994718], [-0.1254825, 51.4995148]]}}, {"type": "Feature", "properties": {"highway": "corridor", "name": "West Division Lobby", "lanes": 2, "surface": "asphalt", "oneway": "no", "maxspeed": "", "source_id": "osm/way/502668643", "source": "OpenStreetMap", "licence": "ODbL 1.0"}, "geometry": {"type": "LineString", "coordinates": [[-0.124742, 51.5000083], [-0.1247821, 51.4998133], [-0.1246386, 51.4998021]]}}, {"type": "Feature", "properties": {"highway": "corridor", "name": "Westminster Hall", "lanes": 2, "surface": "asphalt", "oneway": "no", "maxspeed": "", "source_id": "osm/way/502668644", "source": "OpenStreetMap", "licence": "ODbL 1.0"}, "geometry": {"type": "LineString", "coordinates": [[-0.1254692, 51.4995645], [-0.1252991, 51.5001521]]}}, {"type": "Feature", "properties": {"highway": "corridor", "name": "", "lanes": 2, "surface": "asphalt", "oneway": "no", "maxspeed": "", "source_id": "osm/way/502668649", "source": "OpenStreetMap", "licence": "ODbL 1.0"}, "geometry": {"type": "LineString", "coordinates": [[-0.1246019, 51.4999997], [-0.1245935, 51.5000411]]}}, {"type": "Feature", "properties": {"highway": "steps", "name": "", "lanes": 2, "surface": "asphalt", "oneway": "no", "maxspeed": "", "source_id": "osm/way/502668654", "source": "OpenStreetMap", "licence": "ODbL 1.0"}, "geometry": {"type": "LineString", "coordinates": [[-0.124847, 51.4997214], [-0.1248117, 51.4997155]]}}, {"type": "Feature", "properties": {"highway": "steps", "name": "", "lanes": 2, "surface": "asphalt", "oneway": "no", "maxspeed": "", "source_id": "osm/way/502668655", "source": "OpenStreetMap", "licence": "ODbL 1.0"}, "geometry": {"type": "LineString", "coordinates": [[-0.1254825, 51.4995148], [-0.1254782, 51.4995299], [-0.1254692, 51.4995645]]}}, {"type": "Feature", "properties": {"highway": "corridor", "name": "Commons Library Corridor", "lanes": 2, "surface": "asphalt", "oneway": "no", "maxspeed": "", "source_id": "osm/way/502668659", "source": "OpenStreetMap", "licence": "ODbL 1.0"}, "geometry": {"type": "LineString", "coordinates": [[-0.1241605, 51.4996645], [-0.1240804, 51.5000815]]}}, {"type": "Feature", "properties": {"highway": "corridor", "name": "", "lanes": 2, "surface": "asphalt", "oneway": "no", "maxspeed": "", "source_id": "osm/way/502668660", "source": "OpenStreetMap", "licence": "ODbL 1.0"}, "geometry": {"type": "LineString", "coordinates": [[-0.1244379, 51.500028], [-0.1245935, 51.5000411], [-0.1246382, 51.5000432], [-0.1247585, 51.500051]]}}, {"type": "Feature", "properties": {"highway": "corridor", "name": "Sergeant at Arms Residence", "lanes": 2, "surface": "asphalt", "oneway": "no", "maxspeed": "", "source_id": "osm/way/502670629", "source": "OpenStreetMap", "licence": "ODbL 1.0"}, "geometry": {"type": "LineString", "coordinates": [[-0.1245099, 51.5005076], [-0.1244942, 51.5005065], [-0.1241887, 51.5004859]]}}, {"type": "Feature", "properties": {"highway": "corridor", "name": "Speakers Gentlemens Room", "lanes": 2, "surface": "asphalt", "oneway": "no", "maxspeed": "", "source_id": "osm/way/502670630", "source": "OpenStreetMap", "licence": "ODbL 1.0"}, "geometry": {"type": "LineString", "coordinates": [[-0.1240434, 51.5002742], [-0.1240357, 51.500314]]}}, {"type": "Feature", "properties": {"highway": "corridor", "name": "Speakers Private Corridor", "lanes": 2, "surface": "asphalt", "oneway": "no", "maxspeed": "", "source_id": "osm/way/502670631", "source": "OpenStreetMap", "licence": "ODbL 1.0"}, "geometry": {"type": "LineString", "coordinates": [[-0.1240804, 51.5000815], [-0.1240434, 51.5002742]]}}, {"type": "Feature", "properties": {"highway": "corridor", "name": "", "lanes": 2, "surface": "asphalt", "oneway": "no", "maxspeed": "", "source_id": "osm/way/502683031", "source": "OpenStreetMap", "licence": "ODbL 1.0"}, "geometry": {"type": "LineString", "coordinates": [[-0.1242284, 51.4995302], [-0.1242408, 51.4994637], [-0.1242524, 51.4994645], [-0.1242735, 51.4993513], [-0.1242872, 51.4993012], [-0.1242866, 51.4992949], [-0.1242897, 51.4992712]]}}, {"type": "Feature", "properties": {"highway": "corridor", "name": "", "lanes": 2, "surface": "asphalt", "oneway": "no", "maxspeed": "", "source_id": "osm/way/502688581", "source": "OpenStreetMap", "licence": "ODbL 1.0"}, "geometry": {"type": "LineString", "coordinates": [[-0.1242594, 51.4996724], [-0.1242184, 51.4999134]]}}, {"type": "Feature", "properties": {"highway": "steps", "name": "", "lanes": 2, "surface": "asphalt", "oneway": "no", "maxspeed": "", "source_id": "osm/way/502688583", "source": "OpenStreetMap", "licence": "ODbL 1.0"}, "geometry": {"type": "LineString", "coordinates": [[-0.1243872, 51.5001634], [-0.1243912, 51.5001396]]}}, {"type": "Feature", "properties": {"highway": "corridor", "name": "", "lanes": 2, "surface": "asphalt", "oneway": "no", "maxspeed": "", "source_id": "osm/way/502688585", "source": "OpenStreetMap", "licence": "ODbL 1.0"}, "geometry": {"type": "LineString", "coordinates": [[-0.1244139, 51.5001062], [-0.1244085, 51.5001347]]}}, {"type": "Feature", "properties": {"highway": "corridor", "name": "", "lanes": 2, "surface": "asphalt", "oneway": "no", "maxspeed": "", "source_id": "osm/way/502688586", "source": "OpenStreetMap", "licence": "ODbL 1.0"}, "geometry": {"type": "LineString", "coordinates": [[-0.1246382, 51.5000432], [-0.1246244, 51.5001233]]}}, {"type": "Feature", "properties": {"highway": "steps", "name": "", "lanes": 2, "surface": "asphalt", "oneway": "no", "maxspeed": "", "source_id": "osm/way/502688587", "source": "OpenStreetMap", "licence": "ODbL 1.0"}, "geometry": {"type": "LineString", "coordinates": [[-0.1244199, 51.5001415], [-0.1244159, 51.5001653]]}}, {"type": "Feature", "properties": {"highway": "corridor", "name": "", "lanes": 2, "surface": "asphalt", "oneway": "no", "maxspeed": "", "source_id": "osm/way/502688589", "source": "OpenStreetMap", "licence": "ODbL 1.0"}, "geometry": {"type": "LineString", "coordinates": [[-0.1243912, 51.5001396], [-0.1243922, 51.5001335], [-0.1244085, 51.5001347], [-0.1244212, 51.5001354], [-0.1244199, 51.5001415]]}}, {"type": "Feature", "properties": {"highway": "corridor", "name": "", "lanes": 2, "surface": "asphalt", "oneway": "no", "maxspeed": "", "source_id": "osm/way/502692907", "source": "OpenStreetMap", "licence": "ODbL 1.0"}, "geometry": {"type": "LineString", "coordinates": [[-0.1248239, 51.4994667], [-0.1247868, 51.499484], [-0.1247834, 51.499504], [-0.1247785, 51.499512], [-0.1247766, 51.4995231], [-0.1247485, 51.4995218], [-0.1247245, 51.4996334], [-0.1246741, 51.4996304], [-0.1246214, 51.4996265], [-0.1246414, 51.4995124], [-0.1246181, 51.4995108], [-0.1246253, 51.4994697], [-0.1245967, 51.4994462]]}}, {"type": "Feature", "properties": {"highway": "corridor", "name": "", "lanes": 2, "surface": "asphalt", "oneway": "no", "maxspeed": "", "source_id": "osm/way/502692908", "source": "OpenStreetMap", "licence": "ODbL 1.0"}, "geometry": {"type": "LineString", "coordinates": [[-0.1245106, 51.5004062], [-0.1245878, 51.5004123], [-0.1245669, 51.5005318]]}}, {"type": "Feature", "properties": {"highway": "corridor", "name": "", "lanes": 2, "surface": "asphalt", "oneway": "no", "maxspeed": "", "source_id": "osm/way/502693458", "source": "OpenStreetMap", "licence": "ODbL 1.0"}, "geometry": {"type": "LineString", "coordinates": [[-0.1246123, 51.5001702], [-0.124637, 51.5001721], [-0.1246134, 51.5002854], [-0.1245349, 51.5002804]]}}, {"type": "Feature", "properties": {"highway": "cycleway", "name": "", "lanes": 2, "surface": "asphalt", "oneway": "yes", "maxspeed": "", "source_id": "osm/way/524789889", "source": "OpenStreetMap", "licence": "ODbL 1.0"}, "geometry": {"type": "LineString", "coordinates": [[-0.123708, 51.5008418], [-0.1238963, 51.5008513], [-0.123964, 51.5008556]]}}, {"type": "Feature", "properties": {"highway": "footway", "name": "", "lanes": 2, "surface": "asphalt", "oneway": "no", "maxspeed": "", "source_id": "osm/way/536515616", "source": "OpenStreetMap", "licence": "ODbL 1.0"}, "geometry": {"type": "LineString", "coordinates": [[-0.1235875, 51.5007807], [-0.12368, 51.5007827], [-0.1237383, 51.500784], [-0.1241634, 51.5007959], [-0.1241887, 51.5007969], [-0.1242103, 51.5007978], [-0.124354, 51.5008023], [-0.1244663, 51.5008059], [-0.1244756, 51.5008062], [-0.1245254, 51.5008047], [-0.1245684, 51.5008058], [-0.1246131, 51.5008072], [-0.1246211, 51.500813], [-0.1246321, 51.500813], [-0.1246382, 51.500808], [-0.1247047, 51.5008128], [-0.1247115, 51.5008186], [-0.1247232, 51.5008191], [-0.1247327, 51.5008144], [-0.1252675, 51.5008327], [-0.1252679, 51.5008536], [-0.1252663, 51.5008636], [-0.1251586, 51.5008622], [-0.1250683, 51.5008612], [-0.1247781, 51.5008541], [-0.1244635, 51.5008454], [-0.1239314, 51.5008243], [-0.1237108, 51.5008197], [-0.123675, 51.500819], [-0.1235846, 51.5008171], [-0.123586, 51.5007995], [-0.1235875, 51.5007807]]}}, {"type": "Feature", "properties": {"highway": "residential", "name": "King Charles Street", "lanes": 2, "surface": "asphalt", "oneway": "no", "maxspeed": "20 mph", "source_id": "osm/way/547238377", "source": "OpenStreetMap", "licence": "ODbL 1.0"}, "geometry": {"type": "LineString", "coordinates": [[-0.1266096, 51.5021492], [-0.1277216, 51.5022124], [-0.1290735, 51.5022928]]}}, {"type": "Feature", "properties": {"highway": "unclassified", "name": "King Charles Street", "lanes": 2, "surface": "asphalt", "oneway": "no", "maxspeed": "20 mph", "source_id": "osm/way/547238378", "source": "OpenStreetMap", "licence": "ODbL 1.0"}, "geometry": {"type": "LineString", "coordinates": [[-0.1265485, 51.5021456], [-0.1265557, 51.502146], [-0.1266096, 51.5021492]]}}, {"type": "Feature", "properties": {"highway": "footway", "name": "", "lanes": 2, "surface": "paving_stones", "oneway": "no", "maxspeed": "", "source_id": "osm/way/547238379", "source": "OpenStreetMap", "licence": "ODbL 1.0"}, "geometry": {"type": "LineString", "coordinates": [[-0.1265588, 51.5020761], [-0.12662, 51.5020795]]}}, {"type": "Feature", "properties": {"highway": "footway", "name": "", "lanes": 2, "surface": "paving_stones", "oneway": "no", "maxspeed": "", "source_id": "osm/way/547238380", "source": "OpenStreetMap", "licence": "ODbL 1.0"}, "geometry": {"type": "LineString", "coordinates": [[-0.1265397, 51.5022051], [-0.1266005, 51.50221]]}}, {"type": "Feature", "properties": {"highway": "service", "name": "Derby Gate", "lanes": 2, "surface": "asphalt", "oneway": "no", "maxspeed": "", "source_id": "osm/way/547238384", "source": "OpenStreetMap", "licence": "ODbL 1.0"}, "geometry": {"type": "LineString", "coordinates": [[-0.1253438, 51.5019866], [-0.1251058, 51.5019809]]}}, {"type": "Feature", "properties": {"highway": "service", "name": "", "lanes": 2, "surface": "asphalt", "oneway": "no", "maxspeed": "", "source_id": "osm/way/551258344", "source": "OpenStreetMap", "licence": "ODbL 1.0"}, "geometry": {"type": "LineString", "coordinates": [[-0.1256587, 51.5074544], [-0.1256793, 51.5074409], [-0.1256996, 51.507428]]}}, {"type": "Feature", "properties": {"highway": "service", "name": "", "lanes": 2, "surface": "asphalt", "oneway": "no", "maxspeed": "", "source_id": "osm/way/551258346", "source": "OpenStreetMap", "licence": "ODbL 1.0"}, "geometry": {"type": "LineString", "coordinates": [[-0.1257882, 51.5075315], [-0.1258079, 51.5075181], [-0.1258302, 51.5075058]]}}, {"type": "Feature", "properties": {"highway": "service", "name": "", "lanes": 2, "surface": "asphalt", "oneway": "no", "maxspeed": "", "source_id": "osm/way/551258350", "source": "OpenStreetMap", "licence": "ODbL 1.0"}, "geometry": {"type": "LineString", "coordinates": [[-0.125983, 51.5076475], [-0.1260024, 51.5076349], [-0.1260195, 51.507624]]}}, {"type": "Feature", "properties": {"highway": "unclassified", "name": "Corner House Street", "lanes": 2, "surface": "asphalt", "oneway": "yes", "maxspeed": "20 mph", "source_id": "osm/way/551258352", "source": "OpenStreetMap", "licence": "ODbL 1.0"}, "geometry": {"type": "LineString", "coordinates": [[-0.1255741, 51.5078015], [-0.1255683, 51.5078055], [-0.1255423, 51.5078316]]}}, {"type": "Feature", "properties": {"highway": "residential", "name": "Corner House Street", "lanes": 2, "surface": "asphalt", "oneway": "yes", "maxspeed": "20 mph", "source_id": "osm/way/551258353", "source": "OpenStreetMap", "licence": "ODbL 1.0"}, "geometry": {"type": "LineString", "coordinates": [[-0.125883, 51.507588], [-0.1258514, 51.5076095], [-0.125835, 51.5076206]]}}, {"type": "Feature", "properties": {"highway": "service", "name": "", "lanes": 2, "surface": "asphalt", "oneway": "no", "maxspeed": "", "source_id": "osm/way/551258355", "source": "OpenStreetMap", "licence": "ODbL 1.0"}, "geometry": {"type": "LineString", "coordinates": [[-0.125438, 51.5079496], [-0.1254706, 51.5079693]]}}, {"type": "Feature", "properties": {"highway": "service", "name": "", "lanes": 2, "surface": "asphalt", "oneway": "no", "maxspeed": "", "source_id": "osm/way/551258356", "source": "OpenStreetMap", "licence": "ODbL 1.0"}, "geometry": {"type": "LineString", "coordinates": [[-0.1257806, 51.5076595], [-0.1258098, 51.5076759], [-0.1258177, 51.5076803]]}}, {"type": "Feature", "properties": {"highway": "footway", "name": "", "lanes": 2, "surface": "paving_stones", "oneway": "no", "maxspeed": "", "source_id": "osm/way/575394077", "source": "OpenStreetMap", "licence": "ODbL 1.0"}, "geometry": {"type": "LineString", "coordinates": [[-0.1270544, 51.5073838], [-0.1271247, 51.5073529]]}}, {"type": "Feature", "properties": {"highway": "footway", "name": "", "lanes": 2, "surface": "asphalt", "oneway": "no", "maxspeed": "", "source_id": "osm/way/575394081", "source": "OpenStreetMap", "licence": "ODbL 1.0"}, "geometry": {"type": "LineString", "coordinates": [[-0.1270205, 51.5074255], [-0.1270411, 51.5074002], [-0.1270544, 51.5073838]]}}, {"type": "Feature", "properties": {"highway": "footway", "name": "", "lanes": 2, "surface": "asphalt", "oneway": "no", "maxspeed": "", "source_id": "osm/way/575394085", "source": "OpenStreetMap", "licence": "ODbL 1.0"}, "geometry": {"type": "LineString", "coordinates": [[-0.1274134, 51.5074713], [-0.1273552, 51.5075151], [-0.1272996, 51.507557]]}}, {"type": "Feature", "properties": {"highway": "footway", "name": "", "lanes": 2, "surface": "paving_stones", "oneway": "no", "maxspeed": "", "source_id": "osm/way/575394088", "source": "OpenStreetMap", "licence": "ODbL 1.0"}, "geometry": {"type": "LineString", "coordinates": [[-0.1272996, 51.507557], [-0.1272723, 51.5076023]]}}, {"type": "Feature", "properties": {"highway": "footway", "name": "", "lanes": 2, "surface": "paving_stones", "oneway": "no", "maxspeed": "", "source_id": "osm/way/575395373", "source": "OpenStreetMap", "licence": "ODbL 1.0"}, "geometry": {"type": "LineString", "coordinates": [[-0.1269925, 51.507921], [-0.1269302, 51.50792], [-0.1269169, 51.5078946]]}}, {"type": "Feature", "properties": {"highway": "footway", "name": "", "lanes": 2, "surface": "paving_stones", "oneway": "no", "maxspeed": "", "source_id": "osm/way/575395374", "source": "OpenStreetMap", "licence": "ODbL 1.0"}, "geometry": {"type": "LineString", "coordinates": [[-0.1268834, 51.5078577], [-0.1268585, 51.5078297]]}}, {"type": "Feature", "properties": {"highway": "footway", "name": "", "lanes": 2, "surface": "paving_stones", "oneway": "no", "maxspeed": "", "source_id": "osm/way/575395375", "source": "OpenStreetMap", "licence": "ODbL 1.0"}, "geometry": {"type": "LineString", "coordinates": [[-0.1271883, 51.5079109], [-0.1272126, 51.5079101], [-0.1272349, 51.5079098]]}}, {"type": "Feature", "properties": {"highway": "footway", "name": "", "lanes": 2, "surface": "asphalt", "oneway": "no", "maxspeed": "", "source_id": "osm/way/575395376", "source": "OpenStreetMap", "licence": "ODbL 1.0"}, "geometry": {"type": "LineString", "coordinates": [[-0.1272103, 51.507587], [-0.1271581, 51.5075715], [-0.127088, 51.5075507]]}}, {"type": "Feature", "properties": {"highway": "footway", "name": "", "lanes": 2, "surface": "asphalt", "oneway": "no", "maxspeed": "", "source_id": "osm/way/575395378", "source": "OpenStreetMap", "licence": "ODbL 1.0"}, "geometry": {"type": "LineString", "coordinates": [[-0.1268585, 51.5078297], [-0.1268363, 51.5078038], [-0.1268157, 51.5077858]]}}, {"type": "Feature", "properties": {"highway": "footway", "name": "", "lanes": 2, "surface": "asphalt", "oneway": "no", "maxspeed": "", "source_id": "osm/way/575395380", "source": "OpenStreetMap", "licence": "ODbL 1.0"}, "geometry": {"type": "LineString", "coordinates": [[-0.127393, 51.5071341], [-0.1274381, 51.5071318], [-0.1274897, 51.5071291]]}}, {"type": "Feature", "properties": {"highway": "footway", "name": "", "lanes": 2, "surface": "paving_stones", "oneway": "no", "maxspeed": "", "source_id": "osm/way/575395381", "source": "OpenStreetMap", "licence": "ODbL 1.0"}, "geometry": {"type": "LineString", "coordinates": [[-0.1271048, 51.5079153], [-0.127075, 51.5079158]]}}, {"type": "Feature", "properties": {"highway": "footway", "name": "", "lanes": 2, "surface": "asphalt", "oneway": "no", "maxspeed": "", "source_id": "osm/way/575395383", "source": "OpenStreetMap", "licence": "ODbL 1.0"}, "geometry": {"type": "LineString", "coordinates": [[-0.127075, 51.5079158], [-0.1270329, 51.5079185], [-0.1269925, 51.507921]]}}, {"type": "Feature", "properties": {"highway": "footway", "name": "", "lanes": 2, "surface": "asphalt", "oneway": "no", "maxspeed": "", "source_id": "osm/way/575395384", "source": "OpenStreetMap", "licence": "ODbL 1.0"}, "geometry": {"type": "LineString", "coordinates": [[-0.1274236, 51.5077014], [-0.1273954, 51.5076753], [-0.1273673, 51.5076493]]}}, {"type": "Feature", "properties": {"highway": "footway", "name": "", "lanes": 2, "surface": "paving_stones", "oneway": "no", "maxspeed": "", "source_id": "osm/way/575395385", "source": "OpenStreetMap", "licence": "ODbL 1.0"}, "geometry": {"type": "LineString", "coordinates": [[-0.1273673, 51.5076493], [-0.1272723, 51.5076023], [-0.1272103, 51.507587]]}}, {"type": "Feature", "properties": {"highway": "footway", "name": "", "lanes": 2, "surface": "paving_stones", "oneway": "no", "maxspeed": "", "source_id": "osm/way/575395386", "source": "OpenStreetMap", "licence": "ODbL 1.0"}, "geometry": {"type": "LineString", "coordinates": [[-0.1274897, 51.5071291], [-0.1275402, 51.5071283], [-0.1275731, 51.5071128]]}}, {"type": "Feature", "properties": {"highway": "footway", "name": "", "lanes": 2, "surface": "paved", "oneway": "no", "maxspeed": "", "source_id": "osm/way/595807702", "source": "OpenStreetMap", "licence": "ODbL 1.0"}, "geometry": {"type": "LineString", "coordinates": [[-0.1246471, 51.5078196], [-0.1247549, 51.5078756], [-0.1249031, 51.5079543]]}}, {"type": "Feature", "properties": {"highway": "footway", "name": "", "lanes": 2, "surface": "asphalt", "oneway": "no", "maxspeed": "", "source_id": "osm/way/595824508", "source": "OpenStreetMap", "licence": "ODbL 1.0"}, "geometry": {"type": "LineString", "coordinates": [[-0.1232636, 51.5076498], [-0.123977, 51.5080487]]}}, {"type": "Feature", "properties": {"highway": "footway", "name": "", "lanes": 2, "surface": "paving_stones", "oneway": "no", "maxspeed": "", "source_id": "osm/way/595824509", "source": "OpenStreetMap", "licence": "ODbL 1.0"}, "geometry": {"type": "LineString", "coordinates": [[-0.1231765, 51.5077066], [-0.1232636, 51.5076498]]}}, {"type": "Feature", "properties": {"highway": "footway", "name": "", "lanes": 2, "surface": "paving_stones", "oneway": "no", "maxspeed": "", "source_id": "osm/way/595824512", "source": "OpenStreetMap", "licence": "ODbL 1.0"}, "geometry": {"type": "LineString", "coordinates": [[-0.1241163, 51.5080253], [-0.1240559, 51.5079927], [-0.1239954, 51.5080357], [-0.123977, 51.5080487], [-0.1238814, 51.5081169]]}}, {"type": "Feature", "properties": {"highway": "steps", "name": "", "lanes": 2, "surface": "asphalt", "oneway": "no", "maxspeed": "", "source_id": "osm/way/595824513", "source": "OpenStreetMap", "licence": "ODbL 1.0"}, "geometry": {"type": "LineString", "coordinates": [[-0.1239035, 51.5079578], [-0.1240162, 51.5080193]]}}, {"type": "Feature", "properties": {"highway": "steps", "name": "", "lanes": 2, "surface": "asphalt", "oneway": "no", "maxspeed": "", "source_id": "osm/way/595824515", "source": "OpenStreetMap", "licence": "ODbL 1.0"}, "geometry": {"type": "LineString", "coordinates": [[-0.123942, 51.5079305], [-0.1240559, 51.5079927]]}}, {"type": "Feature", "properties": {"highway": "steps", "name": "", "lanes": 2, "surface": "asphalt", "oneway": "no", "maxspeed": "", "source_id": "osm/way/595824516", "source": "OpenStreetMap", "licence": "ODbL 1.0"}, "geometry": {"type": "LineString", "coordinates": [[-0.124035, 51.508006], [-0.1239224, 51.5079444]]}}, {"type": "Feature", "properties": {"highway": "steps", "name": "", "lanes": 2, "surface": "asphalt", "oneway": "no", "maxspeed": "", "source_id": "osm/way/595824517", "source": "OpenStreetMap", "licence": "ODbL 1.0"}, "geometry": {"type": "LineString", "coordinates": [[-0.1239954, 51.5080357], [-0.1238814, 51.5079734]]}}, {"type": "Feature", "properties": {"highway": "steps", "name": "", "lanes": 2, "surface": "paving_stones", "oneway": "no", "maxspeed": "", "source_id": "osm/way/595824518", "source": "OpenStreetMap", "licence": "ODbL 1.0"}, "geometry": {"type": "LineString", "coordinates": [[-0.1237507, 51.5048551], [-0.1237434, 51.5048716]]}}, {"type": "Feature", "properties": {"highway": "footway", "name": "", "lanes": 2, "surface": "asphalt", "oneway": "no", "maxspeed": "", "source_id": "osm/way/595824520", "source": "OpenStreetMap", "licence": "ODbL 1.0"}, "geometry": {"type": "LineString", "coordinates": [[-0.1237434, 51.5048716], [-0.1237062, 51.5049552]]}}, {"type": "Feature", "properties": {"highway": "residential", "name": "Northumberland Street", "lanes": 2, "surface": "asphalt", "oneway": "yes", "maxspeed": "20 mph", "source_id": "osm/way/603992626", "source": "OpenStreetMap", "licence": "ODbL 1.0"}, "geometry": {"type": "LineString", "coordinates": [[-0.125396, 51.507298], [-0.1256587, 51.5074544], [-0.1257882, 51.5075315], [-0.125883, 51.507588]]}}, {"type": "Feature", "properties": {"highway": "footway", "name": "", "lanes": 2, "surface": "paving_stones", "oneway": "no", "maxspeed": "", "source_id": "osm/way/605415145", "source": "OpenStreetMap", "licence": "ODbL 1.0"}, "geometry": {"type": "LineString", "coordinates": [[-0.1223805, 51.5063673], [-0.1224258, 51.5062939], [-0.1224179, 51.5062913]]}}, {"type": "Feature", "properties": {"highway": "footway", "name": "", "lanes": 2, "surface": "asphalt", "oneway": "no", "maxspeed": "", "source_id": "osm/way/605415146", "source": "OpenStreetMap", "licence": "ODbL 1.0"}, "geometry": {"type": "LineString", "coordinates": [[-0.1225385, 51.5064081], [-0.1224804, 51.5063933], [-0.1223988, 51.5063725]]}}, {"type": "Feature", "properties": {"highway": "footway", "name": "", "lanes": 2, "surface": "asphalt", "oneway": "no", "maxspeed": "", "source_id": "osm/way/605415147", "source": "OpenStreetMap", "licence": "ODbL 1.0"}, "geometry": {"type": "LineString", "coordinates": [[-0.1223401, 51.5062501], [-0.1222666, 51.5062317], [-0.122193, 51.5063491]]}}, {"type": "Feature", "properties": {"highway": "footway", "name": "", "lanes": 2, "surface": "asphalt", "oneway": "no", "maxspeed": "", "source_id": "osm/way/605415148", "source": "OpenStreetMap", "licence": "ODbL 1.0"}, "geometry": {"type": "LineString", "coordinates": [[-0.1226151, 51.506433], [-0.1225685, 51.5064311], [-0.1225385, 51.5064081]]}}, {"type": "Feature", "properties": {"highway": "footway", "name": "Victoria Embankment", "lanes": 2, "surface": "paving_stones", "oneway": "no", "maxspeed": "", "source_id": "osm/way/605415149", "source": "OpenStreetMap", "licence": "ODbL 1.0"}, "geometry": {"type": "LineString", "coordinates": [[-0.1223302, 51.5062653], [-0.1219093, 51.5068239], [-0.121628, 51.5071607], [-0.1216004, 51.507198], [-0.1214009, 51.5074683], [-0.1210481, 51.5079343], [-0.1207539, 51.5082488], [-0.1204289, 51.5085201], [-0.1203511, 51.5085821], [-0.1201978, 51.5087042], [-0.1200083, 51.5088327], [-0.1198177, 51.5089553], [-0.1196478, 51.5090609], [-0.1190778, 51.5093715], [-0.1188945, 51.5094588], [-0.1188796, 51.509465], [-0.1186727, 51.5095508], [-0.1182336, 51.5097119], [-0.1182226, 51.5097157], [-0.1177722, 51.5098699], [-0.1174045, 51.5099833], [-0.1173729, 51.5099929], [-0.1169843, 51.510111], [-0.116482, 51.5102555], [-0.1157177, 51.5104124], [-0.1154695, 51.510464], [-0.1151867, 51.510521], [-0.114686, 51.5106159], [-0.114219, 51.5106918], [-0.1135279, 51.5107692], [-0.1132992, 51.5107914], [-0.1129283, 51.5108261], [-0.1124193, 51.5108663], [-0.1123028, 51.5108755], [-0.1119772, 51.5108888], [-0.1111745, 51.5109181], [-0.1100554, 51.5109181], [-0.1092024, 51.5109034], [-0.1084557, 51.5108928], [-0.1082926, 51.5108915]]}}, {"type": "Feature", "properties": {"highway": "footway", "name": "", "lanes": 2, "surface": "paving_stones", "oneway": "no", "maxspeed": "", "source_id": "osm/way/605415150", "source": "OpenStreetMap", "licence": "ODbL 1.0"}, "geometry": {"type": "LineString", "coordinates": [[-0.1226999, 51.5064148], [-0.1226826, 51.5064177]]}}, {"type": "Feature", "properties": {"highway": "footway", "name": "", "lanes": 2, "surface": "asphalt", "oneway": "no", "maxspeed": "", "source_id": "osm/way/605415152", "source": "OpenStreetMap", "licence": "ODbL 1.0"}, "geometry": {"type": "LineString", "coordinates": [[-0.122556, 51.5064618], [-0.1225373, 51.5064893], [-0.1225266, 51.506508], [-0.1225159, 51.5065266]]}}, {"type": "Feature", "properties": {"highway": "footway", "name": "", "lanes": 2, "surface": "paving_stones", "oneway": "no", "maxspeed": "", "source_id": "osm/way/605415172", "source": "OpenStreetMap", "licence": "ODbL 1.0"}, "geometry": {"type": "LineString", "coordinates": [[-0.12338, 51.5045677], [-0.123505, 51.5041813], [-0.1235474, 51.5040462], [-0.1237177, 51.5034856], [-0.1238103, 51.5031807]]}}, {"type": "Feature", "properties": {"highway": "footway", "name": "", "lanes": 2, "surface": "asphalt", "oneway": "no", "maxspeed": "", "source_id": "osm/way/605416919", "source": "OpenStreetMap", "licence": "ODbL 1.0"}, "geometry": {"type": "LineString", "coordinates": [[-0.1229967, 51.5046535], [-0.12295, 51.5046481]]}}, {"type": "Feature", "properties": {"highway": "footway", "name": "", "lanes": 2, "surface": "asphalt", "oneway": "no", "maxspeed": "", "source_id": "osm/way/605416921", "source": "OpenStreetMap", "licence": "ODbL 1.0"}, "geometry": {"type": "LineString", "coordinates": [[-0.123167, 51.5045382], [-0.1232604, 51.5045512], [-0.1233527, 51.5045636]]}}, {"type": "Feature", "properties": {"highway": "footway", "name": "", "lanes": 2, "surface": "paving_stones", "oneway": "no", "maxspeed": "", "source_id": "osm/way/605416922", "source": "OpenStreetMap", "licence": "ODbL 1.0"}, "geometry": {"type": "LineString", "coordinates": [[-0.123167, 51.5045382], [-0.1231417, 51.504535]]}}, {"type": "Feature", "properties": {"highway": "footway", "name": "", "lanes": 2, "surface": "asphalt", "oneway": "no", "maxspeed": "", "source_id": "osm/way/605416923", "source": "OpenStreetMap", "licence": "ODbL 1.0"}, "geometry": {"type": "LineString", "coordinates": [[-0.1230374, 51.5044803], [-0.1229952, 51.5044722]]}}, {"type": "Feature", "properties": {"highway": "footway", "name": "", "lanes": 2, "surface": "asphalt", "oneway": "no", "maxspeed": "", "source_id": "osm/way/605416924", "source": "OpenStreetMap", "licence": "ODbL 1.0"}, "geometry": {"type": "LineString", "coordinates": [[-0.1231456, 51.5044526], [-0.1231204, 51.5044501], [-0.1230863, 51.5044455]]}}, {"type": "Feature", "properties": {"highway": "cycleway", "name": "Horse Guards Avenue", "lanes": 2, "surface": "asphalt", "oneway": "yes", "maxspeed": "", "source_id": "osm/way/605417126", "source": "OpenStreetMap", "licence": "ODbL 1.0"}, "geometry": {"type": "LineString", "coordinates": [[-0.1234634, 51.5046932], [-0.1234121, 51.5047189], [-0.1233606, 51.504711], [-0.1233141, 51.5046676]]}}, {"type": "Feature", "properties": {"highway": "unclassified", "name": "Horse Guards Avenue", "lanes": 2, "surface": "asphalt", "oneway": "no", "maxspeed": "20 mph", "source_id": "osm/way/605417127", "source": "OpenStreetMap", "licence": "ODbL 1.0"}, "geometry": {"type": "LineString", "coordinates": [[-0.1234634, 51.5046932], [-0.1234083, 51.504684], [-0.1233141, 51.5046676]]}}, {"type": "Feature", "properties": {"highway": "footway", "name": "", "lanes": 2, "surface": "paving_stones", "oneway": "no", "maxspeed": "", "source_id": "osm/way/616198148", "source": "OpenStreetMap", "licence": "ODbL 1.0"}, "geometry": {"type": "LineString", "coordinates": [[-0.1262242, 51.5001521], [-0.1261896, 51.5001659], [-0.1261442, 51.5001555]]}}, {"type": "Feature", "properties": {"highway": "footway", "name": "", "lanes": 2, "surface": "asphalt", "oneway": "no", "maxspeed": "", "source_id": "osm/way/616198150", "source": "OpenStreetMap", "licence": "ODbL 1.0"}, "geometry": {"type": "LineString", "coordinates": [[-0.1263464, 51.5002983], [-0.1262911, 51.5002619], [-0.1262358, 51.5002256]]}}, {"type": "Feature", "properties": {"highway": "footway", "name": "", "lanes": 2, "surface": "paving_stones", "oneway": "no", "maxspeed": "", "source_id": "osm/way/616198151", "source": "OpenStreetMap", "licence": "ODbL 1.0"}, "geometry": {"type": "LineString", "coordinates": [[-0.1274284, 51.5001775], [-0.1274592, 51.5002129], [-0.127567, 51.5002731]]}}, {"type": "Feature", "properties": {"highway": "footway", "name": "", "lanes": 2, "surface": "asphalt", "oneway": "no", "maxspeed": "", "source_id": "osm/way/616198152", "source": "OpenStreetMap", "licence": "ODbL 1.0"}, "geometry": {"type": "LineString", "coordinates": [[-0.1261442, 51.5001555], [-0.1261136, 51.5001546], [-0.126083, 51.5001536]]}}, {"type": "Feature", "properties": {"highway": "footway", "name": "", "lanes": 2, "surface": "paving_stones", "oneway": "no", "maxspeed": "", "source_id": "osm/way/616198153", "source": "OpenStreetMap", "licence": "ODbL 1.0"}, "geometry": {"type": "LineString", "coordinates": [[-0.1274252, 51.5002356], [-0.1274592, 51.5002129]]}}, {"type": "Feature", "properties": {"highway": "footway", "name": "", "lanes": 2, "surface": "paving_stones", "oneway": "no", "maxspeed": "", "source_id": "osm/way/616198155", "source": "OpenStreetMap", "licence": "ODbL 1.0"}, "geometry": {"type": "LineString", "coordinates": [[-0.1262358, 51.5002256], [-0.1261896, 51.5001659]]}}, {"type": "Feature", "properties": {"highway": "footway", "name": "", "lanes": 2, "surface": "asphalt", "oneway": "no", "maxspeed": "", "source_id": "osm/way/624715854", "source": "OpenStreetMap", "licence": "ODbL 1.0"}, "geometry": {"type": "LineString", "coordinates": [[-0.1272713, 51.4997426], [-0.1272746, 51.4997159]]}}, {"type": "Feature", "properties": {"highway": "pedestrian", "name": "Trafalgar Square", "lanes": 2, "surface": "paving_stones", "oneway": "no", "maxspeed": "", "source_id": "osm/way/645091879", "source": "OpenStreetMap", "licence": "ODbL 1.0"}, "geometry": {"type": "LineString", "coordinates": [[-0.127581, 51.5079516], [-0.1275659, 51.5079198], [-0.1274929, 51.5077634], [-0.12746, 51.5077339]]}}, {"type": "Feature", "properties": {"highway": "footway", "name": "", "lanes": 2, "surface": "paving_stones", "oneway": "no", "maxspeed": "", "source_id": "osm/way/645091881", "source": "OpenStreetMap", "licence": "ODbL 1.0"}, "geometry": {"type": "LineString", "coordinates": [[-0.1273406, 51.5078128], [-0.1273169, 51.5077905], [-0.1273009, 51.5077735]]}}, {"type": "Feature", "properties": {"highway": "footway", "name": "", "lanes": 2, "surface": "paving_stones", "oneway": "no", "maxspeed": "", "source_id": "osm/way/645091882", "source": "OpenStreetMap", "licence": "ODbL 1.0"}, "geometry": {"type": "LineString", "coordinates": [[-0.1273055, 51.5078204], [-0.1273406, 51.5078128]]}}, {"type": "Feature", "properties": {"highway": "pedestrian", "name": "Trafalgar Square", "lanes": 2, "surface": "paving_stones", "oneway": "no", "maxspeed": "", "source_id": "osm/way/645091883", "source": "OpenStreetMap", "licence": "ODbL 1.0"}, "geometry": {"type": "LineString", "coordinates": [[-0.1274682, 51.5083296], [-0.1273405, 51.5079923], [-0.1273259, 51.5079587], [-0.1273045, 51.5079053], [-0.1273406, 51.5078128], [-0.1274929, 51.5077634]]}}, {"type": "Feature", "properties": {"highway": "footway", "name": "", "lanes": 2, "surface": "paving_stones", "oneway": "no", "maxspeed": "", "source_id": "osm/way/659336492", "source": "OpenStreetMap", "licence": "ODbL 1.0"}, "geometry": {"type": "LineString", "coordinates": [[-0.122728, 51.5076231], [-0.1227657, 51.507596]]}}, {"type": "Feature", "properties": {"highway": "steps", "name": "", "lanes": 2, "surface": "paving_stones", "oneway": "no", "maxspeed": "", "source_id": "osm/way/659336493", "source": "OpenStreetMap", "licence": "ODbL 1.0"}, "geometry": {"type": "LineString", "coordinates": [[-0.1228033, 51.5075689], [-0.1227657, 51.507596]]}}, {"type": "Feature", "properties": {"highway": "footway", "name": "", "lanes": 2, "surface": "paving_stones", "oneway": "no", "maxspeed": "", "source_id": "osm/way/659336494", "source": "OpenStreetMap", "licence": "ODbL 1.0"}, "geometry": {"type": "LineString", "coordinates": [[-0.1230723, 51.5077444], [-0.1231467, 51.5076897]]}}, {"type": "Feature", "properties": {"highway": "steps", "name": "", "lanes": 2, "surface": "paving_stones", "oneway": "no", "maxspeed": "", "source_id": "osm/way/659336495", "source": "OpenStreetMap", "licence": "ODbL 1.0"}, "geometry": {"type": "LineString", "coordinates": [[-0.1230723, 51.5077444], [-0.1230532, 51.5077579]]}}, {"type": "Feature", "properties": {"highway": "footway", "name": "", "lanes": 2, "surface": "paving_stones", "oneway": "no", "maxspeed": "", "source_id": "osm/way/659336496", "source": "OpenStreetMap", "licence": "ODbL 1.0"}, "geometry": {"type": "LineString", "coordinates": [[-0.1230391, 51.5077679], [-0.1230532, 51.5077579]]}}, {"type": "Feature", "properties": {"highway": "steps", "name": "", "lanes": 2, "surface": "paving_stones", "oneway": "no", "maxspeed": "", "source_id": "osm/way/659336497", "source": "OpenStreetMap", "licence": "ODbL 1.0"}, "geometry": {"type": "LineString", "coordinates": [[-0.1230217, 51.5077804], [-0.1230391, 51.5077679]]}}, {"type": "Feature", "properties": {"highway": "footway", "name": "", "lanes": 2, "surface": "paving_stones", "oneway": "no", "maxspeed": "", "source_id": "osm/way/659336498", "source": "OpenStreetMap", "licence": "ODbL 1.0"}, "geometry": {"type": "LineString", "coordinates": [[-0.1230334, 51.5078499], [-0.1230217, 51.5077804]]}}, {"type": "Feature", "properties": {"highway": "footway", "name": "", "lanes": 2, "surface": "asphalt", "oneway": "no", "maxspeed": "", "source_id": "osm/way/659336501", "source": "OpenStreetMap", "licence": "ODbL 1.0"}, "geometry": {"type": "LineString", "coordinates": [[-0.122694, 51.5080608], [-0.1227446, 51.5080116], [-0.1228022, 51.5079907], [-0.1228494, 51.5079529], [-0.1229937, 51.5080031], [-0.1231408, 51.5078363], [-0.1231689, 51.5078074], [-0.1232292, 51.5077365]]}}, {"type": "Feature", "properties": {"highway": "primary", "name": "Bridge Street", "lanes": 4, "surface": "asphalt", "oneway": "no", "maxspeed": "20 mph", "source_id": "osm/way/670633895", "source": "OpenStreetMap", "licence": "ODbL 1.0"}, "geometry": {"type": "LineString", "coordinates": [[-0.1254885, 51.5009842], [-0.1257416, 51.5009908], [-0.1258513, 51.5009953], [-0.1259147, 51.5009981], [-0.1260583, 51.5010038]]}}, {"type": "Feature", "properties": {"highway": "footway", "name": "", "lanes": 2, "surface": "paving_stones", "oneway": "no", "maxspeed": "", "source_id": "osm/way/675668360", "source": "OpenStreetMap", "licence": "ODbL 1.0"}, "geometry": {"type": "LineString", "coordinates": [[-0.1274655, 51.5010651], [-0.1273784, 51.5010509]]}}, {"type": "Feature", "properties": {"highway": "footway", "name": "", "lanes": 2, "surface": "paving_stones", "oneway": "no", "maxspeed": "", "source_id": "osm/way/675668361", "source": "OpenStreetMap", "licence": "ODbL 1.0"}, "geometry": {"type": "LineString", "coordinates": [[-0.1275073, 51.5010636], [-0.1274655, 51.5010651]]}}, {"type": "Feature", "properties": {"highway": "footway", "name": "", "lanes": 2, "surface": "asphalt", "oneway": "no", "maxspeed": "", "source_id": "osm/way/675668363", "source": "OpenStreetMap", "licence": "ODbL 1.0"}, "geometry": {"type": "LineString", "coordinates": [[-0.1273784, 51.5010509], [-0.1273303, 51.501014], [-0.12728, 51.5009753], [-0.1272644, 51.5009634]]}}, {"type": "Feature", "properties": {"highway": "primary", "name": "Parliament Square", "lanes": 3, "surface": "asphalt", "oneway": "yes", "maxspeed": "20 mph", "source_id": "osm/way/675668364", "source": "OpenStreetMap", "licence": "ODbL 1.0"}, "geometry": {"type": "LineString", "coordinates": [[-0.1273303, 51.501014], [-0.1272278, 51.5010506], [-0.1271861, 51.5010578], [-0.1271182, 51.5010584]]}}, {"type": "Feature", "properties": {"highway": "pedestrian", "name": "Trafalgar Square", "lanes": 2, "surface": "paving_stones", "oneway": "no", "maxspeed": "", "source_id": "osm/way/676780197", "source": "OpenStreetMap", "licence": "ODbL 1.0"}, "geometry": {"type": "LineString", "coordinates": [[-0.1280492, 51.5080368], [-0.1277732, 51.5079665], [-0.127581, 51.5079516], [-0.1273405, 51.5079923]]}}, {"type": "Feature", "properties": {"highway": "footway", "name": "", "lanes": 2, "surface": "paving_stones", "oneway": "no", "maxspeed": "", "source_id": "osm/way/682572174", "source": "OpenStreetMap", "licence": "ODbL 1.0"}, "geometry": {"type": "LineString", "coordinates": [[-0.1217717, 51.5071578], [-0.1217095, 51.5072335]]}}, {"type": "Feature", "properties": {"highway": "footway", "name": "", "lanes": 2, "surface": "asphalt", "oneway": "no", "maxspeed": "", "source_id": "osm/way/682572175", "source": "OpenStreetMap", "licence": "ODbL 1.0"}, "geometry": {"type": "LineString", "coordinates": [[-0.1217095, 51.5072335], [-0.1216711, 51.5072202], [-0.1216004, 51.507198]]}}, {"type": "Feature", "properties": {"highway": "footway", "name": "", "lanes": 2, "surface": "asphalt", "oneway": "no", "maxspeed": "", "source_id": "osm/way/722999354", "source": "OpenStreetMap", "licence": "ODbL 1.0"}, "geometry": {"type": "LineString", "coordinates": [[-0.1236411, 51.5014564], [-0.1236352, 51.5015042], [-0.1235207, 51.5015022]]}}, {"type": "Feature", "properties": {"highway": "footway", "name": "", "lanes": 2, "surface": "asphalt", "oneway": "no", "maxspeed": "", "source_id": "osm/way/725993961", "source": "OpenStreetMap", "licence": "ODbL 1.0"}, "geometry": {"type": "LineString", "coordinates": [[-0.1232967, 51.5016547], [-0.1231427, 51.5017374], [-0.1232794, 51.5017716]]}}, {"type": "Feature", "properties": {"highway": "footway", "name": "", "lanes": 2, "surface": "asphalt", "oneway": "no", "maxspeed": "", "source_id": "osm/way/725993962", "source": "OpenStreetMap", "licence": "ODbL 1.0"}, "geometry": {"type": "LineString", "coordinates": [[-0.1235207, 51.5015022], [-0.1232967, 51.5016547]]}}, {"type": "Feature", "properties": {"highway": "footway", "name": "", "lanes": 2, "surface": "asphalt", "oneway": "no", "maxspeed": "", "source_id": "osm/way/725993963", "source": "OpenStreetMap", "licence": "ODbL 1.0"}, "geometry": {"type": "LineString", "coordinates": [[-0.1235166, 51.5016155], [-0.1232794, 51.5017716]]}}, {"type": "Feature", "properties": {"highway": "steps", "name": "", "lanes": 2, "surface": "asphalt", "oneway": "no", "maxspeed": "", "source_id": "osm/way/725994173", "source": "OpenStreetMap", "licence": "ODbL 1.0"}, "geometry": {"type": "LineString", "coordinates": [[-0.1235851, 51.5019225], [-0.1235879, 51.5018955]]}}, {"type": "Feature", "properties": {"highway": "footway", "name": "", "lanes": 2, "surface": "asphalt", "oneway": "no", "maxspeed": "", "source_id": "osm/way/725994174", "source": "OpenStreetMap", "licence": "ODbL 1.0"}, "geometry": {"type": "LineString", "coordinates": [[-0.1235879, 51.5018955], [-0.1235917, 51.5018639]]}}, {"type": "Feature", "properties": {"highway": "footway", "name": "", "lanes": 2, "surface": "asphalt", "oneway": "no", "maxspeed": "", "source_id": "osm/way/725994175", "source": "OpenStreetMap", "licence": "ODbL 1.0"}, "geometry": {"type": "LineString", "coordinates": [[-0.12364, 51.5019737], [-0.1235806, 51.5019692], [-0.1235833, 51.5019465]]}}, {"type": "Feature", "properties": {"highway": "steps", "name": "", "lanes": 2, "surface": "asphalt", "oneway": "no", "maxspeed": "", "source_id": "osm/way/725994176", "source": "OpenStreetMap", "licence": "ODbL 1.0"}, "geometry": {"type": "LineString", "coordinates": [[-0.1235833, 51.5019465], [-0.1235851, 51.5019225]]}}, {"type": "Feature", "properties": {"highway": "service", "name": "", "lanes": 2, "surface": "asphalt", "oneway": "no", "maxspeed": "", "source_id": "osm/way/756549142", "source": "OpenStreetMap", "licence": "ODbL 1.0"}, "geometry": {"type": "LineString", "coordinates": [[-0.1232456, 51.5076131], [-0.1231405, 51.5076869]]}}, {"type": "Feature", "properties": {"highway": "service", "name": "", "lanes": 2, "surface": "asphalt", "oneway": "no", "maxspeed": "", "source_id": "osm/way/756549143", "source": "OpenStreetMap", "licence": "ODbL 1.0"}, "geometry": {"type": "LineString", "coordinates": [[-0.1232904, 51.5075802], [-0.1232456, 51.5076131]]}}, {"type": "Feature", "properties": {"highway": "footway", "name": "", "lanes": 2, "surface": "paved", "oneway": "no", "maxspeed": "", "source_id": "osm/way/756549144", "source": "OpenStreetMap", "licence": "ODbL 1.0"}, "geometry": {"type": "LineString", "coordinates": [[-0.1229738, 51.5074132], [-0.123277, 51.5075784], [-0.1232372, 51.5076066]]}}, {"type": "Feature", "properties": {"highway": "footway", "name": "", "lanes": 2, "surface": "paved", "oneway": "no", "maxspeed": "", "source_id": "osm/way/756549145", "source": "OpenStreetMap", "licence": "ODbL 1.0"}, "geometry": {"type": "LineString", "coordinates": [[-0.1228592, 51.5073422], [-0.1229042, 51.507366], [-0.1229407, 51.5073957], [-0.1229738, 51.5074132]]}}, {"type": "Feature", "properties": {"highway": "footway", "name": "", "lanes": 2, "surface": "paved", "oneway": "no", "maxspeed": "", "source_id": "osm/way/756549146", "source": "OpenStreetMap", "licence": "ODbL 1.0"}, "geometry": {"type": "LineString", "coordinates": [[-0.1226092, 51.507219], [-0.1228592, 51.5073422]]}}, {"type": "Feature", "properties": {"highway": "footway", "name": "", "lanes": 2, "surface": "asphalt", "oneway": "no", "maxspeed": "", "source_id": "osm/way/769160833", "source": "OpenStreetMap", "licence": "ODbL 1.0"}, "geometry": {"type": "LineString", "coordinates": [[-0.1262782, 51.501282], [-0.1263201, 51.5012836], [-0.1263608, 51.5012853]]}}, {"type": "Feature", "properties": {"highway": "footway", "name": "", "lanes": 2, "surface": "asphalt", "oneway": "no", "maxspeed": "", "source_id": "osm/way/769160834", "source": "OpenStreetMap", "licence": "ODbL 1.0"}, "geometry": {"type": "LineString", "coordinates": [[-0.1262269, 51.5011314], [-0.1262341, 51.5011317], [-0.1262599, 51.5011328], [-0.1262444, 51.5012806], [-0.126271, 51.5012817], [-0.1262782, 51.501282]]}}, {"type": "Feature", "properties": {"highway": "footway", "name": "", "lanes": 2, "surface": "asphalt", "oneway": "no", "maxspeed": "", "source_id": "osm/way/769160917", "source": "OpenStreetMap", "licence": "ODbL 1.0"}, "geometry": {"type": "LineString", "coordinates": [[-0.1240429, 51.5010842], [-0.1239954, 51.5010816], [-0.1239354, 51.5010783], [-0.1239026, 51.5010765]]}}, {"type": "Feature", "properties": {"highway": "footway", "name": "", "lanes": 2, "surface": "paving_stones", "oneway": "no", "maxspeed": "", "source_id": "osm/way/769160918", "source": "OpenStreetMap", "licence": "ODbL 1.0"}, "geometry": {"type": "LineString", "coordinates": [[-0.124152, 51.5010882], [-0.1240429, 51.5010842]]}}, {"type": "Feature", "properties": {"highway": "footway", "name": "", "lanes": 2, "surface": "asphalt", "oneway": "no", "maxspeed": "", "source_id": "osm/way/769160919", "source": "OpenStreetMap", "licence": "ODbL 1.0"}, "geometry": {"type": "LineString", "coordinates": [[-0.1239026, 51.5010765], [-0.1238521, 51.5010747]]}}, {"type": "Feature", "properties": {"highway": "footway", "name": "", "lanes": 2, "surface": "asphalt", "oneway": "no", "maxspeed": "", "source_id": "osm/way/769161070", "source": "OpenStreetMap", "licence": "ODbL 1.0"}, "geometry": {"type": "LineString", "coordinates": [[-0.1236958, 51.5009823], [-0.1237008, 51.5009199], [-0.123708, 51.5008418], [-0.1237108, 51.5008197]]}}, {"type": "Feature", "properties": {"highway": "footway", "name": "", "lanes": 2, "surface": "asphalt", "oneway": "no", "maxspeed": "", "source_id": "osm/way/769161072", "source": "OpenStreetMap", "licence": "ODbL 1.0"}, "geometry": {"type": "LineString", "coordinates": [[-0.1237108, 51.5008197], [-0.1237124, 51.5008029]]}}, {"type": "Feature", "properties": {"highway": "footway", "name": "", "lanes": 2, "surface": "paving_stones", "oneway": "no", "maxspeed": "", "source_id": "osm/way/769161073", "source": "OpenStreetMap", "licence": "ODbL 1.0"}, "geometry": {"type": "LineString", "coordinates": [[-0.1236958, 51.5009823], [-0.1236807, 51.501008]]}}, {"type": "Feature", "properties": {"highway": "cycleway", "name": "", "lanes": 2, "surface": "asphalt", "oneway": "yes", "maxspeed": "", "source_id": "osm/way/776896560", "source": "OpenStreetMap", "licence": "ODbL 1.0"}, "geometry": {"type": "LineString", "coordinates": [[-0.1229867, 51.5066758], [-0.1228626, 51.5066731], [-0.1225936, 51.5066083], [-0.1225724, 51.5066028], [-0.1224961, 51.5065646]]}}, {"type": "Feature", "properties": {"highway": "primary", "name": "Northumberland Avenue", "lanes": 2, "surface": "asphalt", "oneway": "yes", "maxspeed": "20 mph", "source_id": "osm/way/776896561", "source": "OpenStreetMap", "licence": "ODbL 1.0"}, "geometry": {"type": "LineString", "coordinates": [[-0.1224961, 51.5065646], [-0.1223813, 51.5065237]]}}, {"type": "Feature", "properties": {"highway": "primary", "name": "Northumberland Avenue", "lanes": 2, "surface": "asphalt", "oneway": "yes", "maxspeed": "20 mph", "source_id": "osm/way/776896562", "source": "OpenStreetMap", "licence": "ODbL 1.0"}, "geometry": {"type": "LineString", "coordinates": [[-0.1229867, 51.5066758], [-0.122763, 51.5066138], [-0.122631, 51.5065846], [-0.1225964, 51.5065754], [-0.1224961, 51.5065646]]}}, {"type": "Feature", "properties": {"highway": "primary", "name": "Victoria Embankment", "lanes": 2, "surface": "asphalt", "oneway": "no", "maxspeed": "20 mph", "source_id": "osm/way/777563012", "source": "OpenStreetMap", "licence": "ODbL 1.0"}, "geometry": {"type": "LineString", "coordinates": [[-0.1190582, 51.5095534], [-0.1192796, 51.5094415], [-0.1198059, 51.5091457], [-0.1198605, 51.5091133], [-0.1199084, 51.509085], [-0.1202677, 51.5088306], [-0.1204447, 51.5087116], [-0.1205865, 51.508613], [-0.1208007, 51.508419], [-0.1210278, 51.5081974], [-0.1210984, 51.5081286], [-0.1212675, 51.5079435], [-0.1214547, 51.5077211], [-0.1218489, 51.5072272], [-0.1218844, 51.5071892], [-0.1219186, 51.5071507], [-0.1220574, 51.5069804], [-0.122112, 51.5069068]]}}, {"type": "Feature", "properties": {"highway": "service", "name": "Laundry Road", "lanes": 2, "surface": "asphalt", "oneway": "no", "maxspeed": "", "source_id": "osm/way/782891322", "source": "OpenStreetMap", "licence": "ODbL 1.0"}, "geometry": {"type": "LineString", "coordinates": [[-0.1240097, 51.5024937], [-0.124029, 51.5024941], [-0.1247405, 51.5025081], [-0.12505, 51.5025163], [-0.1250945, 51.5020627], [-0.1251058, 51.5019809]]}}, {"type": "Feature", "properties": {"highway": "path", "name": "", "lanes": 2, "surface": "asphalt", "oneway": "no", "maxspeed": "", "source_id": "osm/way/838933549", "source": "OpenStreetMap", "licence": "ODbL 1.0"}, "geometry": {"type": "LineString", "coordinates": [[-0.1243323, 51.5024137], [-0.1243258, 51.5025558]]}}, {"type": "Feature", "properties": {"highway": "service", "name": "", "lanes": 2, "surface": "asphalt", "oneway": "no", "maxspeed": "", "source_id": "osm/way/838933551", "source": "OpenStreetMap", "licence": "ODbL 1.0"}, "geometry": {"type": "LineString", "coordinates": [[-0.1247405, 51.5025081], [-0.1247342, 51.5026095], [-0.1247365, 51.5026371], [-0.1247566, 51.5026663], [-0.1247767, 51.5026822], [-0.1247958, 51.5026914]]}}, {"type": "Feature", "properties": {"highway": "primary", "name": "Whitehall", "lanes": 2, "surface": "asphalt", "oneway": "yes", "maxspeed": "20 mph", "source_id": "osm/way/838933552", "source": "OpenStreetMap", "licence": "ODbL 1.0"}, "geometry": {"type": "LineString", "coordinates": [[-0.1261966, 51.5026584], [-0.126202, 51.502926], [-0.1262049, 51.5029693]]}}, {"type": "Feature", "properties": {"highway": "steps", "name": "", "lanes": 2, "surface": "asphalt", "oneway": "no", "maxspeed": "", "source_id": "osm/way/838944444", "source": "OpenStreetMap", "licence": "ODbL 1.0"}, "geometry": {"type": "LineString", "coordinates": [[-0.1244817, 51.5011047], [-0.1244736, 51.5011325]]}}, {"type": "Feature", "properties": {"highway": "footway", "name": "", "lanes": 2, "surface": "asphalt", "oneway": "no", "maxspeed": "", "source_id": "osm/way/838944445", "source": "OpenStreetMap", "licence": "ODbL 1.0"}, "geometry": {"type": "LineString", "coordinates": [[-0.1244892, 51.501077], [-0.1244274, 51.501075]]}}, {"type": "Feature", "properties": {"highway": "footway", "name": "", "lanes": 2, "surface": "asphalt", "oneway": "no", "maxspeed": "", "source_id": "osm/way/841549456", "source": "OpenStreetMap", "licence": "ODbL 1.0"}, "geometry": {"type": "LineString", "coordinates": [[-0.1260983, 51.5033662], [-0.1261787, 51.5033656]]}}, {"type": "Feature", "properties": {"highway": "footway", "name": "", "lanes": 2, "surface": "asphalt", "oneway": "no", "maxspeed": "", "source_id": "osm/way/841549457", "source": "OpenStreetMap", "licence": "ODbL 1.0"}, "geometry": {"type": "LineString", "coordinates": [[-0.1261604, 51.5029705], [-0.1262049, 51.5029693], [-0.126251, 51.502968]]}}, {"type": "Feature", "properties": {"highway": "footway", "name": "", "lanes": 2, "surface": "asphalt", "oneway": "no", "maxspeed": "", "source_id": "osm/way/841549458", "source": "OpenStreetMap", "licence": "ODbL 1.0"}, "geometry": {"type": "LineString", "coordinates": [[-0.1261787, 51.5033656], [-0.126222, 51.5033653], [-0.1262637, 51.503365]]}}, {"type": "Feature", "properties": {"highway": "footway", "name": "", "lanes": 2, "surface": "asphalt", "oneway": "no", "maxspeed": "", "source_id": "osm/way/841549459", "source": "OpenStreetMap", "licence": "ODbL 1.0"}, "geometry": {"type": "LineString", "coordinates": [[-0.1260481, 51.5029735], [-0.1261604, 51.5029705]]}}, {"type": "Feature", "properties": {"highway": "footway", "name": "", "lanes": 2, "surface": "asphalt", "oneway": "no", "maxspeed": "", "source_id": "osm/way/841549460", "source": "OpenStreetMap", "licence": "ODbL 1.0"}, "geometry": {"type": "LineString", "coordinates": [[-0.1261417, 51.5022397], [-0.1260445, 51.502238]]}}, {"type": "Feature", "properties": {"highway": "footway", "name": "", "lanes": 2, "surface": "asphalt", "oneway": "no", "maxspeed": "", "source_id": "osm/way/841549461", "source": "OpenStreetMap", "licence": "ODbL 1.0"}, "geometry": {"type": "LineString", "coordinates": [[-0.1260445, 51.502238], [-0.1259934, 51.5022371], [-0.1259357, 51.5022361]]}}, {"type": "Feature", "properties": {"highway": "primary", "name": "Whitehall", "lanes": 3, "surface": "asphalt", "oneway": "yes", "maxspeed": "20 mph", "source_id": "osm/way/886869658", "source": "OpenStreetMap", "licence": "ODbL 1.0"}, "geometry": {"type": "LineString", "coordinates": [[-0.1269774, 51.5058947], [-0.127022, 51.5059782]]}}, {"type": "Feature", "properties": {"highway": "footway", "name": "", "lanes": 2, "surface": "asphalt", "oneway": "no", "maxspeed": "", "source_id": "osm/way/888770101", "source": "OpenStreetMap", "licence": "ODbL 1.0"}, "geometry": {"type": "LineString", "coordinates": [[-0.1263841, 51.504685], [-0.1264736, 51.5046725], [-0.1265277, 51.504665]]}}, {"type": "Feature", "properties": {"highway": "footway", "name": "", "lanes": 2, "surface": "paving_stones", "oneway": "no", "maxspeed": "", "source_id": "osm/way/888770102", "source": "OpenStreetMap", "licence": "ODbL 1.0"}, "geometry": {"type": "LineString", "coordinates": [[-0.1261965, 51.5048561], [-0.1261867, 51.5048278]]}}, {"type": "Feature", "properties": {"highway": "footway", "name": "", "lanes": 2, "surface": "asphalt", "oneway": "no", "maxspeed": "", "source_id": "osm/way/888770103", "source": "OpenStreetMap", "licence": "ODbL 1.0"}, "geometry": {"type": "LineString", "coordinates": [[-0.1261867, 51.5048278], [-0.1261747, 51.504796], [-0.1261667, 51.5047732]]}}, {"type": "Feature", "properties": {"highway": "footway", "name": "", "lanes": 2, "surface": "asphalt", "oneway": "no", "maxspeed": "", "source_id": "osm/way/888770104", "source": "OpenStreetMap", "licence": "ODbL 1.0"}, "geometry": {"type": "LineString", "coordinates": [[-0.1264701, 51.5049887], [-0.1264184, 51.5049961], [-0.1263456, 51.5050047]]}}, {"type": "Feature", "properties": {"highway": "footway", "name": "", "lanes": 2, "surface": "paving_stones", "oneway": "no", "maxspeed": "", "source_id": "osm/way/888770105", "source": "OpenStreetMap", "licence": "ODbL 1.0"}, "geometry": {"type": "LineString", "coordinates": [[-0.1265119, 51.5049827], [-0.1264701, 51.5049887]]}}, {"type": "Feature", "properties": {"highway": "footway", "name": "", "lanes": 2, "surface": "paving_stones", "oneway": "no", "maxspeed": "", "source_id": "osm/way/888770106", "source": "OpenStreetMap", "licence": "ODbL 1.0"}, "geometry": {"type": "LineString", "coordinates": [[-0.1263577, 51.5046887], [-0.1263841, 51.504685]]}}, {"type": "Feature", "properties": {"highway": "cycleway", "name": "", "lanes": 2, "surface": "asphalt", "oneway": "yes", "maxspeed": "", "source_id": "osm/way/888773919", "source": "OpenStreetMap", "licence": "ODbL 1.0"}, "geometry": {"type": "LineString", "coordinates": [[-0.1263301, 51.5009306], [-0.1263271, 51.500964], [-0.1263225, 51.5010147]]}}, {"type": "Feature", "properties": {"highway": "cycleway", "name": "Great George Street", "lanes": 2, "surface": "asphalt", "oneway": "no", "maxspeed": "", "source_id": "osm/way/888773920", "source": "OpenStreetMap", "licence": "ODbL 1.0"}, "geometry": {"type": "LineString", "coordinates": [[-0.1263301, 51.5009306], [-0.1264054, 51.5009396], [-0.1270876, 51.5009775], [-0.127116, 51.500979]]}}, {"type": "Feature", "properties": {"highway": "primary", "name": "Whitehall", "lanes": 2, "surface": "asphalt", "oneway": "yes", "maxspeed": "20 mph", "source_id": "osm/way/901000130", "source": "OpenStreetMap", "licence": "ODbL 1.0"}, "geometry": {"type": "LineString", "coordinates": [[-0.1260398, 51.5033666], [-0.1260142, 51.5031978], [-0.1260076, 51.503154]]}}, {"type": "Feature", "properties": {"highway": "primary", "name": "Parliament Street", "lanes": 2, "surface": "asphalt", "oneway": "yes", "maxspeed": "20 mph", "source_id": "osm/way/901000131", "source": "OpenStreetMap", "licence": "ODbL 1.0"}, "geometry": {"type": "LineString", "coordinates": [[-0.1259753, 51.502665], [-0.125983, 51.502474], [-0.1259861, 51.5024067]]}}, {"type": "Feature", "properties": {"highway": "cycleway", "name": "", "lanes": 2, "surface": "asphalt", "oneway": "yes", "maxspeed": "", "source_id": "osm/way/908096236", "source": "OpenStreetMap", "licence": "ODbL 1.0"}, "geometry": {"type": "LineString", "coordinates": [[-0.1263396, 51.5009135], [-0.1263301, 51.5009306]]}}, {"type": "Feature", "properties": {"highway": "cycleway", "name": "", "lanes": 2, "surface": "asphalt", "oneway": "yes", "maxspeed": "", "source_id": "osm/way/908096240", "source": "OpenStreetMap", "licence": "ODbL 1.0"}, "geometry": {"type": "LineString", "coordinates": [[-0.1261497, 51.5009258], [-0.1262545, 51.5008534]]}}, {"type": "Feature", "properties": {"highway": "cycleway", "name": "Westminster Bridge", "lanes": 2, "surface": "asphalt", "oneway": "yes", "maxspeed": "", "source_id": "osm/way/920237496", "source": "OpenStreetMap", "licence": "ODbL 1.0"}, "geometry": {"type": "LineString", "coordinates": [[-0.123577, 51.5009134], [-0.1232377, 51.5009543], [-0.1199859, 51.5008635]]}}, {"type": "Feature", "properties": {"highway": "cycleway", "name": "", "lanes": 2, "surface": "asphalt", "oneway": "yes", "maxspeed": "", "source_id": "osm/way/920237498", "source": "OpenStreetMap", "licence": "ODbL 1.0"}, "geometry": {"type": "LineString", "coordinates": [[-0.1235825, 51.5008439], [-0.1236236, 51.5008462], [-0.123708, 51.5008418]]}}, {"type": "Feature", "properties": {"highway": "cycleway", "name": "", "lanes": 2, "surface": "asphalt", "oneway": "yes", "maxspeed": "", "source_id": "osm/way/920237499", "source": "OpenStreetMap", "licence": "ODbL 1.0"}, "geometry": {"type": "LineString", "coordinates": [[-0.1235836, 51.5008308], [-0.1236242, 51.5008324], [-0.123708, 51.5008418]]}}, {"type": "Feature", "properties": {"highway": "cycleway", "name": "Westminster Bridge", "lanes": 2, "surface": "asphalt", "oneway": "yes", "maxspeed": "", "source_id": "osm/way/920237500", "source": "OpenStreetMap", "licence": "ODbL 1.0"}, "geometry": {"type": "LineString", "coordinates": [[-0.1235436, 51.5008337], [-0.1235825, 51.5008439]]}}, {"type": "Feature", "properties": {"highway": "primary", "name": "Westminster Bridge", "lanes": 4, "surface": "asphalt", "oneway": "no", "maxspeed": "20 mph", "source_id": "osm/way/920237507", "source": "OpenStreetMap", "licence": "ODbL 1.0"}, "geometry": {"type": "LineString", "coordinates": [[-0.1230417, 51.50089], [-0.1226214, 51.5008702], [-0.1220747, 51.5008553]]}}, {"type": "Feature", "properties": {"highway": "primary", "name": "Westminster Bridge", "lanes": 4, "surface": "asphalt", "oneway": "no", "maxspeed": "20 mph", "source_id": "osm/way/920237508", "source": "OpenStreetMap", "licence": "ODbL 1.0"}, "geometry": {"type": "LineString", "coordinates": [[-0.1220747, 51.5008553], [-0.1219813, 51.5008527]]}}, {"type": "Feature", "properties": {"highway": "footway", "name": "", "lanes": 2, "surface": "asphalt", "oneway": "no", "maxspeed": "", "source_id": "osm/way/949016100", "source": "OpenStreetMap", "licence": "ODbL 1.0"}, "geometry": {"type": "LineString", "coordinates": [[-0.1274461, 51.5011696], [-0.1274492, 51.5011505], [-0.1274547, 51.5011162], [-0.1274574, 51.5010997]]}}, {"type": "Feature", "properties": {"highway": "footway", "name": "", "lanes": 2, "surface": "asphalt", "oneway": "no", "maxspeed": "", "source_id": "osm/way/949040378", "source": "OpenStreetMap", "licence": "ODbL 1.0"}, "geometry": {"type": "LineString", "coordinates": [[-0.1274284, 51.5001775], [-0.1274182, 51.5001546], [-0.1274111, 51.5001385]]}}, {"type": "Feature", "properties": {"highway": "footway", "name": "", "lanes": 2, "surface": "paving_stones", "oneway": "no", "maxspeed": "", "source_id": "osm/way/949040379", "source": "OpenStreetMap", "licence": "ODbL 1.0"}, "geometry": {"type": "LineString", "coordinates": [[-0.1274111, 51.5001385], [-0.1272744, 51.5001523], [-0.1271955, 51.5001573], [-0.127066, 51.5001554], [-0.1266921, 51.5001387], [-0.1265101, 51.5001314], [-0.1264535, 51.5001261], [-0.1263722, 51.5000995], [-0.1263467, 51.5000128], [-0.1263354, 51.4998258], [-0.1263106, 51.4996891], [-0.1262522, 51.4995035], [-0.126229, 51.499461], [-0.1261935, 51.4993437], [-0.1261623, 51.4992269]]}}, {"type": "Feature", "properties": {"highway": "footway", "name": "Great George Street", "lanes": 2, "surface": "paving_stones", "oneway": "no", "maxspeed": "", "source_id": "osm/way/959886227", "source": "OpenStreetMap", "licence": "ODbL 1.0"}, "geometry": {"type": "LineString", "coordinates": [[-0.127439, 51.5012063], [-0.1265081, 51.5011501], [-0.126432, 51.5011452], [-0.1264123, 51.5011577], [-0.1263943, 51.5012871]]}}, {"type": "Feature", "properties": {"highway": "footway", "name": "", "lanes": 2, "surface": "asphalt", "oneway": "no", "maxspeed": "", "source_id": "osm/way/961331193", "source": "OpenStreetMap", "licence": "ODbL 1.0"}, "geometry": {"type": "LineString", "coordinates": [[-0.1242398, 51.5010948], [-0.1241908, 51.5010911], [-0.124152, 51.5010882]]}}, {"type": "Feature", "properties": {"highway": "primary", "name": "Whitehall", "lanes": 2, "surface": "asphalt", "oneway": "yes", "maxspeed": "20 mph", "source_id": "osm/way/1008674252", "source": "OpenStreetMap", "licence": "ODbL 1.0"}, "geometry": {"type": "LineString", "coordinates": [[-0.1267073, 51.5056213], [-0.1266553, 51.5055024]]}}, {"type": "Feature", "properties": {"highway": "primary", "name": "Whitehall", "lanes": 2, "surface": "asphalt", "oneway": "yes", "maxspeed": "20 mph", "source_id": "osm/way/1008674253", "source": "OpenStreetMap", "licence": "ODbL 1.0"}, "geometry": {"type": "LineString", "coordinates": [[-0.1266553, 51.5055024], [-0.126597, 51.5053955]]}}, {"type": "Feature", "properties": {"highway": "primary", "name": "Whitehall", "lanes": 4, "surface": "asphalt", "oneway": "no", "maxspeed": "20 mph", "source_id": "osm/way/1008674254", "source": "OpenStreetMap", "licence": "ODbL 1.0"}, "geometry": {"type": "LineString", "coordinates": [[-0.127109, 51.5062712], [-0.12707, 51.5061994]]}}, {"type": "Feature", "properties": {"highway": "unclassified", "name": "Horse Guards Avenue", "lanes": 2, "surface": "asphalt", "oneway": "no", "maxspeed": "20 mph", "source_id": "osm/way/1008677136", "source": "OpenStreetMap", "licence": "ODbL 1.0"}, "geometry": {"type": "LineString", "coordinates": [[-0.1233141, 51.5046676], [-0.1232249, 51.5046552]]}}, {"type": "Feature", "properties": {"highway": "steps", "name": "", "lanes": 2, "surface": "metal", "oneway": "no", "maxspeed": "", "source_id": "osm/way/1012865717", "source": "OpenStreetMap", "licence": "ODbL 1.0"}, "geometry": {"type": "LineString", "coordinates": [[-0.1268152, 51.5079917], [-0.1268334, 51.5079812], [-0.1268549, 51.5079739], [-0.1268908, 51.5079707]]}}, {"type": "Feature", "properties": {"highway": "cycleway", "name": "", "lanes": 2, "surface": "asphalt", "oneway": "yes", "maxspeed": "", "source_id": "osm/way/1014451242", "source": "OpenStreetMap", "licence": "ODbL 1.0"}, "geometry": {"type": "LineString", "coordinates": [[-0.1231261, 51.5008207], [-0.1235436, 51.5008337]]}}, {"type": "Feature", "properties": {"highway": "cycleway", "name": "", "lanes": 2, "surface": "asphalt", "oneway": "yes", "maxspeed": "", "source_id": "osm/way/1027571208", "source": "OpenStreetMap", "licence": "ODbL 1.0"}, "geometry": {"type": "LineString", "coordinates": [[-0.1235436, 51.5008337], [-0.1235836, 51.5008308]]}}, {"type": "Feature", "properties": {"highway": "footway", "name": "", "lanes": 2, "surface": "paving_stones", "oneway": "no", "maxspeed": "", "source_id": "osm/way/1044527827", "source": "OpenStreetMap", "licence": "ODbL 1.0"}, "geometry": {"type": "LineString", "coordinates": [[-0.1270664, 51.5058827], [-0.1270718, 51.505896], [-0.1271415, 51.506069], [-0.127272, 51.5063153], [-0.1273869, 51.5065633], [-0.127386, 51.5065731], [-0.1273813, 51.5065868], [-0.1273825, 51.5065955], [-0.1274235, 51.5066751], [-0.1274318, 51.5066834], [-0.1274523, 51.5066953], [-0.1274998, 51.5067903], [-0.1275816, 51.5069484], [-0.1276131, 51.5070013], [-0.1276406, 51.5070357], [-0.1276685, 51.5070558]]}}, {"type": "Feature", "properties": {"highway": "pedestrian", "name": "", "lanes": 2, "surface": "paving_stones", "oneway": "no", "maxspeed": "", "source_id": "osm/way/1044527828", "source": "OpenStreetMap", "licence": "ODbL 1.0"}, "geometry": {"type": "LineString", "coordinates": [[-0.1270878, 51.5058938], [-0.1270718, 51.505896], [-0.1270679, 51.5058968], [-0.1270641, 51.5058982], [-0.1270613, 51.5059], [-0.127059, 51.5059021], [-0.1270576, 51.5059048], [-0.1270573, 51.5059082], [-0.1270578, 51.5059115], [-0.1271196, 51.5060514], [-0.1271387, 51.5060979], [-0.1271872, 51.506205], [-0.1272426, 51.5063199], [-0.1272893, 51.5064256], [-0.1273477, 51.5065379], [-0.1273831, 51.5066182], [-0.1274233, 51.5067015], [-0.1274649, 51.506781], [-0.1275297, 51.5069164], [-0.1275688, 51.5069945], [-0.1275851, 51.5070227], [-0.1276034, 51.5070445], [-0.1276268, 51.5070629], [-0.1276456, 51.5070749], [-0.1276746, 51.5070879], [-0.1277344, 51.5071021], [-0.1277627, 51.5071041], [-0.1277863, 51.5071041], [-0.1278167, 51.5071014], [-0.1278027, 51.5070675], [-0.1277877, 51.507032], [-0.1277503, 51.5070339], [-0.1277218, 51.5070362], [-0.1276929, 51.50703], [-0.1276653, 51.5070131], [-0.1276538, 51.5069936], [-0.1276387, 51.5069635], [-0.1276236, 51.5069652], [-0.1275218, 51.5067627], [-0.1274892, 51.5066939], [-0.1274757, 51.506669], [-0.1274327, 51.5066773], [-0.1273918, 51.5065972], [-0.1274361, 51.5065877], [-0.1274191, 51.5065613], [-0.1273607, 51.5064417], [-0.1271906, 51.5060694], [-0.1271578, 51.5060744], [-0.1271295, 51.5060025], [-0.1271338, 51.5060018], [-0.1270983, 51.5059056], [-0.1270924, 51.5059065], [-0.1270878, 51.5058938]]}}, {"type": "Feature", "properties": {"highway": "primary", "name": "Parliament Square", "lanes": 3, "surface": "asphalt", "oneway": "yes", "maxspeed": "20 mph", "source_id": "osm/way/1058328014", "source": "OpenStreetMap", "licence": "ODbL 1.0"}, "geometry": {"type": "LineString", "coordinates": [[-0.1269288, 51.5002281], [-0.1271369, 51.5002333]]}}, {"type": "Feature", "properties": {"highway": "cycleway", "name": "", "lanes": 2, "surface": "asphalt", "oneway": "yes", "maxspeed": "", "source_id": "osm/way/1058328015", "source": "OpenStreetMap", "licence": "ODbL 1.0"}, "geometry": {"type": "LineString", "coordinates": [[-0.1274871, 51.500877], [-0.1273938, 51.500939], [-0.1273832, 51.5009479], [-0.12728, 51.5009753], [-0.127116, 51.500979]]}}, {"type": "Feature", "properties": {"highway": "primary", "name": "Parliament Square", "lanes": 3, "surface": "asphalt", "oneway": "yes", "maxspeed": "20 mph", "source_id": "osm/way/1058328016", "source": "OpenStreetMap", "licence": "ODbL 1.0"}, "geometry": {"type": "LineString", "coordinates": [[-0.1274941, 51.500837], [-0.1274871, 51.500877]]}}, {"type": "Feature", "properties": {"highway": "primary", "name": "Trafalgar Square", "lanes": 2, "surface": "asphalt", "oneway": "yes", "maxspeed": "20 mph", "source_id": "osm/way/1065112863", "source": "OpenStreetMap", "licence": "ODbL 1.0"}, "geometry": {"type": "LineString", "coordinates": [[-0.1270414, 51.5079603], [-0.1270329, 51.5079185], [-0.1270122, 51.5078037]]}}, {"type": "Feature", "properties": {"highway": "primary", "name": "Whitehall", "lanes": 3, "surface": "asphalt", "oneway": "yes", "maxspeed": "20 mph", "source_id": "osm/way/1065112867", "source": "OpenStreetMap", "licence": "ODbL 1.0"}, "geometry": {"type": "LineString", "coordinates": [[-0.1264736, 51.5046725], [-0.1264924, 51.5047288]]}}, {"type": "Feature", "properties": {"highway": "primary", "name": "Whitehall", "lanes": 2, "surface": "asphalt", "oneway": "yes", "maxspeed": "20 mph", "source_id": "osm/way/1065112868", "source": "OpenStreetMap", "licence": "ODbL 1.0"}, "geometry": {"type": "LineString", "coordinates": [[-0.1264184, 51.5049961], [-0.1263571, 51.5048554]]}}, {"type": "Feature", "properties": {"highway": "footway", "name": "", "lanes": 2, "surface": "paving_stones", "oneway": "no", "maxspeed": "", "source_id": "osm/way/1068277522", "source": "OpenStreetMap", "licence": "ODbL 1.0"}, "geometry": {"type": "LineString", "coordinates": [[-0.1230863, 51.5044455], [-0.1230499, 51.5044406]]}}, {"type": "Feature", "properties": {"highway": "footway", "name": "", "lanes": 2, "surface": "paving_stones", "oneway": "no", "maxspeed": "", "source_id": "osm/way/1068277523", "source": "OpenStreetMap", "licence": "ODbL 1.0"}, "geometry": {"type": "LineString", "coordinates": [[-0.1233527, 51.5045636], [-0.12338, 51.5045677]]}}, {"type": "Feature", "properties": {"highway": "primary", "name": "St. Margaret Street", "lanes": 2, "surface": "asphalt", "oneway": "no", "maxspeed": "20 mph", "source_id": "osm/way/1070232801", "source": "OpenStreetMap", "licence": "ODbL 1.0"}, "geometry": {"type": "LineString", "coordinates": [[-0.1261739, 51.499588], [-0.1261668, 51.4995341]]}}, {"type": "Feature", "properties": {"highway": "primary", "name": "Parliament Street", "lanes": 2, "surface": "asphalt", "oneway": "yes", "maxspeed": "20 mph", "source_id": "osm/way/1070252768", "source": "OpenStreetMap", "licence": "ODbL 1.0"}, "geometry": {"type": "LineString", "coordinates": [[-0.1262041, 51.5020226], [-0.1262032, 51.5021076]]}}, {"type": "Feature", "properties": {"highway": "footway", "name": "", "lanes": 2, "surface": "paving_stones", "oneway": "no", "maxspeed": "", "source_id": "osm/way/1081664166", "source": "OpenStreetMap", "licence": "ODbL 1.0"}, "geometry": {"type": "LineString", "coordinates": [[-0.1271226, 51.5008485], [-0.1272357, 51.5009368], [-0.1272522, 51.5009497]]}}, {"type": "Feature", "properties": {"highway": "footway", "name": "", "lanes": 2, "surface": "paving_stones", "oneway": "no", "maxspeed": "", "source_id": "osm/way/1081664167", "source": "OpenStreetMap", "licence": "ODbL 1.0"}, "geometry": {"type": "LineString", "coordinates": [[-0.1272023, 51.5003448], [-0.1271965, 51.5003814], [-0.1271314, 51.500793]]}}, {"type": "Feature", "properties": {"highway": "footway", "name": "", "lanes": 2, "surface": "paving_stones", "oneway": "no", "maxspeed": "", "source_id": "osm/way/1081664168", "source": "OpenStreetMap", "licence": "ODbL 1.0"}, "geometry": {"type": "LineString", "coordinates": [[-0.1262644, 51.5008125], [-0.127062, 51.500846], [-0.1271226, 51.5008485]]}}, {"type": "Feature", "properties": {"highway": "footway", "name": "", "lanes": 2, "surface": "paving_stones", "oneway": "no", "maxspeed": "", "source_id": "osm/way/1081664169", "source": "OpenStreetMap", "licence": "ODbL 1.0"}, "geometry": {"type": "LineString", "coordinates": [[-0.1259966, 51.5004707], [-0.1260209, 51.5001526], [-0.1260551, 51.4996575], [-0.1259887, 51.4994396], [-0.125856, 51.4990859], [-0.1257192, 51.4986845]]}}, {"type": "Feature", "properties": {"highway": "footway", "name": "", "lanes": 2, "surface": "asphalt", "oneway": "no", "maxspeed": "", "source_id": "osm/way/1081664170", "source": "OpenStreetMap", "licence": "ODbL 1.0"}, "geometry": {"type": "LineString", "coordinates": [[-0.1259919, 51.5005411], [-0.1259938, 51.5005203], [-0.1259946, 51.5004974]]}}, {"type": "Feature", "properties": {"highway": "footway", "name": "", "lanes": 2, "surface": "paving_stones", "oneway": "no", "maxspeed": "", "source_id": "osm/way/1081664171", "source": "OpenStreetMap", "licence": "ODbL 1.0"}, "geometry": {"type": "LineString", "coordinates": [[-0.1259886, 51.500586], [-0.1259919, 51.5005411]]}}, {"type": "Feature", "properties": {"highway": "footway", "name": "", "lanes": 2, "surface": "asphalt", "oneway": "no", "maxspeed": "", "source_id": "osm/way/1081664172", "source": "OpenStreetMap", "licence": "ODbL 1.0"}, "geometry": {"type": "LineString", "coordinates": [[-0.1259857, 51.5006333], [-0.1259864, 51.5006109], [-0.1259886, 51.500586]]}}, {"type": "Feature", "properties": {"highway": "footway", "name": "", "lanes": 2, "surface": "paving_stones", "oneway": "no", "maxspeed": "", "source_id": "osm/way/1081664173", "source": "OpenStreetMap", "licence": "ODbL 1.0"}, "geometry": {"type": "LineString", "coordinates": [[-0.1260209, 51.5001526], [-0.126083, 51.5001536]]}}, {"type": "Feature", "properties": {"highway": "footway", "name": "", "lanes": 2, "surface": "paving_stones", "oneway": "no", "maxspeed": "", "source_id": "osm/way/1081664174", "source": "OpenStreetMap", "licence": "ODbL 1.0"}, "geometry": {"type": "LineString", "coordinates": [[-0.1260499, 51.5007356], [-0.1259767, 51.5007387]]}}, {"type": "Feature", "properties": {"highway": "footway", "name": "", "lanes": 2, "surface": "paving_stones", "oneway": "no", "maxspeed": "", "source_id": "osm/way/1081664175", "source": "OpenStreetMap", "licence": "ODbL 1.0"}, "geometry": {"type": "LineString", "coordinates": [[-0.1258501, 51.5008688], [-0.125974, 51.5007884], [-0.1259767, 51.5007387], [-0.1259837, 51.5006566]]}}, {"type": "Feature", "properties": {"highway": "footway", "name": "", "lanes": 2, "surface": "paving_stones", "oneway": "no", "maxspeed": "", "source_id": "osm/way/1081664176", "source": "OpenStreetMap", "licence": "ODbL 1.0"}, "geometry": {"type": "LineString", "coordinates": [[-0.1258501, 51.5008688], [-0.1260204, 51.5008589], [-0.1261475, 51.5008537]]}}, {"type": "Feature", "properties": {"highway": "footway", "name": "", "lanes": 2, "surface": "paving_stones", "oneway": "no", "maxspeed": "", "source_id": "osm/way/1081664177", "source": "OpenStreetMap", "licence": "ODbL 1.0"}, "geometry": {"type": "LineString", "coordinates": [[-0.1258602, 51.5008934], [-0.1258501, 51.5008688]]}}, {"type": "Feature", "properties": {"highway": "footway", "name": "", "lanes": 2, "surface": "paving_stones", "oneway": "no", "maxspeed": "", "source_id": "osm/way/1081664178", "source": "OpenStreetMap", "licence": "ODbL 1.0"}, "geometry": {"type": "LineString", "coordinates": [[-0.1272959, 51.5003513], [-0.1273033, 51.5003408]]}}, {"type": "Feature", "properties": {"highway": "footway", "name": "", "lanes": 2, "surface": "paving_stones", "oneway": "no", "maxspeed": "", "source_id": "osm/way/1081664179", "source": "OpenStreetMap", "licence": "ODbL 1.0"}, "geometry": {"type": "LineString", "coordinates": [[-0.1263576, 51.5001044], [-0.1263356, 51.5001106]]}}, {"type": "Feature", "properties": {"highway": "footway", "name": "", "lanes": 2, "surface": "asphalt", "oneway": "no", "maxspeed": "", "source_id": "osm/way/1081664180", "source": "OpenStreetMap", "licence": "ODbL 1.0"}, "geometry": {"type": "LineString", "coordinates": [[-0.1262433, 51.5007382], [-0.1261503, 51.500737], [-0.1260499, 51.5007356]]}}, {"type": "Feature", "properties": {"highway": "footway", "name": "", "lanes": 2, "surface": "paving_stones", "oneway": "no", "maxspeed": "", "source_id": "osm/way/1081664181", "source": "OpenStreetMap", "licence": "ODbL 1.0"}, "geometry": {"type": "LineString", "coordinates": [[-0.1262662, 51.5007399], [-0.1262433, 51.5007382]]}}, {"type": "Feature", "properties": {"highway": "footway", "name": "Parliament Square", "lanes": 2, "surface": "paving_stones", "oneway": "no", "maxspeed": "", "source_id": "osm/way/1081664182", "source": "OpenStreetMap", "licence": "ODbL 1.0"}, "geometry": {"type": "LineString", "coordinates": [[-0.1263182, 51.5008603], [-0.1262644, 51.5008125], [-0.1262662, 51.5007399], [-0.1263246, 51.5003445], [-0.1263363, 51.5003255], [-0.1263623, 51.5003102], [-0.1263911, 51.5003013], [-0.1264227, 51.5003004], [-0.1272023, 51.5003448], [-0.1272959, 51.5003513]]}}, {"type": "Feature", "properties": {"highway": "footway", "name": "", "lanes": 2, "surface": "paving_stones", "oneway": "no", "maxspeed": "", "source_id": "osm/way/1081729866", "source": "OpenStreetMap", "licence": "ODbL 1.0"}, "geometry": {"type": "LineString", "coordinates": [[-0.1263722, 51.5000995], [-0.1263576, 51.5001044]]}}, {"type": "Feature", "properties": {"highway": "footway", "name": "", "lanes": 2, "surface": "paving_stones", "oneway": "no", "maxspeed": "", "source_id": "osm/way/1081732842", "source": "OpenStreetMap", "licence": "ODbL 1.0"}, "geometry": {"type": "LineString", "coordinates": [[-0.1258398, 51.5010853], [-0.1258432, 51.5010708], [-0.1258445, 51.5010622]]}}, {"type": "Feature", "properties": {"highway": "footway", "name": "", "lanes": 2, "surface": "paving_stones", "oneway": "no", "maxspeed": "", "source_id": "osm/way/1081732844", "source": "OpenStreetMap", "licence": "ODbL 1.0"}, "geometry": {"type": "LineString", "coordinates": [[-0.1242969, 51.5011002], [-0.12426, 51.501098], [-0.1242398, 51.5010948]]}}, {"type": "Feature", "properties": {"highway": "footway", "name": "", "lanes": 2, "surface": "paving_stones", "oneway": "no", "maxspeed": "", "source_id": "osm/way/1081732845", "source": "OpenStreetMap", "licence": "ODbL 1.0"}, "geometry": {"type": "LineString", "coordinates": [[-0.1248866, 51.5010571], [-0.1248863, 51.5010615], [-0.124885, 51.5010789]]}}, {"type": "Feature", "properties": {"highway": "footway", "name": "", "lanes": 2, "surface": "paving_stones", "oneway": "no", "maxspeed": "", "source_id": "osm/way/1081732846", "source": "OpenStreetMap", "licence": "ODbL 1.0"}, "geometry": {"type": "LineString", "coordinates": [[-0.1255226, 51.5010805], [-0.125484, 51.5010784], [-0.1254571, 51.5010772]]}}, {"type": "Feature", "properties": {"highway": "footway", "name": "", "lanes": 2, "surface": "paving_stones", "oneway": "no", "maxspeed": "", "source_id": "osm/way/1081732847", "source": "OpenStreetMap", "licence": "ODbL 1.0"}, "geometry": {"type": "LineString", "coordinates": [[-0.1259433, 51.5011219], [-0.1259448, 51.5010997], [-0.1259143, 51.5010864], [-0.1258398, 51.5010853], [-0.1255226, 51.5010805]]}}, {"type": "Feature", "properties": {"highway": "footway", "name": "", "lanes": 2, "surface": "paving_stones", "oneway": "no", "maxspeed": "", "source_id": "osm/way/1081732848", "source": "OpenStreetMap", "licence": "ODbL 1.0"}, "geometry": {"type": "LineString", "coordinates": [[-0.1260214, 51.5011238], [-0.1259433, 51.5011219]]}}, {"type": "Feature", "properties": {"highway": "footway", "name": "", "lanes": 2, "surface": "paving_stones", "oneway": "no", "maxspeed": "", "source_id": "osm/way/1081732849", "source": "OpenStreetMap", "licence": "ODbL 1.0"}, "geometry": {"type": "LineString", "coordinates": [[-0.1263608, 51.5012853], [-0.1263943, 51.5012871], [-0.1264267, 51.5012889], [-0.1264888, 51.5012923]]}}, {"type": "Feature", "properties": {"highway": "service", "name": "", "lanes": 2, "surface": "asphalt", "oneway": "no", "maxspeed": "", "source_id": "osm/way/1082623639", "source": "OpenStreetMap", "licence": "ODbL 1.0"}, "geometry": {"type": "LineString", "coordinates": [[-0.1245245, 51.5008992], [-0.124511, 51.5009642]]}}, {"type": "Feature", "properties": {"highway": "primary_link", "name": "Northumberland Avenue", "lanes": 2, "surface": "asphalt", "oneway": "yes", "maxspeed": "20 mph", "source_id": "osm/way/1082811330", "source": "OpenStreetMap", "licence": "ODbL 1.0"}, "geometry": {"type": "LineString", "coordinates": [[-0.1226475, 51.506425], [-0.1226726, 51.506466], [-0.1227259, 51.5065213]]}}, {"type": "Feature", "properties": {"highway": "footway", "name": "", "lanes": 2, "surface": "paving_stones", "oneway": "no", "maxspeed": "", "source_id": "osm/way/1082811331", "source": "OpenStreetMap", "licence": "ODbL 1.0"}, "geometry": {"type": "LineString", "coordinates": [[-0.1223988, 51.5063725], [-0.1223805, 51.5063673]]}}, {"type": "Feature", "properties": {"highway": "primary", "name": "Victoria Embankment", "lanes": 4, "surface": "asphalt", "oneway": "no", "maxspeed": "20 mph", "source_id": "osm/way/1082811336", "source": "OpenStreetMap", "licence": "ODbL 1.0"}, "geometry": {"type": "LineString", "coordinates": [[-0.1225878, 51.5062651], [-0.1227009, 51.5060458]]}}, {"type": "Feature", "properties": {"highway": "footway", "name": "", "lanes": 2, "surface": "paving_stones", "oneway": "no", "maxspeed": "", "source_id": "osm/way/1082811337", "source": "OpenStreetMap", "licence": "ODbL 1.0"}, "geometry": {"type": "LineString", "coordinates": [[-0.1231651, 51.5044548], [-0.1231456, 51.5044526]]}}, {"type": "Feature", "properties": {"highway": "footway", "name": "", "lanes": 2, "surface": "paving_stones", "oneway": "no", "maxspeed": "", "source_id": "osm/way/1082811338", "source": "OpenStreetMap", "licence": "ODbL 1.0"}, "geometry": {"type": "LineString", "coordinates": [[-0.1231417, 51.504535], [-0.1231651, 51.5044548]]}}, {"type": "Feature", "properties": {"highway": "service", "name": "Laundry Road", "lanes": 2, "surface": "asphalt", "oneway": "no", "maxspeed": "", "source_id": "osm/way/1083731968", "source": "OpenStreetMap", "licence": "ODbL 1.0"}, "geometry": {"type": "LineString", "coordinates": [[-0.1238568, 51.502491], [-0.1239366, 51.5024923], [-0.1240097, 51.5024937]]}}, {"type": "Feature", "properties": {"highway": "footway", "name": "", "lanes": 2, "surface": "paving_stones", "oneway": "no", "maxspeed": "", "source_id": "osm/way/1083731976", "source": "OpenStreetMap", "licence": "ODbL 1.0"}, "geometry": {"type": "LineString", "coordinates": [[-0.1231651, 51.5044548], [-0.1232754, 51.5041148], [-0.1234441, 51.5035482], [-0.1235736, 51.5031345], [-0.1237653, 51.5023841], [-0.1238924, 51.5018339], [-0.1239449, 51.50145], [-0.1239618, 51.5011567]]}}, {"type": "Feature", "properties": {"highway": "footway", "name": "", "lanes": 2, "surface": "paving_stones", "oneway": "no", "maxspeed": "", "source_id": "osm/way/1083731980", "source": "OpenStreetMap", "licence": "ODbL 1.0"}, "geometry": {"type": "LineString", "coordinates": [[-0.1239021, 51.501448], [-0.1239449, 51.50145]]}}, {"type": "Feature", "properties": {"highway": "footway", "name": "", "lanes": 2, "surface": "paving_stones", "oneway": "no", "maxspeed": "", "source_id": "osm/way/1083731981", "source": "OpenStreetMap", "licence": "ODbL 1.0"}, "geometry": {"type": "LineString", "coordinates": [[-0.1238046, 51.5014435], [-0.1238463, 51.5014456]]}}, {"type": "Feature", "properties": {"highway": "footway", "name": "", "lanes": 2, "surface": "asphalt", "oneway": "no", "maxspeed": "", "source_id": "osm/way/1083731982", "source": "OpenStreetMap", "licence": "ODbL 1.0"}, "geometry": {"type": "LineString", "coordinates": [[-0.1238463, 51.5014456], [-0.1238719, 51.5014466], [-0.1239021, 51.501448]]}}, {"type": "Feature", "properties": {"highway": "service", "name": "New Palace Yard", "lanes": 2, "surface": "asphalt", "oneway": "yes", "maxspeed": "", "source_id": "osm/way/1083743487", "source": "OpenStreetMap", "licence": "ODbL 1.0"}, "geometry": {"type": "LineString", "coordinates": [[-0.1261599, 51.5006137], [-0.1259864, 51.5006109], [-0.1259293, 51.5006094]]}}, {"type": "Feature", "properties": {"highway": "service", "name": "New Palace Yard", "lanes": 2, "surface": "asphalt", "oneway": "yes", "maxspeed": "", "source_id": "osm/way/1083743488", "source": "OpenStreetMap", "licence": "ODbL 1.0"}, "geometry": {"type": "LineString", "coordinates": [[-0.1259364, 51.5005203], [-0.1259938, 51.5005203], [-0.126167, 51.5005224]]}}, {"type": "Feature", "properties": {"highway": "footway", "name": "", "lanes": 2, "surface": "asphalt", "oneway": "no", "maxspeed": "", "source_id": "osm/way/1083743489", "source": "OpenStreetMap", "licence": "ODbL 1.0"}, "geometry": {"type": "LineString", "coordinates": [[-0.1273938, 51.500939], [-0.1273565, 51.5009211]]}}, {"type": "Feature", "properties": {"highway": "footway", "name": "", "lanes": 2, "surface": "paving_stones", "oneway": "no", "maxspeed": "", "source_id": "osm/way/1083743498", "source": "OpenStreetMap", "licence": "ODbL 1.0"}, "geometry": {"type": "LineString", "coordinates": [[-0.1273565, 51.5009211], [-0.1273449, 51.5009141]]}}, {"type": "Feature", "properties": {"highway": "footway", "name": "", "lanes": 2, "surface": "paving_stones", "oneway": "no", "maxspeed": "", "source_id": "osm/way/1083743499", "source": "OpenStreetMap", "licence": "ODbL 1.0"}, "geometry": {"type": "LineString", "coordinates": [[-0.1273172, 51.5008974], [-0.127334, 51.5009075]]}}, {"type": "Feature", "properties": {"highway": "footway", "name": "", "lanes": 2, "surface": "paving_stones", "oneway": "no", "maxspeed": "", "source_id": "osm/way/1083743500", "source": "OpenStreetMap", "licence": "ODbL 1.0"}, "geometry": {"type": "LineString", "coordinates": [[-0.1272357, 51.5009368], [-0.1273172, 51.5008974], [-0.1273594, 51.5004395], [-0.1273291, 51.5004114], [-0.1273003, 51.5004049]]}}, {"type": "Feature", "properties": {"highway": "steps", "name": "", "lanes": 2, "surface": "paving_stones", "oneway": "no", "maxspeed": "", "source_id": "osm/way/1083743501", "source": "OpenStreetMap", "licence": "ODbL 1.0"}, "geometry": {"type": "LineString", "coordinates": [[-0.1273449, 51.5009141], [-0.127334, 51.5009075]]}}, {"type": "Feature", "properties": {"highway": "footway", "name": "", "lanes": 2, "surface": "paving_stones", "oneway": "no", "maxspeed": "", "source_id": "osm/way/1083743502", "source": "OpenStreetMap", "licence": "ODbL 1.0"}, "geometry": {"type": "LineString", "coordinates": [[-0.127127, 51.5008207], [-0.1271226, 51.5008485]]}}, {"type": "Feature", "properties": {"highway": "steps", "name": "", "lanes": 2, "surface": "paving_stones", "oneway": "no", "maxspeed": "", "source_id": "osm/way/1083743503", "source": "OpenStreetMap", "licence": "ODbL 1.0"}, "geometry": {"type": "LineString", "coordinates": [[-0.1271314, 51.500793], [-0.127127, 51.5008207]]}}, {"type": "Feature", "properties": {"highway": "footway", "name": "", "lanes": 2, "surface": "paving_stones", "oneway": "no", "maxspeed": "", "source_id": "osm/way/1083743504", "source": "OpenStreetMap", "licence": "ODbL 1.0"}, "geometry": {"type": "LineString", "coordinates": [[-0.1272078, 51.500955], [-0.1270543, 51.5009467]]}}, {"type": "Feature", "properties": {"highway": "steps", "name": "", "lanes": 2, "surface": "paving_stones", "oneway": "no", "maxspeed": "", "source_id": "osm/way/1083743505", "source": "OpenStreetMap", "licence": "ODbL 1.0"}, "geometry": {"type": "LineString", "coordinates": [[-0.1272576, 51.5009555], [-0.1272522, 51.5009497]]}}, {"type": "Feature", "properties": {"highway": "footway", "name": "", "lanes": 2, "surface": "paving_stones", "oneway": "no", "maxspeed": "", "source_id": "osm/way/1083743507", "source": "OpenStreetMap", "licence": "ODbL 1.0"}, "geometry": {"type": "LineString", "coordinates": [[-0.127439, 51.5012063], [-0.1274423, 51.5011893], [-0.1274439, 51.501181], [-0.1274461, 51.5011696]]}}, {"type": "Feature", "properties": {"highway": "footway", "name": "", "lanes": 2, "surface": "paving_stones", "oneway": "no", "maxspeed": "", "source_id": "osm/way/1083743508", "source": "OpenStreetMap", "licence": "ODbL 1.0"}, "geometry": {"type": "LineString", "coordinates": [[-0.1274655, 51.5010651], [-0.1274574, 51.5010997]]}}, {"type": "Feature", "properties": {"highway": "footway", "name": "", "lanes": 2, "surface": "paving_stones", "oneway": "no", "maxspeed": "", "source_id": "osm/way/1083743512", "source": "OpenStreetMap", "licence": "ODbL 1.0"}, "geometry": {"type": "LineString", "coordinates": [[-0.1272644, 51.5009634], [-0.1272599, 51.5009578], [-0.1272576, 51.5009555]]}}, {"type": "Feature", "properties": {"highway": "footway", "name": "", "lanes": 2, "surface": "paving_stones", "oneway": "no", "maxspeed": "", "source_id": "osm/way/1083743513", "source": "OpenStreetMap", "licence": "ODbL 1.0"}, "geometry": {"type": "LineString", "coordinates": [[-0.1270543, 51.5009467], [-0.127062, 51.500846]]}}, {"type": "Feature", "properties": {"highway": "footway", "name": "", "lanes": 2, "surface": "paving_stones", "oneway": "no", "maxspeed": "", "source_id": "osm/way/1083743514", "source": "OpenStreetMap", "licence": "ODbL 1.0"}, "geometry": {"type": "LineString", "coordinates": [[-0.1272599, 51.5009578], [-0.1272078, 51.500955]]}}, {"type": "Feature", "properties": {"highway": "service", "name": "", "lanes": 2, "surface": "asphalt", "oneway": "yes", "maxspeed": "", "source_id": "osm/way/1096490188", "source": "OpenStreetMap", "licence": "ODbL 1.0"}, "geometry": {"type": "LineString", "coordinates": [[-0.1253437, 51.5006909], [-0.1250353, 51.5006817]]}}, {"type": "Feature", "properties": {"highway": "cycleway", "name": "Victoria Embankment", "lanes": 2, "surface": "asphalt", "oneway": "no", "maxspeed": "", "source_id": "osm/way/1119973516", "source": "OpenStreetMap", "licence": "ODbL 1.0"}, "geometry": {"type": "LineString", "coordinates": [[-0.1230515, 51.5047075], [-0.1230103, 51.5048436], [-0.1229831, 51.5049018], [-0.1229679, 51.5049455], [-0.1228891, 51.5051422], [-0.1225229, 51.5060564], [-0.1224642, 51.5061729], [-0.1224177, 51.5062607], [-0.1223993, 51.506285], [-0.1223765, 51.5063231], [-0.1223053, 51.5064226], [-0.1222668, 51.5064837], [-0.1221439, 51.5066501], [-0.1218506, 51.507017]]}}, {"type": "Feature", "properties": {"highway": "service", "name": "Canon Row", "lanes": 2, "surface": "asphalt", "oneway": "no", "maxspeed": "", "source_id": "osm/way/1128452622", "source": "OpenStreetMap", "licence": "ODbL 1.0"}, "geometry": {"type": "LineString", "coordinates": [[-0.12546, 51.5015941], [-0.1254487, 51.5018356]]}}, {"type": "Feature", "properties": {"highway": "footway", "name": "", "lanes": 2, "surface": "paving_stones", "oneway": "no", "maxspeed": "", "source_id": "osm/way/1128473593", "source": "OpenStreetMap", "licence": "ODbL 1.0"}, "geometry": {"type": "LineString", "coordinates": [[-0.1264267, 51.5012889], [-0.1264302, 51.5012427]]}}, {"type": "Feature", "properties": {"highway": "footway", "name": "Parliament Street", "lanes": 2, "surface": "paving_stones", "oneway": "no", "maxspeed": "", "source_id": "osm/way/1128473596", "source": "OpenStreetMap", "licence": "ODbL 1.0"}, "geometry": {"type": "LineString", "coordinates": [[-0.1265081, 51.5011501], [-0.1264888, 51.5012923], [-0.1264349, 51.5016144], [-0.1263615, 51.5020566], [-0.1263578, 51.502076], [-0.1263564, 51.5020839]]}}, {"type": "Feature", "properties": {"highway": "footway", "name": "Great George Street", "lanes": 2, "surface": "paving_stones", "oneway": "no", "maxspeed": "", "source_id": "osm/way/1128473597", "source": "OpenStreetMap", "licence": "ODbL 1.0"}, "geometry": {"type": "LineString", "coordinates": [[-0.1274439, 51.501181], [-0.1266902, 51.5011287], [-0.1265526, 51.501122], [-0.1265081, 51.5011501]]}}, {"type": "Feature", "properties": {"highway": "footway", "name": "Great George Street", "lanes": 2, "surface": "paving_stones", "oneway": "no", "maxspeed": "", "source_id": "osm/way/1128473599", "source": "OpenStreetMap", "licence": "ODbL 1.0"}, "geometry": {"type": "LineString", "coordinates": [[-0.1278578, 51.501238], [-0.127439, 51.5012063]]}}, {"type": "Feature", "properties": {"highway": "residential", "name": "Derby Gate", "lanes": 2, "surface": "asphalt", "oneway": "no", "maxspeed": "20 mph", "source_id": "osm/way/1128690134", "source": "OpenStreetMap", "licence": "ODbL 1.0"}, "geometry": {"type": "LineString", "coordinates": [[-0.1254322, 51.5019887], [-0.1253438, 51.5019866]]}}, {"type": "Feature", "properties": {"highway": "footway", "name": "", "lanes": 2, "surface": "paved", "oneway": "no", "maxspeed": "", "source_id": "osm/way/1128951584", "source": "OpenStreetMap", "licence": "ODbL 1.0"}, "geometry": {"type": "LineString", "coordinates": [[-0.125975, 51.5012365], [-0.1259759, 51.5012268]]}}, {"type": "Feature", "properties": {"highway": "footway", "name": "", "lanes": 2, "surface": "paving_stones", "oneway": "no", "maxspeed": "", "source_id": "osm/way/1128951590", "source": "OpenStreetMap", "licence": "ODbL 1.0"}, "geometry": {"type": "LineString", "coordinates": [[-0.1264349, 51.5016144], [-0.126378, 51.5016106], [-0.1263532, 51.501609]]}}, {"type": "Feature", "properties": {"highway": "footway", "name": "", "lanes": 2, "surface": "paving_stones", "oneway": "no", "maxspeed": "", "source_id": "osm/way/1128951591", "source": "OpenStreetMap", "licence": "ODbL 1.0"}, "geometry": {"type": "LineString", "coordinates": [[-0.1263161, 51.5020546], [-0.1263615, 51.5020566]]}}, {"type": "Feature", "properties": {"highway": "footway", "name": "", "lanes": 2, "surface": "paving_stones", "oneway": "no", "maxspeed": "", "source_id": "osm/way/1128951592", "source": "OpenStreetMap", "licence": "ODbL 1.0"}, "geometry": {"type": "LineString", "coordinates": [[-0.1262861, 51.5020536], [-0.1263161, 51.5020546]]}}, {"type": "Feature", "properties": {"highway": "footway", "name": "Great George Street", "lanes": 2, "surface": "paving_stones", "oneway": "no", "maxspeed": "", "source_id": "osm/way/1128951593", "source": "OpenStreetMap", "licence": "ODbL 1.0"}, "geometry": {"type": "LineString", "coordinates": [[-0.1263943, 51.5012871], [-0.1263884, 51.5013281], [-0.1263937, 51.5013398], [-0.1263532, 51.501609], [-0.1262861, 51.5020536]]}}, {"type": "Feature", "properties": {"highway": "footway", "name": "", "lanes": 2, "surface": "paving_stones", "oneway": "no", "maxspeed": "", "source_id": "osm/way/1128951596", "source": "OpenStreetMap", "licence": "ODbL 1.0"}, "geometry": {"type": "LineString", "coordinates": [[-0.1258959, 51.5019714], [-0.1259745, 51.5012457], [-0.125975, 51.5012365], [-0.1259322, 51.501235], [-0.1259433, 51.5011219]]}}, {"type": "Feature", "properties": {"highway": "primary", "name": "Parliament Street", "lanes": 2, "surface": "asphalt", "oneway": "yes", "maxspeed": "20 mph", "source_id": "osm/way/1128951597", "source": "OpenStreetMap", "licence": "ODbL 1.0"}, "geometry": {"type": "LineString", "coordinates": [[-0.1260998, 51.5014343], [-0.1261366, 51.501371], [-0.1261533, 51.5011968], [-0.1261578, 51.5011497], [-0.1261597, 51.5011295]]}}, {"type": "Feature", "properties": {"highway": "primary", "name": "Parliament Street", "lanes": 1, "surface": "asphalt", "oneway": "yes", "maxspeed": "20 mph", "source_id": "osm/way/1128951598", "source": "OpenStreetMap", "licence": "ODbL 1.0"}, "geometry": {"type": "LineString", "coordinates": [[-0.1260546, 51.5011251], [-0.1260564, 51.5010505], [-0.1260583, 51.5010038]]}}, {"type": "Feature", "properties": {"highway": "primary", "name": "Bridge Street", "lanes": 2, "surface": "asphalt", "oneway": "no", "maxspeed": "20 mph", "source_id": "osm/way/1128951599", "source": "OpenStreetMap", "licence": "ODbL 1.0"}, "geometry": {"type": "LineString", "coordinates": [[-0.1261537, 51.5010077], [-0.1260583, 51.5010038]]}}, {"type": "Feature", "properties": {"highway": "primary", "name": "Parliament Street", "lanes": 1, "surface": "asphalt", "oneway": "yes", "maxspeed": "20 mph", "source_id": "osm/way/1128951600", "source": "OpenStreetMap", "licence": "ODbL 1.0"}, "geometry": {"type": "LineString", "coordinates": [[-0.1260998, 51.5014343], [-0.1260392, 51.501364], [-0.1260502, 51.5011941], [-0.1260532, 51.5011469], [-0.1260546, 51.5011251]]}}, {"type": "Feature", "properties": {"highway": "footway", "name": "", "lanes": 2, "surface": "paving_stones", "oneway": "no", "maxspeed": "", "source_id": "osm/way/1129696366", "source": "OpenStreetMap", "licence": "ODbL 1.0"}, "geometry": {"type": "LineString", "coordinates": [[-0.1263564, 51.5020839], [-0.1263468, 51.5021194], [-0.1263421, 51.5021427]]}}, {"type": "Feature", "properties": {"highway": "footway", "name": "", "lanes": 2, "surface": "paving_stones", "oneway": "no", "maxspeed": "", "source_id": "osm/way/1129696367", "source": "OpenStreetMap", "licence": "ODbL 1.0"}, "geometry": {"type": "LineString", "coordinates": [[-0.1258766, 51.5022351], [-0.1259115, 51.5022357], [-0.1259357, 51.5022361]]}}, {"type": "Feature", "properties": {"highway": "footway", "name": "", "lanes": 2, "surface": "paving_stones", "oneway": "no", "maxspeed": "", "source_id": "osm/way/1129696370", "source": "OpenStreetMap", "licence": "ODbL 1.0"}, "geometry": {"type": "LineString", "coordinates": [[-0.1258593, 51.5031829], [-0.1258603, 51.5031536], [-0.12586, 51.5031255]]}}, {"type": "Feature", "properties": {"highway": "footway", "name": "Whitehall", "lanes": 2, "surface": "paving_stones", "oneway": "no", "maxspeed": "", "source_id": "osm/way/1129696371", "source": "OpenStreetMap", "licence": "ODbL 1.0"}, "geometry": {"type": "LineString", "coordinates": [[-0.12586, 51.5031255], [-0.1258598, 51.5031154], [-0.1258581, 51.5029786], [-0.1258542, 51.5026758]]}}, {"type": "Feature", "properties": {"highway": "footway", "name": "", "lanes": 2, "surface": "paving_stones", "oneway": "no", "maxspeed": "", "source_id": "osm/way/1129696372", "source": "OpenStreetMap", "licence": "ODbL 1.0"}, "geometry": {"type": "LineString", "coordinates": [[-0.1258858, 51.5020268], [-0.1258898, 51.5020079], [-0.1258942, 51.5019878]]}}, {"type": "Feature", "properties": {"highway": "footway", "name": "Parliament Street", "lanes": 2, "surface": "paving_stones", "oneway": "no", "maxspeed": "", "source_id": "osm/way/1129696373", "source": "OpenStreetMap", "licence": "ODbL 1.0"}, "geometry": {"type": "LineString", "coordinates": [[-0.1258542, 51.5026758], [-0.1258766, 51.5022351], [-0.1258861, 51.502047], [-0.1258867, 51.5020349], [-0.1258858, 51.5020268]]}}, {"type": "Feature", "properties": {"highway": "footway", "name": "", "lanes": 2, "surface": "paving_stones", "oneway": "no", "maxspeed": "", "source_id": "osm/way/1129738130", "source": "OpenStreetMap", "licence": "ODbL 1.0"}, "geometry": {"type": "LineString", "coordinates": [[-0.1258581, 51.5029786], [-0.1258947, 51.5029776], [-0.1259249, 51.5029768]]}}, {"type": "Feature", "properties": {"highway": "footway", "name": "", "lanes": 2, "surface": "paving_stones", "oneway": "no", "maxspeed": "", "source_id": "osm/way/1129738131", "source": "OpenStreetMap", "licence": "ODbL 1.0"}, "geometry": {"type": "LineString", "coordinates": [[-0.1262654, 51.5022419], [-0.1262354, 51.5022414]]}}, {"type": "Feature", "properties": {"highway": "footway", "name": "", "lanes": 2, "surface": "paving_stones", "oneway": "no", "maxspeed": "", "source_id": "osm/way/1129738132", "source": "OpenStreetMap", "licence": "ODbL 1.0"}, "geometry": {"type": "LineString", "coordinates": [[-0.1262835, 51.5029671], [-0.126251, 51.502968]]}}, {"type": "Feature", "properties": {"highway": "footway", "name": "Whitehall", "lanes": 2, "surface": "paving_stones", "oneway": "no", "maxspeed": "", "source_id": "osm/way/1129738133", "source": "OpenStreetMap", "licence": "ODbL 1.0"}, "geometry": {"type": "LineString", "coordinates": [[-0.1262767, 51.5026947], [-0.1262835, 51.5029671], [-0.1262876, 51.5031315], [-0.1263136, 51.5031478], [-0.1263531, 51.50315]]}}, {"type": "Feature", "properties": {"highway": "footway", "name": "Parliament Street", "lanes": 2, "surface": "paving_stones", "oneway": "no", "maxspeed": "", "source_id": "osm/way/1129738134", "source": "OpenStreetMap", "licence": "ODbL 1.0"}, "geometry": {"type": "LineString", "coordinates": [[-0.1263388, 51.5021543], [-0.1262941, 51.5021553], [-0.1262732, 51.5021653], [-0.1262648, 51.5022178], [-0.1262654, 51.5022419], [-0.1262767, 51.5026947]]}}, {"type": "Feature", "properties": {"highway": "footway", "name": "Parliament Street", "lanes": 2, "surface": "paving_stones", "oneway": "no", "maxspeed": "", "source_id": "osm/way/1129738135", "source": "OpenStreetMap", "licence": "ODbL 1.0"}, "geometry": {"type": "LineString", "coordinates": [[-0.1263469, 51.5026959], [-0.1263395, 51.5021942], [-0.126339, 51.5021619], [-0.1263388, 51.5021543], [-0.1263421, 51.5021427]]}}, {"type": "Feature", "properties": {"highway": "footway", "name": "Whitehall", "lanes": 2, "surface": "paving_stones", "oneway": "no", "maxspeed": "", "source_id": "osm/way/1129738136", "source": "OpenStreetMap", "licence": "ODbL 1.0"}, "geometry": {"type": "LineString", "coordinates": [[-0.1263541, 51.5031687], [-0.1263533, 51.5031599], [-0.1263531, 51.50315], [-0.1263531, 51.5031458], [-0.1263469, 51.5026959]]}}, {"type": "Feature", "properties": {"highway": "pedestrian", "name": "", "lanes": 2, "surface": "paving_stones", "oneway": "no", "maxspeed": "", "source_id": "osm/way/1139737052", "source": "OpenStreetMap", "licence": "ODbL 1.0"}, "geometry": {"type": "LineString", "coordinates": [[-0.1269814, 51.5080561], [-0.1269615, 51.5080652], [-0.12692, 51.5080845], [-0.1269134, 51.5080655], [-0.1268965, 51.5080498], [-0.1268688, 51.5080408], [-0.1268291, 51.5080414], [-0.1268008, 51.5080512], [-0.1267648, 51.5080281], [-0.1267463, 51.5080182], [-0.1267369, 51.5080132], [-0.1268587, 51.5079254], [-0.1269169, 51.5078946], [-0.1269695, 51.507867], [-0.1269892, 51.5078727], [-0.1269925, 51.507921], [-0.1269952, 51.5079541], [-0.1269781, 51.5079561], [-0.1269523, 51.5079585], [-0.1269599, 51.5079901], [-0.1269634, 51.5080074], [-0.1269814, 51.5080561]]}}, {"type": "Feature", "properties": {"highway": "footway", "name": "", "lanes": 2, "surface": "asphalt", "oneway": "no", "maxspeed": "", "source_id": "osm/way/1146808134", "source": "OpenStreetMap", "licence": "ODbL 1.0"}, "geometry": {"type": "LineString", "coordinates": [[-0.1242686, 51.5013079], [-0.1242811, 51.5013087]]}}, {"type": "Feature", "properties": {"highway": "footway", "name": "", "lanes": 2, "surface": "asphalt", "oneway": "no", "maxspeed": "", "source_id": "osm/way/1150157568", "source": "OpenStreetMap", "licence": "ODbL 1.0"}, "geometry": {"type": "LineString", "coordinates": [[-0.1272746, 51.4997159], [-0.1272784, 51.4996802]]}}, {"type": "Feature", "properties": {"highway": "footway", "name": "", "lanes": 2, "surface": "asphalt", "oneway": "no", "maxspeed": "", "source_id": "osm/way/1158214875", "source": "OpenStreetMap", "licence": "ODbL 1.0"}, "geometry": {"type": "LineString", "coordinates": [[-0.1269767, 51.5080027], [-0.1269556, 51.5079624], [-0.1268908, 51.5079707]]}}, {"type": "Feature", "properties": {"highway": "footway", "name": "", "lanes": 2, "surface": "paving_stones", "oneway": "no", "maxspeed": "", "source_id": "osm/way/1158214876", "source": "OpenStreetMap", "licence": "ODbL 1.0"}, "geometry": {"type": "LineString", "coordinates": [[-0.1272766, 51.5079237], [-0.1273317, 51.507917]]}}, {"type": "Feature", "properties": {"highway": "steps", "name": "", "lanes": 2, "surface": "asphalt", "oneway": "no", "maxspeed": "", "source_id": "osm/way/1158214877", "source": "OpenStreetMap", "licence": "ODbL 1.0"}, "geometry": {"type": "LineString", "coordinates": [[-0.1275775, 51.5075591], [-0.1274855, 51.5078853]]}}, {"type": "Feature", "properties": {"highway": "footway", "name": "", "lanes": 2, "surface": "paving_stones", "oneway": "no", "maxspeed": "", "source_id": "osm/way/1158214878", "source": "OpenStreetMap", "licence": "ODbL 1.0"}, "geometry": {"type": "LineString", "coordinates": [[-0.1273317, 51.507917], [-0.1274855, 51.5078853]]}}, {"type": "Feature", "properties": {"highway": "footway", "name": "", "lanes": 2, "surface": "paving_stones", "oneway": "no", "maxspeed": "", "source_id": "osm/way/1158214879", "source": "OpenStreetMap", "licence": "ODbL 1.0"}, "geometry": {"type": "LineString", "coordinates": [[-0.1273317, 51.507917], [-0.1274347, 51.5078795]]}}, {"type": "Feature", "properties": {"highway": "steps", "name": "", "lanes": 2, "surface": "asphalt", "oneway": "no", "maxspeed": "", "source_id": "osm/way/1158214880", "source": "OpenStreetMap", "licence": "ODbL 1.0"}, "geometry": {"type": "LineString", "coordinates": [[-0.1274347, 51.5078795], [-0.1275255, 51.5075521]]}}, {"type": "Feature", "properties": {"highway": "primary", "name": "Bridge Street", "lanes": 3, "surface": "asphalt", "oneway": "no", "maxspeed": "20 mph", "source_id": "osm/way/1198421128", "source": "OpenStreetMap", "licence": "ODbL 1.0"}, "geometry": {"type": "LineString", "coordinates": [[-0.124511, 51.5009642], [-0.1246681, 51.5009715], [-0.1251333, 51.5009764]]}}, {"type": "Feature", "properties": {"highway": "pedestrian", "name": "Villiers Street", "lanes": 2, "surface": "brick", "oneway": "no", "maxspeed": "", "source_id": "osm/way/1200984948", "source": "OpenStreetMap", "licence": "ODbL 1.0"}, "geometry": {"type": "LineString", "coordinates": [[-0.1226704, 51.5073738], [-0.1226955, 51.5074162], [-0.1227539, 51.5074843], [-0.1228041, 51.5075162]]}}, {"type": "Feature", "properties": {"highway": "footway", "name": "Victoria Embankment", "lanes": 2, "surface": "paving_stones", "oneway": "no", "maxspeed": "", "source_id": "osm/way/1200985354", "source": "OpenStreetMap", "licence": "ODbL 1.0"}, "geometry": {"type": "LineString", "coordinates": [[-0.1230499, 51.5044406], [-0.1230374, 51.5044803], [-0.1230253, 51.5045607], [-0.123, 51.5046368], [-0.1229967, 51.5046535], [-0.1229409, 51.5048456], [-0.1224668, 51.5060464], [-0.1223401, 51.5062501], [-0.1223302, 51.5062653]]}}, {"type": "Feature", "properties": {"highway": "pedestrian", "name": "Northumberland Street", "lanes": 2, "surface": "paving_stones", "oneway": "no", "maxspeed": "", "source_id": "osm/way/1222903662", "source": "OpenStreetMap", "licence": "ODbL 1.0"}, "geometry": {"type": "LineString", "coordinates": [[-0.126498, 51.5079897], [-0.1264598, 51.5079644], [-0.1261274, 51.5077382], [-0.1261132, 51.5077287]]}}, {"type": "Feature", "properties": {"highway": "cycleway", "name": "Victoria Embankment", "lanes": 2, "surface": "asphalt", "oneway": "no", "maxspeed": "", "source_id": "osm/way/1230805886", "source": "OpenStreetMap", "licence": "ODbL 1.0"}, "geometry": {"type": "LineString", "coordinates": [[-0.123821, 51.5019313], [-0.1237835, 51.502091], [-0.1236098, 51.5027608], [-0.1235091, 51.5031622], [-0.1234845, 51.5032571], [-0.1232609, 51.5040497], [-0.1231267, 51.5044328], [-0.1231204, 51.5044501], [-0.1231132, 51.5044689], [-0.1230794, 51.5046071], [-0.1230515, 51.5047075]]}}, {"type": "Feature", "properties": {"highway": "primary", "name": "St. Margaret Street", "lanes": 1, "surface": "asphalt", "oneway": "yes", "maxspeed": "20 mph", "source_id": "osm/way/1240913099", "source": "OpenStreetMap", "licence": "ODbL 1.0"}, "geometry": {"type": "LineString", "coordinates": [[-0.1261739, 51.499588], [-0.1262233, 51.499661], [-0.1262243, 51.4996736]]}}, {"type": "Feature", "properties": {"highway": "proposed", "name": "", "lanes": 2, "surface": "asphalt", "oneway": "yes", "maxspeed": "", "source_id": "osm/way/1240913100", "source": "OpenStreetMap", "licence": "ODbL 1.0"}, "geometry": {"type": "LineString", "coordinates": [[-0.126147, 51.4993608], [-0.1261832, 51.4994588], [-0.1262524, 51.499652], [-0.1262243, 51.4996736]]}}, {"type": "Feature", "properties": {"highway": "primary", "name": "Westminster Bridge", "lanes": 2, "surface": "asphalt", "oneway": "no", "maxspeed": "20 mph", "source_id": "osm/way/1254907848", "source": "OpenStreetMap", "licence": "ODbL 1.0"}, "geometry": {"type": "LineString", "coordinates": [[-0.123577, 51.5009134], [-0.1230417, 51.50089]]}}, {"type": "Feature", "properties": {"highway": "footway", "name": "", "lanes": 2, "surface": "concrete", "oneway": "no", "maxspeed": "", "source_id": "osm/way/1254980596", "source": "OpenStreetMap", "licence": "ODbL 1.0"}, "geometry": {"type": "LineString", "coordinates": [[-0.127076, 51.5075625], [-0.1271034, 51.5075803], [-0.1271579, 51.5076211], [-0.1271894, 51.5076816], [-0.1271961, 51.5077563], [-0.1271709, 51.5078267], [-0.1271745, 51.5078811], [-0.1272008, 51.5079264], [-0.1272383, 51.5079575], [-0.1272921, 51.5079859], [-0.128642, 51.5083059], [-0.1292512, 51.5084565], [-0.1293147, 51.5084754]]}}, {"type": "Feature", "properties": {"highway": "footway", "name": "", "lanes": 2, "surface": "paving_stones", "oneway": "no", "maxspeed": "", "source_id": "osm/way/1254980598", "source": "OpenStreetMap", "licence": "ODbL 1.0"}, "geometry": {"type": "LineString", "coordinates": [[-0.1230705, 51.5067775], [-0.122587, 51.5073799]]}}, {"type": "Feature", "properties": {"highway": "steps", "name": "", "lanes": 2, "surface": "asphalt", "oneway": "no", "maxspeed": "", "source_id": "osm/way/1254980599", "source": "OpenStreetMap", "licence": "ODbL 1.0"}, "geometry": {"type": "LineString", "coordinates": [[-0.1231727, 51.5065317], [-0.1232644, 51.5065466], [-0.1232488, 51.5065837]]}}, {"type": "Feature", "properties": {"highway": "steps", "name": "", "lanes": 2, "surface": "asphalt", "oneway": "no", "maxspeed": "", "source_id": "osm/way/1254980600", "source": "OpenStreetMap", "licence": "ODbL 1.0"}, "geometry": {"type": "LineString", "coordinates": [[-0.1230996, 51.506706], [-0.1231848, 51.5067227], [-0.1231928, 51.5067067]]}}, {"type": "Feature", "properties": {"highway": "residential", "name": "Whitehall Place", "lanes": 2, "surface": "asphalt", "oneway": "no", "maxspeed": "20 mph", "source_id": "osm/way/1263687028", "source": "OpenStreetMap", "licence": "ODbL 1.0"}, "geometry": {"type": "LineString", "coordinates": [[-0.1268388, 51.5055901], [-0.1267073, 51.5056213]]}}, {"type": "Feature", "properties": {"highway": "primary", "name": "Whitehall", "lanes": 4, "surface": "asphalt", "oneway": "yes", "maxspeed": "20 mph", "source_id": "osm/way/1263687029", "source": "OpenStreetMap", "licence": "ODbL 1.0"}, "geometry": {"type": "LineString", "coordinates": [[-0.1267498, 51.5053809], [-0.1267944, 51.5054877]]}}, {"type": "Feature", "properties": {"highway": "primary", "name": "Whitehall", "lanes": 4, "surface": "asphalt", "oneway": "yes", "maxspeed": "20 mph", "source_id": "osm/way/1263687030", "source": "OpenStreetMap", "licence": "ODbL 1.0"}, "geometry": {"type": "LineString", "coordinates": [[-0.1267944, 51.5054877], [-0.1268388, 51.5055901]]}}, {"type": "Feature", "properties": {"highway": "service", "name": "", "lanes": 2, "surface": "asphalt", "oneway": "no", "maxspeed": "", "source_id": "osm/way/1263965959", "source": "OpenStreetMap", "licence": "ODbL 1.0"}, "geometry": {"type": "LineString", "coordinates": [[-0.1271255, 51.5058745], [-0.1274241, 51.5058318]]}}, {"type": "Feature", "properties": {"highway": "footway", "name": "", "lanes": 2, "surface": "paving_stones", "oneway": "no", "maxspeed": "", "source_id": "osm/way/1267469668", "source": "OpenStreetMap", "licence": "ODbL 1.0"}, "geometry": {"type": "LineString", "coordinates": [[-0.1223678, 51.506276], [-0.1223302, 51.5062653]]}}, {"type": "Feature", "properties": {"highway": "cycleway", "name": "Northumberland Avenue", "lanes": 2, "surface": "asphalt", "oneway": "yes", "maxspeed": "", "source_id": "osm/way/1267469669", "source": "OpenStreetMap", "licence": "ODbL 1.0"}, "geometry": {"type": "LineString", "coordinates": [[-0.1223053, 51.5064226], [-0.1223422, 51.5064358], [-0.1223553, 51.5064405]]}}, {"type": "Feature", "properties": {"highway": "cycleway", "name": "Northumberland Avenue", "lanes": 2, "surface": "asphalt", "oneway": "yes", "maxspeed": "", "source_id": "osm/way/1267469670", "source": "OpenStreetMap", "licence": "ODbL 1.0"}, "geometry": {"type": "LineString", "coordinates": [[-0.1223122, 51.5064995], [-0.1222668, 51.5064837]]}}, {"type": "Feature", "properties": {"highway": "footway", "name": "", "lanes": 2, "surface": "asphalt", "oneway": "no", "maxspeed": "", "source_id": "osm/way/1267469671", "source": "OpenStreetMap", "licence": "ODbL 1.0"}, "geometry": {"type": "LineString", "coordinates": [[-0.1225044, 51.506541], [-0.1224961, 51.5065646], [-0.1224793, 51.5066058]]}}, {"type": "Feature", "properties": {"highway": "footway", "name": "", "lanes": 2, "surface": "asphalt", "oneway": "no", "maxspeed": "", "source_id": "osm/way/1267469672", "source": "OpenStreetMap", "licence": "ODbL 1.0"}, "geometry": {"type": "LineString", "coordinates": [[-0.1225159, 51.5065266], [-0.1225103, 51.5065336], [-0.1225044, 51.506541]]}}, {"type": "Feature", "properties": {"highway": "footway", "name": "", "lanes": 2, "surface": "asphalt", "oneway": "no", "maxspeed": "", "source_id": "osm/way/1282217264", "source": "OpenStreetMap", "licence": "ODbL 1.0"}, "geometry": {"type": "LineString", "coordinates": [[-0.1243567, 51.5037629], [-0.1242786, 51.5037559], [-0.1242428, 51.5037526]]}}, {"type": "Feature", "properties": {"highway": "footway", "name": "", "lanes": 2, "surface": "asphalt", "oneway": "no", "maxspeed": "", "source_id": "osm/way/1282217265", "source": "OpenStreetMap", "licence": "ODbL 1.0"}, "geometry": {"type": "LineString", "coordinates": [[-0.1242616, 51.5041894], [-0.1241803, 51.5041826], [-0.1241463, 51.5041795]]}}, {"type": "Feature", "properties": {"highway": "footway", "name": "", "lanes": 2, "surface": "asphalt", "oneway": "no", "maxspeed": "", "source_id": "osm/way/1282217269", "source": "OpenStreetMap", "licence": "ODbL 1.0"}, "geometry": {"type": "LineString", "coordinates": [[-0.1254006, 51.5038022], [-0.1254679, 51.5038012], [-0.1254788, 51.503801]]}}, {"type": "Feature", "properties": {"highway": "footway", "name": "", "lanes": 2, "surface": "asphalt", "oneway": "no", "maxspeed": "", "source_id": "osm/way/1282217270", "source": "OpenStreetMap", "licence": "ODbL 1.0"}, "geometry": {"type": "LineString", "coordinates": [[-0.1254864, 51.5042327], [-0.1255173, 51.5042325], [-0.1255603, 51.5042323]]}}, {"type": "Feature", "properties": {"highway": "service", "name": "", "lanes": 2, "surface": "asphalt", "oneway": "no", "maxspeed": "", "source_id": "osm/way/1282217271", "source": "OpenStreetMap", "licence": "ODbL 1.0"}, "geometry": {"type": "LineString", "coordinates": [[-0.1254809, 51.504938], [-0.125478, 51.5048774], [-0.1254712, 51.5047378], [-0.125413, 51.5032905], [-0.1254121, 51.5032467], [-0.1254117, 51.5032236], [-0.1254105, 51.5031379]]}}, {"type": "Feature", "properties": {"highway": "footway", "name": "", "lanes": 2, "surface": "asphalt", "oneway": "no", "maxspeed": "", "source_id": "osm/way/1282217275", "source": "OpenStreetMap", "licence": "ODbL 1.0"}, "geometry": {"type": "LineString", "coordinates": [[-0.1254558, 51.5032572], [-0.1254788, 51.503801], [-0.1254889, 51.5040402], [-0.1255744, 51.5040727]]}}, {"type": "Feature", "properties": {"highway": "footway", "name": "", "lanes": 2, "surface": "asphalt", "oneway": "no", "maxspeed": "", "source_id": "osm/way/1290444634", "source": "OpenStreetMap", "licence": "ODbL 1.0"}, "geometry": {"type": "LineString", "coordinates": [[-0.1254141, 51.5042333], [-0.1254864, 51.5042327]]}}, {"type": "Feature", "properties": {"highway": "steps", "name": "", "lanes": 2, "surface": "asphalt", "oneway": "no", "maxspeed": "", "source_id": "osm/way/1297739085", "source": "OpenStreetMap", "licence": "ODbL 1.0"}, "geometry": {"type": "LineString", "coordinates": [[-0.1248125, 51.5032637], [-0.124521, 51.503238]]}}, {"type": "Feature", "properties": {"highway": "steps", "name": "", "lanes": 2, "surface": "asphalt", "oneway": "no", "maxspeed": "", "source_id": "osm/way/1297739086", "source": "OpenStreetMap", "licence": "ODbL 1.0"}, "geometry": {"type": "LineString", "coordinates": [[-0.1250547, 51.5032716], [-0.1253578, 51.5032704]]}}, {"type": "Feature", "properties": {"highway": "steps", "name": "", "lanes": 2, "surface": "asphalt", "oneway": "no", "maxspeed": "", "source_id": "osm/way/1297739087", "source": "OpenStreetMap", "licence": "ODbL 1.0"}, "geometry": {"type": "LineString", "coordinates": [[-0.1249339, 51.5032623], [-0.1249357, 51.5032394]]}}, {"type": "Feature", "properties": {"highway": "steps", "name": "", "lanes": 2, "surface": "asphalt", "oneway": "no", "maxspeed": "", "source_id": "osm/way/1297739088", "source": "OpenStreetMap", "licence": "ODbL 1.0"}, "geometry": {"type": "LineString", "coordinates": [[-0.1249143, 51.5047642], [-0.1250708, 51.5047654], [-0.1250827, 51.5047669], [-0.1250895, 51.5047699], [-0.1250915, 51.5047739], [-0.1250891, 51.5047781], [-0.125081, 51.5047821], [-0.1250715, 51.5047836], [-0.1249712, 51.5047937]]}}, {"type": "Feature", "properties": {"highway": "steps", "name": "", "lanes": 2, "surface": "asphalt", "oneway": "no", "maxspeed": "", "source_id": "osm/way/1297739089", "source": "OpenStreetMap", "licence": "ODbL 1.0"}, "geometry": {"type": "LineString", "coordinates": [[-0.1247974, 51.5047633], [-0.1247961, 51.5047819]]}}, {"type": "Feature", "properties": {"highway": "steps", "name": "", "lanes": 2, "surface": "asphalt", "oneway": "no", "maxspeed": "", "source_id": "osm/way/1297739090", "source": "OpenStreetMap", "licence": "ODbL 1.0"}, "geometry": {"type": "LineString", "coordinates": [[-0.1246724, 51.5047563], [-0.124511, 51.5047475], [-0.1245047, 51.5047477], [-0.1244997, 51.5047497], [-0.1244971, 51.5047532], [-0.1244979, 51.5047573], [-0.1245008, 51.5047599], [-0.1245057, 51.5047618], [-0.124614, 51.5047797]]}}, {"type": "Feature", "properties": {"highway": "footway", "name": "Horse Guards Avenue", "lanes": 2, "surface": "paving_stones", "oneway": "no", "maxspeed": "", "source_id": "osm/way/1300716389", "source": "OpenStreetMap", "licence": "ODbL 1.0"}, "geometry": {"type": "LineString", "coordinates": [[-0.1246954, 51.5050081], [-0.1241996, 51.5062012], [-0.1241746, 51.506225], [-0.1241296, 51.5062481], [-0.1235857, 51.5063885]]}}, {"type": "Feature", "properties": {"highway": "footway", "name": "", "lanes": 2, "surface": "asphalt", "oneway": "no", "maxspeed": "", "source_id": "osm/way/1300716390", "source": "OpenStreetMap", "licence": "ODbL 1.0"}, "geometry": {"type": "LineString", "coordinates": [[-0.1241996, 51.5062012], [-0.1242184, 51.5061997]]}}, {"type": "Feature", "properties": {"highway": "footway", "name": "Horse Guards Avenue", "lanes": 2, "surface": "paving_stones", "oneway": "no", "maxspeed": "", "source_id": "osm/way/1301730512", "source": "OpenStreetMap", "licence": "ODbL 1.0"}, "geometry": {"type": "LineString", "coordinates": [[-0.1233662, 51.5046097], [-0.1237717, 51.5046858], [-0.1243449, 51.504781], [-0.1248608, 51.5048715], [-0.1250851, 51.504891], [-0.1254426, 51.50488]]}}, {"type": "Feature", "properties": {"highway": "footway", "name": "Victoria Embankment", "lanes": 2, "surface": "paving_stones", "oneway": "no", "maxspeed": "", "source_id": "osm/way/1301730513", "source": "OpenStreetMap", "licence": "ODbL 1.0"}, "geometry": {"type": "LineString", "coordinates": [[-0.1233262, 51.5046236], [-0.1233662, 51.5046097], [-0.12338, 51.5045677]]}}, {"type": "Feature", "properties": {"highway": "footway", "name": "Victoria Embankment", "lanes": 2, "surface": "asphalt", "oneway": "no", "maxspeed": "", "source_id": "osm/way/1301730514", "source": "OpenStreetMap", "licence": "ODbL 1.0"}, "geometry": {"type": "LineString", "coordinates": [[-0.123297, 51.5047211], [-0.1233141, 51.5046676], [-0.1233262, 51.5046236]]}}, {"type": "Feature", "properties": {"highway": "footway", "name": "", "lanes": 2, "surface": "paving_stones", "oneway": "no", "maxspeed": "", "source_id": "osm/way/1317820765", "source": "OpenStreetMap", "licence": "ODbL 1.0"}, "geometry": {"type": "LineString", "coordinates": [[-0.1274134, 51.5074713], [-0.1274771, 51.5074521], [-0.1274874, 51.5073815], [-0.1275451, 51.5073114], [-0.1275712, 51.5072887], [-0.1276061, 51.5072737]]}}, {"type": "Feature", "properties": {"highway": "footway", "name": "Broad Sanctuary", "lanes": 2, "surface": "paving_stones", "oneway": "no", "maxspeed": "", "source_id": "osm/way/1323650762", "source": "OpenStreetMap", "licence": "ODbL 1.0"}, "geometry": {"type": "LineString", "coordinates": [[-0.1287326, 51.4997377], [-0.1285911, 51.4997962], [-0.1284751, 51.4998441], [-0.1280929, 51.4999765], [-0.1278964, 51.5000416], [-0.1277234, 51.5000883], [-0.1275887, 51.5001155], [-0.1274111, 51.5001385]]}}, {"type": "Feature", "properties": {"highway": "footway", "name": "", "lanes": 2, "surface": "paving_stones", "oneway": "no", "maxspeed": "", "source_id": "osm/way/1336689414", "source": "OpenStreetMap", "licence": "ODbL 1.0"}, "geometry": {"type": "LineString", "coordinates": [[-0.1263146, 51.5036023], [-0.1263023, 51.5033648], [-0.1262952, 51.5032265]]}}, {"type": "Feature", "properties": {"highway": "footway", "name": "", "lanes": 2, "surface": "paving_stones", "oneway": "no", "maxspeed": "", "source_id": "osm/way/1336689415", "source": "OpenStreetMap", "licence": "ODbL 1.0"}, "geometry": {"type": "LineString", "coordinates": [[-0.1262952, 51.5032265], [-0.1262914, 51.5031792], [-0.1262876, 51.5031315]]}}, {"type": "Feature", "properties": {"highway": "footway", "name": "Whitehall", "lanes": 2, "surface": "paving_stones", "oneway": "no", "maxspeed": "", "source_id": "osm/way/1336689416", "source": "OpenStreetMap", "licence": "ODbL 1.0"}, "geometry": {"type": "LineString", "coordinates": [[-0.1261667, 51.5047732], [-0.1261698, 51.5047626], [-0.1261854, 51.5047089], [-0.1260225, 51.5042092], [-0.125985, 51.5036052], [-0.1259572, 51.5033672], [-0.1259481, 51.5032124], [-0.1259411, 51.5031986], [-0.1259159, 51.5031947], [-0.125872, 51.5031984], [-0.1258615, 51.5031918]]}}, {"type": "Feature", "properties": {"highway": "footway", "name": "", "lanes": 2, "surface": "paving_stones", "oneway": "no", "maxspeed": "", "source_id": "osm/way/1336691478", "source": "OpenStreetMap", "licence": "ODbL 1.0"}, "geometry": {"type": "LineString", "coordinates": [[-0.12768, 51.5022839], [-0.1266161, 51.5022248]]}}, {"type": "Feature", "properties": {"highway": "footway", "name": "", "lanes": 2, "surface": "paving_stones", "oneway": "no", "maxspeed": "", "source_id": "osm/way/1336691479", "source": "OpenStreetMap", "licence": "ODbL 1.0"}, "geometry": {"type": "LineString", "coordinates": [[-0.1266161, 51.5022248], [-0.1266005, 51.50221]]}}, {"type": "Feature", "properties": {"highway": "footway", "name": "", "lanes": 2, "surface": "paving_stones", "oneway": "no", "maxspeed": "", "source_id": "osm/way/1336691482", "source": "OpenStreetMap", "licence": "ODbL 1.0"}, "geometry": {"type": "LineString", "coordinates": [[-0.1277185, 51.5021463], [-0.12662, 51.5020795]]}}, {"type": "Feature", "properties": {"highway": "footway", "name": "", "lanes": 2, "surface": "asphalt", "oneway": "no", "maxspeed": "", "source_id": "osm/way/1336691485", "source": "OpenStreetMap", "licence": "ODbL 1.0"}, "geometry": {"type": "LineString", "coordinates": [[-0.127994, 51.5032209], [-0.1279316, 51.5032201], [-0.1279237, 51.5032642], [-0.1279021, 51.5033005], [-0.127888, 51.5033153], [-0.1275403, 51.5033136], [-0.1273867, 51.5032718], [-0.127178, 51.503246], [-0.1270063, 51.5032317], [-0.1268078, 51.503226], [-0.1264538, 51.5032297], [-0.1264559, 51.5031803]]}}, {"type": "Feature", "properties": {"highway": "footway", "name": "Whitehall", "lanes": 2, "surface": "paving_stones", "oneway": "no", "maxspeed": "", "source_id": "osm/way/1336693022", "source": "OpenStreetMap", "licence": "ODbL 1.0"}, "geometry": {"type": "LineString", "coordinates": [[-0.1263146, 51.5036023], [-0.1263601, 51.5040323], [-0.1263908, 51.5041672], [-0.1264271, 51.5042677], [-0.1265691, 51.504661], [-0.1266213, 51.5048217]]}}, {"type": "Feature", "properties": {"highway": "footway", "name": "Whitehall", "lanes": 2, "surface": "paving_stones", "oneway": "no", "maxspeed": "", "source_id": "osm/way/1336693024", "source": "OpenStreetMap", "licence": "ODbL 1.0"}, "geometry": {"type": "LineString", "coordinates": [[-0.1267702, 51.5052231], [-0.1266656, 51.5049602], [-0.1266411, 51.5048869]]}}, {"type": "Feature", "properties": {"highway": "footway", "name": "", "lanes": 2, "surface": "paving_stones", "oneway": "no", "maxspeed": "", "source_id": "osm/way/1336693025", "source": "OpenStreetMap", "licence": "ODbL 1.0"}, "geometry": {"type": "LineString", "coordinates": [[-0.1266411, 51.5048869], [-0.1266313, 51.5048528], [-0.1266254, 51.5048345], [-0.1266213, 51.5048217]]}}, {"type": "Feature", "properties": {"highway": "footway", "name": "Whitehall", "lanes": 2, "surface": "paving_stones", "oneway": "no", "maxspeed": "", "source_id": "osm/way/1336693028", "source": "OpenStreetMap", "licence": "ODbL 1.0"}, "geometry": {"type": "LineString", "coordinates": [[-0.1267877, 51.5052516], [-0.1269775, 51.5056681], [-0.127061, 51.5058696], [-0.1270664, 51.5058827]]}}, {"type": "Feature", "properties": {"highway": "footway", "name": "", "lanes": 2, "surface": "asphalt", "oneway": "no", "maxspeed": "", "source_id": "osm/way/1336693029", "source": "OpenStreetMap", "licence": "ODbL 1.0"}, "geometry": {"type": "LineString", "coordinates": [[-0.1267877, 51.5052516], [-0.1267734, 51.5052307], [-0.1267702, 51.5052231]]}}, {"type": "Feature", "properties": {"highway": "footway", "name": "", "lanes": 2, "surface": "paving_stones", "oneway": "no", "maxspeed": "", "source_id": "osm/way/1336792885", "source": "OpenStreetMap", "licence": "ODbL 1.0"}, "geometry": {"type": "LineString", "coordinates": [[-0.1265691, 51.504661], [-0.1265277, 51.504665]]}}, {"type": "Feature", "properties": {"highway": "footway", "name": "", "lanes": 2, "surface": "paving_stones", "oneway": "no", "maxspeed": "", "source_id": "osm/way/1336792886", "source": "OpenStreetMap", "licence": "ODbL 1.0"}, "geometry": {"type": "LineString", "coordinates": [[-0.1266656, 51.5049602], [-0.1266313, 51.5049651]]}}, {"type": "Feature", "properties": {"highway": "primary", "name": "Whitehall", "lanes": 2, "surface": "asphalt", "oneway": "yes", "maxspeed": "20 mph", "source_id": "osm/way/1336796686", "source": "OpenStreetMap", "licence": "ODbL 1.0"}, "geometry": {"type": "LineString", "coordinates": [[-0.1260462, 51.5034205], [-0.1260398, 51.5033666]]}}, {"type": "Feature", "properties": {"highway": "footway", "name": "", "lanes": 2, "surface": "paving_stones", "oneway": "no", "maxspeed": "", "source_id": "osm/way/1336796687", "source": "OpenStreetMap", "licence": "ODbL 1.0"}, "geometry": {"type": "LineString", "coordinates": [[-0.1261854, 51.5047089], [-0.1262234, 51.5047057]]}}, {"type": "Feature", "properties": {"highway": "footway", "name": "", "lanes": 2, "surface": "paving_stones", "oneway": "no", "maxspeed": "", "source_id": "osm/way/1339880621", "source": "OpenStreetMap", "licence": "ODbL 1.0"}, "geometry": {"type": "LineString", "coordinates": [[-0.1273515, 51.507136], [-0.1273143, 51.5069837], [-0.1271957, 51.5066728]]}}, {"type": "Feature", "properties": {"highway": "footway", "name": "", "lanes": 2, "surface": "paving_stones", "oneway": "no", "maxspeed": "", "source_id": "osm/way/1339880622", "source": "OpenStreetMap", "licence": "ODbL 1.0"}, "geometry": {"type": "LineString", "coordinates": [[-0.1256902, 51.5070309], [-0.1263448, 51.5071566], [-0.1269752, 51.5072689], [-0.1271438, 51.5072916], [-0.1272269, 51.5072792], [-0.1273209, 51.5072262], [-0.1273515, 51.507136]]}}, {"type": "Feature", "properties": {"highway": "footway", "name": "", "lanes": 2, "surface": "asphalt", "oneway": "no", "maxspeed": "", "source_id": "osm/way/1339883125", "source": "OpenStreetMap", "licence": "ODbL 1.0"}, "geometry": {"type": "LineString", "coordinates": [[-0.1261274, 51.5077382], [-0.1261277, 51.5077091], [-0.1260024, 51.5076349], [-0.1258079, 51.5075181], [-0.1256793, 51.5074409], [-0.1254515, 51.5073075], [-0.1254225, 51.5072636], [-0.1254123, 51.507238], [-0.1254146, 51.5072161], [-0.1254186, 51.5072002], [-0.1254542, 51.5071819], [-0.1255053, 51.5071727], [-0.1262897, 51.5073039], [-0.1268468, 51.5074079], [-0.1269868, 51.5074558]]}}, {"type": "Feature", "properties": {"highway": "footway", "name": "", "lanes": 2, "surface": "paving_stones", "oneway": "no", "maxspeed": "", "source_id": "osm/way/1339883126", "source": "OpenStreetMap", "licence": "ODbL 1.0"}, "geometry": {"type": "LineString", "coordinates": [[-0.1270185, 51.5075452], [-0.1269868, 51.5074558]]}}, {"type": "Feature", "properties": {"highway": "footway", "name": "", "lanes": 2, "surface": "paving_stones", "oneway": "no", "maxspeed": "", "source_id": "osm/way/1339883127", "source": "OpenStreetMap", "licence": "ODbL 1.0"}, "geometry": {"type": "LineString", "coordinates": [[-0.1268157, 51.5077858], [-0.1267954, 51.5077705], [-0.1268418, 51.5077429], [-0.1269128, 51.5076944], [-0.126988, 51.5076156], [-0.1270185, 51.5075452]]}}, {"type": "Feature", "properties": {"highway": "footway", "name": "", "lanes": 2, "surface": "paving_stones", "oneway": "no", "maxspeed": "", "source_id": "osm/way/1339883128", "source": "OpenStreetMap", "licence": "ODbL 1.0"}, "geometry": {"type": "LineString", "coordinates": [[-0.1264598, 51.5079644], [-0.1267954, 51.5077705]]}}, {"type": "Feature", "properties": {"highway": "footway", "name": "Strand", "lanes": 2, "surface": "paved", "oneway": "no", "maxspeed": "", "source_id": "osm/way/1339883129", "source": "OpenStreetMap", "licence": "ODbL 1.0"}, "geometry": {"type": "LineString", "coordinates": [[-0.1264598, 51.5079644], [-0.1263775, 51.5080059], [-0.1261116, 51.5081399], [-0.1257928, 51.5083035], [-0.1257335, 51.5083288], [-0.1255771, 51.5083846], [-0.1251875, 51.5086076], [-0.125161, 51.5086238], [-0.1251043, 51.5086561], [-0.1249691, 51.5087403]]}}, {"type": "Feature", "properties": {"highway": "footway", "name": "", "lanes": 2, "surface": "asphalt", "oneway": "no", "maxspeed": "", "source_id": "osm/way/1339883130", "source": "OpenStreetMap", "licence": "ODbL 1.0"}, "geometry": {"type": "LineString", "coordinates": [[-0.1269302, 51.50792], [-0.1269041, 51.5079279], [-0.126782, 51.5079916], [-0.1267463, 51.5080182], [-0.1267292, 51.5080319], [-0.1263052, 51.508229], [-0.12607, 51.5083634], [-0.1259017, 51.5084517], [-0.1256724, 51.5085736], [-0.1256632, 51.5085783], [-0.12566, 51.5085807], [-0.1256607, 51.5085816], [-0.1256675, 51.5085814], [-0.1256833, 51.508581], [-0.1259497, 51.5085816], [-0.126074, 51.5085771], [-0.1261659, 51.5085351], [-0.1261889, 51.5085258], [-0.1262181, 51.5085219], [-0.1263004, 51.5085217], [-0.1269421, 51.5085221], [-0.1270197, 51.5085221]]}}, {"type": "Feature", "properties": {"highway": "footway", "name": "", "lanes": 2, "surface": "paving_stones", "oneway": "no", "maxspeed": "", "source_id": "osm/way/1339883133", "source": "OpenStreetMap", "licence": "ODbL 1.0"}, "geometry": {"type": "LineString", "coordinates": [[-0.12695, 51.5080411], [-0.1269041, 51.5079279]]}}, {"type": "Feature", "properties": {"highway": "footway", "name": "", "lanes": 2, "surface": "paving_stones", "oneway": "no", "maxspeed": "", "source_id": "osm/way/1339883136", "source": "OpenStreetMap", "licence": "ODbL 1.0"}, "geometry": {"type": "LineString", "coordinates": [[-0.1272126, 51.5079101], [-0.1273779, 51.5083775], [-0.1273968, 51.5084194], [-0.1274107, 51.5084592], [-0.1274177, 51.5084891], [-0.127423, 51.5085442], [-0.1274073, 51.5086123], [-0.12739, 51.508654], [-0.1273601, 51.5086908]]}}, {"type": "Feature", "properties": {"highway": "footway", "name": "", "lanes": 2, "surface": "paving_stones", "oneway": "no", "maxspeed": "", "source_id": "osm/way/1341542224", "source": "OpenStreetMap", "licence": "ODbL 1.0"}, "geometry": {"type": "LineString", "coordinates": [[-0.1264591, 51.5056434], [-0.1265116, 51.5056254], [-0.1265497, 51.5055988], [-0.1265764, 51.5055625], [-0.1263169, 51.5050088], [-0.1263015, 51.5049757], [-0.1262816, 51.50495], [-0.1262223, 51.5049349]]}}, {"type": "Feature", "properties": {"highway": "footway", "name": "", "lanes": 2, "surface": "paving_stones", "oneway": "no", "maxspeed": "", "source_id": "osm/way/1341542225", "source": "OpenStreetMap", "licence": "ODbL 1.0"}, "geometry": {"type": "LineString", "coordinates": [[-0.1263456, 51.5050047], [-0.1263169, 51.5050088]]}}, {"type": "Feature", "properties": {"highway": "footway", "name": "", "lanes": 2, "surface": "paving_stones", "oneway": "no", "maxspeed": "", "source_id": "osm/way/1341542226", "source": "OpenStreetMap", "licence": "ODbL 1.0"}, "geometry": {"type": "LineString", "coordinates": [[-0.1262167, 51.5049093], [-0.1262223, 51.5049349], [-0.1261809, 51.5049293], [-0.1259325, 51.5049572], [-0.1256564, 51.5049948], [-0.1255106, 51.5050133], [-0.1254751, 51.5050178], [-0.1251917, 51.505032], [-0.1249269, 51.5050306], [-0.124885, 51.5050486], [-0.1248624, 51.5050365]]}}, {"type": "Feature", "properties": {"highway": "footway", "name": "", "lanes": 2, "surface": "asphalt", "oneway": "no", "maxspeed": "", "source_id": "osm/way/1341542227", "source": "OpenStreetMap", "licence": "ODbL 1.0"}, "geometry": {"type": "LineString", "coordinates": [[-0.1248624, 51.5050365], [-0.1247853, 51.5050207], [-0.1247278, 51.5050089]]}}, {"type": "Feature", "properties": {"highway": "footway", "name": "", "lanes": 2, "surface": "paved", "oneway": "no", "maxspeed": "", "source_id": "osm/way/1341542228", "source": "OpenStreetMap", "licence": "ODbL 1.0"}, "geometry": {"type": "LineString", "coordinates": [[-0.1247278, 51.5050089], [-0.1246954, 51.5050081]]}}, {"type": "Feature", "properties": {"highway": "footway", "name": "", "lanes": 2, "surface": "paved", "oneway": "no", "maxspeed": "", "source_id": "osm/way/1341542229", "source": "OpenStreetMap", "licence": "ODbL 1.0"}, "geometry": {"type": "LineString", "coordinates": [[-0.1247805, 51.5051946], [-0.1248331, 51.505206], [-0.1244842, 51.5060717]]}}, {"type": "Feature", "properties": {"highway": "footway", "name": "Horse Guards Avenue", "lanes": 2, "surface": "paving_stones", "oneway": "no", "maxspeed": "", "source_id": "osm/way/1341542230", "source": "OpenStreetMap", "licence": "ODbL 1.0"}, "geometry": {"type": "LineString", "coordinates": [[-0.1232839, 51.5047615], [-0.1237578, 51.5048391], [-0.1246808, 51.5049915], [-0.1246954, 51.5050081]]}}, {"type": "Feature", "properties": {"highway": "footway", "name": "", "lanes": 2, "surface": "paving_stones", "oneway": "no", "maxspeed": "", "source_id": "osm/way/1341543307", "source": "OpenStreetMap", "licence": "ODbL 1.0"}, "geometry": {"type": "LineString", "coordinates": [[-0.1254426, 51.50488], [-0.125478, 51.5048774], [-0.125515, 51.5048748]]}}, {"type": "Feature", "properties": {"highway": "footway", "name": "", "lanes": 2, "surface": "paving_stones", "oneway": "no", "maxspeed": "", "source_id": "osm/way/1341543308", "source": "OpenStreetMap", "licence": "ODbL 1.0"}, "geometry": {"type": "LineString", "coordinates": [[-0.125515, 51.5048748], [-0.1257723, 51.5048342]]}}, {"type": "Feature", "properties": {"highway": "footway", "name": "", "lanes": 2, "surface": "paving_stones", "oneway": "no", "maxspeed": "", "source_id": "osm/way/1341543309", "source": "OpenStreetMap", "licence": "ODbL 1.0"}, "geometry": {"type": "LineString", "coordinates": [[-0.1257723, 51.5048342], [-0.1258108, 51.5048269], [-0.1258415, 51.5048211]]}}, {"type": "Feature", "properties": {"highway": "footway", "name": "", "lanes": 2, "surface": "paving_stones", "oneway": "no", "maxspeed": "", "source_id": "osm/way/1341543310", "source": "OpenStreetMap", "licence": "ODbL 1.0"}, "geometry": {"type": "LineString", "coordinates": [[-0.1258415, 51.5048211], [-0.1261698, 51.5047626]]}}, {"type": "Feature", "properties": {"highway": "footway", "name": "", "lanes": 2, "surface": "asphalt", "oneway": "no", "maxspeed": "", "source_id": "osm/way/1341548827", "source": "OpenStreetMap", "licence": "ODbL 1.0"}, "geometry": {"type": "LineString", "coordinates": [[-0.1243693, 51.5061386], [-0.1243727, 51.5061261], [-0.1243916, 51.5060574]]}}, {"type": "Feature", "properties": {"highway": "footway", "name": "", "lanes": 2, "surface": "paving_stones", "oneway": "no", "maxspeed": "", "source_id": "osm/way/1341548828", "source": "OpenStreetMap", "licence": "ODbL 1.0"}, "geometry": {"type": "LineString", "coordinates": [[-0.1243727, 51.5061261], [-0.1244039, 51.5061494], [-0.1244553, 51.506161], [-0.1244932, 51.5061588], [-0.1246042, 51.506136]]}}, {"type": "Feature", "properties": {"highway": "footway", "name": "", "lanes": 2, "surface": "paved", "oneway": "no", "maxspeed": "", "source_id": "osm/way/1341548829", "source": "OpenStreetMap", "licence": "ODbL 1.0"}, "geometry": {"type": "LineString", "coordinates": [[-0.1244842, 51.5060717], [-0.1243916, 51.5060574]]}}, {"type": "Feature", "properties": {"highway": "footway", "name": "", "lanes": 2, "surface": "paved", "oneway": "no", "maxspeed": "", "source_id": "osm/way/1341548830", "source": "OpenStreetMap", "licence": "ODbL 1.0"}, "geometry": {"type": "LineString", "coordinates": [[-0.124885, 51.5050486], [-0.1248587, 51.5050699], [-0.1247805, 51.5051946]]}}, {"type": "Feature", "properties": {"highway": "footway", "name": "", "lanes": 2, "surface": "paving_stones", "oneway": "no", "maxspeed": "", "source_id": "osm/way/1341548831", "source": "OpenStreetMap", "licence": "ODbL 1.0"}, "geometry": {"type": "LineString", "coordinates": [[-0.1266225, 51.5057141], [-0.1266368, 51.5057384], [-0.1265799, 51.5057463], [-0.1256281, 51.5059934], [-0.1256023, 51.5060001]]}}, {"type": "Feature", "properties": {"highway": "footway", "name": "", "lanes": 2, "surface": "asphalt", "oneway": "no", "maxspeed": "", "source_id": "osm/way/1341548832", "source": "OpenStreetMap", "licence": "ODbL 1.0"}, "geometry": {"type": "LineString", "coordinates": [[-0.1256023, 51.5060001], [-0.1255876, 51.5060043], [-0.1255069, 51.5060275]]}}, {"type": "Feature", "properties": {"highway": "footway", "name": "", "lanes": 2, "surface": "paving_stones", "oneway": "no", "maxspeed": "", "source_id": "osm/way/1341548833", "source": "OpenStreetMap", "licence": "ODbL 1.0"}, "geometry": {"type": "LineString", "coordinates": [[-0.1255069, 51.5060275], [-0.125478, 51.5060445], [-0.1236661, 51.5065164]]}}, {"type": "Feature", "properties": {"highway": "footway", "name": "", "lanes": 2, "surface": "paving_stones", "oneway": "no", "maxspeed": "", "source_id": "osm/way/1341548834", "source": "OpenStreetMap", "licence": "ODbL 1.0"}, "geometry": {"type": "LineString", "coordinates": [[-0.1235857, 51.5063885], [-0.1236022, 51.5064197], [-0.1236061, 51.5064271]]}}, {"type": "Feature", "properties": {"highway": "footway", "name": "", "lanes": 2, "surface": "asphalt", "oneway": "no", "maxspeed": "", "source_id": "osm/way/1341548835", "source": "OpenStreetMap", "licence": "ODbL 1.0"}, "geometry": {"type": "LineString", "coordinates": [[-0.1236061, 51.5064271], [-0.1236176, 51.5064451], [-0.1236311, 51.5064663], [-0.1236382, 51.5064774]]}}, {"type": "Feature", "properties": {"highway": "footway", "name": "", "lanes": 2, "surface": "paving_stones", "oneway": "no", "maxspeed": "", "source_id": "osm/way/1341548836", "source": "OpenStreetMap", "licence": "ODbL 1.0"}, "geometry": {"type": "LineString", "coordinates": [[-0.1236382, 51.5064774], [-0.1236661, 51.5065164]]}}, {"type": "Feature", "properties": {"highway": "footway", "name": "", "lanes": 2, "surface": "paving_stones", "oneway": "no", "maxspeed": "", "source_id": "osm/way/1341552262", "source": "OpenStreetMap", "licence": "ODbL 1.0"}, "geometry": {"type": "LineString", "coordinates": [[-0.1236661, 51.5065164], [-0.1235962, 51.5065418], [-0.12355, 51.5065809], [-0.1235879, 51.5066372], [-0.1248675, 51.5068806], [-0.1249022, 51.5068779], [-0.1249086, 51.5068772], [-0.1249232, 51.506892]]}}, {"type": "Feature", "properties": {"highway": "footway", "name": "", "lanes": 2, "surface": "asphalt", "oneway": "no", "maxspeed": "", "source_id": "osm/way/1341552263", "source": "OpenStreetMap", "licence": "ODbL 1.0"}, "geometry": {"type": "LineString", "coordinates": [[-0.1233142, 51.5065975], [-0.1233955, 51.5066106], [-0.1235087, 51.5066289]]}}, {"type": "Feature", "properties": {"highway": "footway", "name": "", "lanes": 2, "surface": "paving_stones", "oneway": "no", "maxspeed": "", "source_id": "osm/way/1341552264", "source": "OpenStreetMap", "licence": "ODbL 1.0"}, "geometry": {"type": "LineString", "coordinates": [[-0.1235879, 51.5066372], [-0.123535, 51.5066317], [-0.1235087, 51.5066289]]}}, {"type": "Feature", "properties": {"highway": "footway", "name": "", "lanes": 2, "surface": "paving_stones", "oneway": "no", "maxspeed": "", "source_id": "osm/way/1341552265", "source": "OpenStreetMap", "licence": "ODbL 1.0"}, "geometry": {"type": "LineString", "coordinates": [[-0.1249086, 51.5068772], [-0.1249467, 51.5068448], [-0.1250531, 51.5066183], [-0.125107, 51.5065521], [-0.125173, 51.5064873], [-0.1252864, 51.506432], [-0.1254137, 51.5063868], [-0.1256621, 51.5063234], [-0.1256788, 51.5063191]]}}, {"type": "Feature", "properties": {"highway": "footway", "name": "", "lanes": 2, "surface": "asphalt", "oneway": "no", "maxspeed": "", "source_id": "osm/way/1341552266", "source": "OpenStreetMap", "licence": "ODbL 1.0"}, "geometry": {"type": "LineString", "coordinates": [[-0.1256788, 51.5063191], [-0.1257662, 51.5062962], [-0.1257815, 51.5062921]]}}, {"type": "Feature", "properties": {"highway": "footway", "name": "", "lanes": 2, "surface": "paving_stones", "oneway": "no", "maxspeed": "", "source_id": "osm/way/1341552267", "source": "OpenStreetMap", "licence": "ODbL 1.0"}, "geometry": {"type": "LineString", "coordinates": [[-0.1257815, 51.5062921], [-0.1258053, 51.5062849], [-0.1258913, 51.5062591], [-0.1267945, 51.5059958]]}}, {"type": "Feature", "properties": {"highway": "footway", "name": "", "lanes": 2, "surface": "paving_stones", "oneway": "no", "maxspeed": "", "source_id": "osm/way/1341552268", "source": "OpenStreetMap", "licence": "ODbL 1.0"}, "geometry": {"type": "LineString", "coordinates": [[-0.125478, 51.5060445], [-0.125505, 51.506053], [-0.1256621, 51.5063234]]}}, {"type": "Feature", "properties": {"highway": "footway", "name": "", "lanes": 2, "surface": "paving_stones", "oneway": "no", "maxspeed": "", "source_id": "osm/way/1341555657", "source": "OpenStreetMap", "licence": "ODbL 1.0"}, "geometry": {"type": "LineString", "coordinates": [[-0.1258053, 51.5062849], [-0.1256281, 51.5059934]]}}, {"type": "Feature", "properties": {"highway": "footway", "name": "", "lanes": 2, "surface": "paving_stones", "oneway": "no", "maxspeed": "", "source_id": "osm/way/1341555658", "source": "OpenStreetMap", "licence": "ODbL 1.0"}, "geometry": {"type": "LineString", "coordinates": [[-0.1264931, 51.5061776], [-0.1255846, 51.5064442]]}}, {"type": "Feature", "properties": {"highway": "footway", "name": "", "lanes": 2, "surface": "paving_stones", "oneway": "no", "maxspeed": "", "source_id": "osm/way/1341555659", "source": "OpenStreetMap", "licence": "ODbL 1.0"}, "geometry": {"type": "LineString", "coordinates": [[-0.1255846, 51.5064442], [-0.1254939, 51.5064689]]}}, {"type": "Feature", "properties": {"highway": "footway", "name": "", "lanes": 2, "surface": "paving_stones", "oneway": "no", "maxspeed": "", "source_id": "osm/way/1341555660", "source": "OpenStreetMap", "licence": "ODbL 1.0"}, "geometry": {"type": "LineString", "coordinates": [[-0.1254939, 51.5064689], [-0.1254002, 51.5064986], [-0.1252972, 51.506545], [-0.1252246, 51.506601], [-0.1251805, 51.5066594], [-0.1250757, 51.5068842], [-0.1250895, 51.506906], [-0.1250674, 51.506914]]}}, {"type": "Feature", "properties": {"highway": "footway", "name": "", "lanes": 2, "surface": "asphalt", "oneway": "no", "maxspeed": "", "source_id": "osm/way/1341555661", "source": "OpenStreetMap", "licence": "ODbL 1.0"}, "geometry": {"type": "LineString", "coordinates": [[-0.1250674, 51.506914], [-0.1249406, 51.5068947], [-0.1249232, 51.506892]]}}, {"type": "Feature", "properties": {"highway": "footway", "name": "", "lanes": 2, "surface": "paving_stones", "oneway": "no", "maxspeed": "", "source_id": "osm/way/1341555662", "source": "OpenStreetMap", "licence": "ODbL 1.0"}, "geometry": {"type": "LineString", "coordinates": [[-0.1250895, 51.506906], [-0.1251182, 51.506927], [-0.1256902, 51.5070309]]}}, {"type": "Feature", "properties": {"highway": "footway", "name": "", "lanes": 2, "surface": "paving_stones", "oneway": "no", "maxspeed": "", "source_id": "osm/way/1341555663", "source": "OpenStreetMap", "licence": "ODbL 1.0"}, "geometry": {"type": "LineString", "coordinates": [[-0.1246933, 51.5070311], [-0.1238121, 51.5068761], [-0.1237738, 51.5068601]]}}, {"type": "Feature", "properties": {"highway": "footway", "name": "", "lanes": 2, "surface": "paving_stones", "oneway": "no", "maxspeed": "", "source_id": "osm/way/1341555664", "source": "OpenStreetMap", "licence": "ODbL 1.0"}, "geometry": {"type": "LineString", "coordinates": [[-0.1238121, 51.5068761], [-0.1241003, 51.5070385], [-0.1249167, 51.5074668], [-0.1249477, 51.5074818], [-0.1255152, 51.5077842], [-0.1255301, 51.5077889]]}}, {"type": "Feature", "properties": {"highway": "footway", "name": "", "lanes": 2, "surface": "asphalt", "oneway": "no", "maxspeed": "", "source_id": "osm/way/1341555665", "source": "OpenStreetMap", "licence": "ODbL 1.0"}, "geometry": {"type": "LineString", "coordinates": [[-0.1237738, 51.5068601], [-0.1237341, 51.5068545], [-0.1236686, 51.5068452]]}}, {"type": "Feature", "properties": {"highway": "footway", "name": "", "lanes": 2, "surface": "paving_stones", "oneway": "no", "maxspeed": "", "source_id": "osm/way/1341558283", "source": "OpenStreetMap", "licence": "ODbL 1.0"}, "geometry": {"type": "LineString", "coordinates": [[-0.1254932, 51.5078543], [-0.12483, 51.5075071], [-0.1240054, 51.5070782], [-0.1236976, 51.5069185], [-0.1236371, 51.5068452], [-0.1236686, 51.5068452]]}}, {"type": "Feature", "properties": {"highway": "footway", "name": "", "lanes": 2, "surface": "paving_stones", "oneway": "no", "maxspeed": "", "source_id": "osm/way/1341558284", "source": "OpenStreetMap", "licence": "ODbL 1.0"}, "geometry": {"type": "LineString", "coordinates": [[-0.1236371, 51.5068452], [-0.1235969, 51.5068296], [-0.1231359, 51.5067621]]}}, {"type": "Feature", "properties": {"highway": "footway", "name": "", "lanes": 2, "surface": "paving_stones", "oneway": "no", "maxspeed": "", "source_id": "osm/way/1341559589", "source": "OpenStreetMap", "licence": "ODbL 1.0"}, "geometry": {"type": "LineString", "coordinates": [[-0.1265497, 51.5055988], [-0.1265558, 51.505611]]}}, {"type": "Feature", "properties": {"highway": "footway", "name": "", "lanes": 2, "surface": "asphalt", "oneway": "no", "maxspeed": "", "source_id": "osm/way/1341559590", "source": "OpenStreetMap", "licence": "ODbL 1.0"}, "geometry": {"type": "LineString", "coordinates": [[-0.1266225, 51.5057141], [-0.1265849, 51.505656], [-0.1265558, 51.505611]]}}, {"type": "Feature", "properties": {"highway": "footway", "name": "", "lanes": 2, "surface": "paving_stones", "oneway": "no", "maxspeed": "", "source_id": "osm/way/1341560923", "source": "OpenStreetMap", "licence": "ODbL 1.0"}, "geometry": {"type": "LineString", "coordinates": [[-0.1266368, 51.5057384], [-0.1267945, 51.5059958], [-0.1268021, 51.5060081]]}}, {"type": "Feature", "properties": {"highway": "footway", "name": "", "lanes": 2, "surface": "paving_stones", "oneway": "no", "maxspeed": "", "source_id": "osm/way/1341560924", "source": "OpenStreetMap", "licence": "ODbL 1.0"}, "geometry": {"type": "LineString", "coordinates": [[-0.1268021, 51.5060081], [-0.1268158, 51.5060311], [-0.1268316, 51.5060576]]}}, {"type": "Feature", "properties": {"highway": "footway", "name": "", "lanes": 2, "surface": "paving_stones", "oneway": "no", "maxspeed": "", "source_id": "osm/way/1341560925", "source": "OpenStreetMap", "licence": "ODbL 1.0"}, "geometry": {"type": "LineString", "coordinates": [[-0.1268316, 51.5060576], [-0.1268427, 51.506075], [-0.1268652, 51.5061081], [-0.1270703, 51.5064308], [-0.1271866, 51.5066486]]}}, {"type": "Feature", "properties": {"highway": "footway", "name": "", "lanes": 2, "surface": "asphalt", "oneway": "no", "maxspeed": "", "source_id": "osm/way/1341560926", "source": "OpenStreetMap", "licence": "ODbL 1.0"}, "geometry": {"type": "LineString", "coordinates": [[-0.1271866, 51.5066486], [-0.1271914, 51.5066614], [-0.1271957, 51.5066728]]}}, {"type": "Feature", "properties": {"highway": "footway", "name": "", "lanes": 2, "surface": "paving_stones", "oneway": "no", "maxspeed": "", "source_id": "osm/way/1341560927", "source": "OpenStreetMap", "licence": "ODbL 1.0"}, "geometry": {"type": "LineString", "coordinates": [[-0.1268427, 51.506075], [-0.1265655, 51.5061524]]}}, {"type": "Feature", "properties": {"highway": "footway", "name": "", "lanes": 2, "surface": "asphalt", "oneway": "no", "maxspeed": "", "source_id": "osm/way/1341560928", "source": "OpenStreetMap", "licence": "ODbL 1.0"}, "geometry": {"type": "LineString", "coordinates": [[-0.1265655, 51.5061524], [-0.1265428, 51.5061598], [-0.1264931, 51.5061776]]}}, {"type": "Feature", "properties": {"highway": "footway", "name": "", "lanes": 2, "surface": "paving_stones", "oneway": "no", "maxspeed": "", "source_id": "osm/way/1341561757", "source": "OpenStreetMap", "licence": "ODbL 1.0"}, "geometry": {"type": "LineString", "coordinates": [[-0.1268652, 51.5061081], [-0.1268884, 51.5061024]]}}, {"type": "Feature", "properties": {"highway": "footway", "name": "", "lanes": 2, "surface": "asphalt", "oneway": "no", "maxspeed": "", "source_id": "osm/way/1341561758", "source": "OpenStreetMap", "licence": "ODbL 1.0"}, "geometry": {"type": "LineString", "coordinates": [[-0.1268884, 51.5061024], [-0.1269446, 51.5060888], [-0.1269792, 51.5060823]]}}, {"type": "Feature", "properties": {"highway": "footway", "name": "", "lanes": 2, "surface": "paving_stones", "oneway": "no", "maxspeed": "", "source_id": "osm/way/1341561759", "source": "OpenStreetMap", "licence": "ODbL 1.0"}, "geometry": {"type": "LineString", "coordinates": [[-0.1269792, 51.5060823], [-0.1270044, 51.5060752]]}}, {"type": "Feature", "properties": {"highway": "footway", "name": "", "lanes": 2, "surface": "asphalt", "oneway": "no", "maxspeed": "", "source_id": "osm/way/1341561760", "source": "OpenStreetMap", "licence": "ODbL 1.0"}, "geometry": {"type": "LineString", "coordinates": [[-0.1270044, 51.5060752], [-0.1270666, 51.5060617], [-0.1271041, 51.5060536]]}}, {"type": "Feature", "properties": {"highway": "footway", "name": "", "lanes": 2, "surface": "paving_stones", "oneway": "no", "maxspeed": "", "source_id": "osm/way/1341561761", "source": "OpenStreetMap", "licence": "ODbL 1.0"}, "geometry": {"type": "LineString", "coordinates": [[-0.1271041, 51.5060536], [-0.1271196, 51.5060514], [-0.1271415, 51.506069]]}}, {"type": "Feature", "properties": {"highway": "footway", "name": "", "lanes": 2, "surface": "asphalt", "oneway": "no", "maxspeed": "", "source_id": "osm/way/1342124346", "source": "OpenStreetMap", "licence": "ODbL 1.0"}, "geometry": {"type": "LineString", "coordinates": [[-0.1246933, 51.5070311], [-0.1252178, 51.5071223], [-0.125252, 51.5071418], [-0.1252666, 51.5071567], [-0.1252696, 51.5071731], [-0.1252644, 51.5071911], [-0.1252673, 51.5072147], [-0.1252754, 51.507247], [-0.1253097, 51.5072781], [-0.1253829, 51.5073238], [-0.1255318, 51.5074138]]}}, {"type": "Feature", "properties": {"highway": "footway", "name": "", "lanes": 2, "surface": "asphalt", "oneway": "no", "maxspeed": "", "source_id": "osm/way/1342124347", "source": "OpenStreetMap", "licence": "ODbL 1.0"}, "geometry": {"type": "LineString", "coordinates": [[-0.125278, 51.5071324], [-0.1253225, 51.5071399], [-0.125367, 51.5071474]]}}, {"type": "Feature", "properties": {"highway": "footway", "name": "", "lanes": 2, "surface": "asphalt", "oneway": "no", "maxspeed": "", "source_id": "osm/way/1342124348", "source": "OpenStreetMap", "licence": "ODbL 1.0"}, "geometry": {"type": "LineString", "coordinates": [[-0.1252178, 51.5071223], [-0.125278, 51.5071324]]}}, {"type": "Feature", "properties": {"highway": "footway", "name": "", "lanes": 2, "surface": "asphalt", "oneway": "no", "maxspeed": "", "source_id": "osm/way/1342124349", "source": "OpenStreetMap", "licence": "ODbL 1.0"}, "geometry": {"type": "LineString", "coordinates": [[-0.125367, 51.5071474], [-0.1254065, 51.5071547], [-0.1255053, 51.5071727]]}}, {"type": "Feature", "properties": {"highway": "footway", "name": "", "lanes": 2, "surface": "asphalt", "oneway": "no", "maxspeed": "", "source_id": "osm/way/1342124350", "source": "OpenStreetMap", "licence": "ODbL 1.0"}, "geometry": {"type": "LineString", "coordinates": [[-0.1258748, 51.5076242], [-0.1258801, 51.5076276], [-0.1260699, 51.5077424], [-0.1261274, 51.5077382]]}}, {"type": "Feature", "properties": {"highway": "footway", "name": "", "lanes": 2, "surface": "asphalt", "oneway": "no", "maxspeed": "", "source_id": "osm/way/1342124351", "source": "OpenStreetMap", "licence": "ODbL 1.0"}, "geometry": {"type": "LineString", "coordinates": [[-0.1255318, 51.5074138], [-0.1255669, 51.5074352]]}}, {"type": "Feature", "properties": {"highway": "footway", "name": "", "lanes": 2, "surface": "asphalt", "oneway": "no", "maxspeed": "", "source_id": "osm/way/1342124352", "source": "OpenStreetMap", "licence": "ODbL 1.0"}, "geometry": {"type": "LineString", "coordinates": [[-0.1255669, 51.5074352], [-0.1258192, 51.5075891]]}}, {"type": "Feature", "properties": {"highway": "footway", "name": "", "lanes": 2, "surface": "asphalt", "oneway": "no", "maxspeed": "", "source_id": "osm/way/1342124353", "source": "OpenStreetMap", "licence": "ODbL 1.0"}, "geometry": {"type": "LineString", "coordinates": [[-0.1258192, 51.5075891], [-0.1258514, 51.5076095], [-0.1258748, 51.5076242]]}}, {"type": "Feature", "properties": {"highway": "footway", "name": "", "lanes": 2, "surface": "asphalt", "oneway": "no", "maxspeed": "", "source_id": "osm/way/1342124354", "source": "OpenStreetMap", "licence": "ODbL 1.0"}, "geometry": {"type": "LineString", "coordinates": [[-0.1255987, 51.5078185], [-0.1257916, 51.5076886]]}}, {"type": "Feature", "properties": {"highway": "footway", "name": "", "lanes": 2, "surface": "asphalt", "oneway": "no", "maxspeed": "", "source_id": "osm/way/1342124355", "source": "OpenStreetMap", "licence": "ODbL 1.0"}, "geometry": {"type": "LineString", "coordinates": [[-0.1258271, 51.5076639], [-0.1258801, 51.5076276]]}}, {"type": "Feature", "properties": {"highway": "footway", "name": "", "lanes": 2, "surface": "asphalt", "oneway": "no", "maxspeed": "", "source_id": "osm/way/1342124356", "source": "OpenStreetMap", "licence": "ODbL 1.0"}, "geometry": {"type": "LineString", "coordinates": [[-0.1258271, 51.5076639], [-0.1258238, 51.507666], [-0.1258098, 51.5076759], [-0.1257968, 51.5076849], [-0.1257916, 51.5076886]]}}, {"type": "Feature", "properties": {"highway": "footway", "name": "", "lanes": 2, "surface": "asphalt", "oneway": "no", "maxspeed": "", "source_id": "osm/way/1343563395", "source": "OpenStreetMap", "licence": "ODbL 1.0"}, "geometry": {"type": "LineString", "coordinates": [[-0.1254932, 51.5078543], [-0.1255101, 51.5078628]]}}, {"type": "Feature", "properties": {"highway": "footway", "name": "", "lanes": 2, "surface": "asphalt", "oneway": "no", "maxspeed": "", "source_id": "osm/way/1343563396", "source": "OpenStreetMap", "licence": "ODbL 1.0"}, "geometry": {"type": "LineString", "coordinates": [[-0.1255101, 51.5078628], [-0.1255307, 51.5078746], [-0.1255445, 51.5078825]]}}, {"type": "Feature", "properties": {"highway": "footway", "name": "", "lanes": 2, "surface": "asphalt", "oneway": "no", "maxspeed": "", "source_id": "osm/way/1343563397", "source": "OpenStreetMap", "licence": "ODbL 1.0"}, "geometry": {"type": "LineString", "coordinates": [[-0.1255445, 51.5078825], [-0.1255597, 51.5078841], [-0.1255963, 51.5078591]]}}, {"type": "Feature", "properties": {"highway": "footway", "name": "", "lanes": 2, "surface": "asphalt", "oneway": "no", "maxspeed": "", "source_id": "osm/way/1343563398", "source": "OpenStreetMap", "licence": "ODbL 1.0"}, "geometry": {"type": "LineString", "coordinates": [[-0.1255301, 51.5077889], [-0.1255683, 51.5078055], [-0.1255954, 51.5078172]]}}, {"type": "Feature", "properties": {"highway": "footway", "name": "", "lanes": 2, "surface": "asphalt", "oneway": "no", "maxspeed": "", "source_id": "osm/way/1343563399", "source": "OpenStreetMap", "licence": "ODbL 1.0"}, "geometry": {"type": "LineString", "coordinates": [[-0.1255954, 51.5078172], [-0.1255987, 51.5078185]]}}, {"type": "Feature", "properties": {"highway": "footway", "name": "", "lanes": 2, "surface": "asphalt", "oneway": "no", "maxspeed": "", "source_id": "osm/way/1343563400", "source": "OpenStreetMap", "licence": "ODbL 1.0"}, "geometry": {"type": "LineString", "coordinates": [[-0.1255987, 51.5078185], [-0.1256262, 51.5078367], [-0.1255963, 51.5078591]]}}, {"type": "Feature", "properties": {"highway": "steps", "name": "", "lanes": 2, "surface": "asphalt", "oneway": "no", "maxspeed": "", "source_id": "osm/way/1362604723", "source": "OpenStreetMap", "licence": "ODbL 1.0"}, "geometry": {"type": "LineString", "coordinates": [[-0.1241163, 51.5046261], [-0.1241037, 51.5046233], [-0.1240933, 51.5046193], [-0.1240798, 51.5046118], [-0.1240677, 51.5046017]]}}, {"type": "Feature", "properties": {"highway": "cycleway", "name": "", "lanes": 2, "surface": "asphalt", "oneway": "yes", "maxspeed": "", "source_id": "osm/way/1363655419", "source": "OpenStreetMap", "licence": "ODbL 1.0"}, "geometry": {"type": "LineString", "coordinates": [[-0.1249151, 51.5069448], [-0.1248182, 51.5069919], [-0.1238199, 51.5068375], [-0.1237567, 51.5067538]]}}, {"type": "Feature", "properties": {"highway": "footway", "name": "Treasury Passage", "lanes": 2, "surface": "asphalt", "oneway": "no", "maxspeed": "", "source_id": "osm/way/1364065536", "source": "OpenStreetMap", "licence": "ODbL 1.0"}, "geometry": {"type": "LineString", "coordinates": [[-0.1273212, 51.503954], [-0.1272241, 51.5036134]]}}, {"type": "Feature", "properties": {"highway": "footway", "name": "", "lanes": 2, "surface": "paving_stones", "oneway": "no", "maxspeed": "", "source_id": "osm/way/1365741535", "source": "OpenStreetMap", "licence": "ODbL 1.0"}, "geometry": {"type": "LineString", "coordinates": [[-0.1238003, 51.5045662], [-0.1237629, 51.5045624], [-0.1237803, 51.5044952], [-0.1238177, 51.5044989], [-0.1238551, 51.5045026], [-0.1238378, 51.5045699], [-0.1238003, 51.5045662]]}}, {"type": "Feature", "properties": {"highway": "footway", "name": "", "lanes": 2, "surface": "paving_stones", "oneway": "no", "maxspeed": "", "source_id": "osm/way/1365741536", "source": "OpenStreetMap", "licence": "ODbL 1.0"}, "geometry": {"type": "LineString", "coordinates": [[-0.12384, 51.5044073], [-0.1238177, 51.5044989]]}}, {"type": "Feature", "properties": {"highway": "footway", "name": "", "lanes": 2, "surface": "paving_stones", "oneway": "no", "maxspeed": "", "source_id": "osm/way/1365741537", "source": "OpenStreetMap", "licence": "ODbL 1.0"}, "geometry": {"type": "LineString", "coordinates": [[-0.1237578, 51.5048391], [-0.1237507, 51.5048551]]}}, {"type": "Feature", "properties": {"highway": "footway", "name": "", "lanes": 2, "surface": "asphalt", "oneway": "no", "maxspeed": "", "source_id": "osm/way/1365746020", "source": "OpenStreetMap", "licence": "ODbL 1.0"}, "geometry": {"type": "LineString", "coordinates": [[-0.1233827, 51.5050628], [-0.1232076, 51.5056208]]}}, {"type": "Feature", "properties": {"highway": "footway", "name": "", "lanes": 2, "surface": "asphalt", "oneway": "no", "maxspeed": "", "source_id": "osm/way/1365746022", "source": "OpenStreetMap", "licence": "ODbL 1.0"}, "geometry": {"type": "LineString", "coordinates": [[-0.1237687, 51.5051368], [-0.1235804, 51.5057008]]}}, {"type": "Feature", "properties": {"highway": "service", "name": "", "lanes": 2, "surface": "asphalt", "oneway": "no", "maxspeed": "", "source_id": "osm/way/1365789075", "source": "OpenStreetMap", "licence": "ODbL 1.0"}, "geometry": {"type": "LineString", "coordinates": [[-0.1214547, 51.5077211], [-0.121575, 51.5077577], [-0.1216073, 51.5077674], [-0.1218099, 51.5078289]]}}, {"type": "Feature", "properties": {"highway": "service", "name": "Hungerford Lane", "lanes": 2, "surface": "asphalt", "oneway": "yes", "maxspeed": "", "source_id": "osm/way/1376143785", "source": "OpenStreetMap", "licence": "ODbL 1.0"}, "geometry": {"type": "LineString", "coordinates": [[-0.1253193, 51.5079814], [-0.1252853, 51.5079779], [-0.1252478, 51.5079695], [-0.12518, 51.5079324], [-0.1248485, 51.5077587]]}}, {"type": "Feature", "properties": {"highway": "footway", "name": "Watergate Walk", "lanes": 2, "surface": "asphalt", "oneway": "no", "maxspeed": "", "source_id": "osm/way/1376143787", "source": "OpenStreetMap", "licence": "ODbL 1.0"}, "geometry": {"type": "LineString", "coordinates": [[-0.1233542, 51.5078075], [-0.1232985, 51.5078514]]}}, {"type": "Feature", "properties": {"highway": "footway", "name": "", "lanes": 2, "surface": "paved", "oneway": "no", "maxspeed": "", "source_id": "osm/way/1376407816", "source": "OpenStreetMap", "licence": "ODbL 1.0"}, "geometry": {"type": "LineString", "coordinates": [[-0.1232372, 51.5076066], [-0.1232556, 51.5076929]]}}, {"type": "Feature", "properties": {"highway": "footway", "name": "", "lanes": 2, "surface": "asphalt", "oneway": "no", "maxspeed": "", "source_id": "osm/way/1376788566", "source": "OpenStreetMap", "licence": "ODbL 1.0"}, "geometry": {"type": "LineString", "coordinates": [[-0.12512, 51.5079933], [-0.1249481, 51.5079771], [-0.1249031, 51.5079543]]}}, {"type": "Feature", "properties": {"highway": "footway", "name": "", "lanes": 2, "surface": "asphalt", "oneway": "no", "maxspeed": "", "source_id": "osm/way/1376788570", "source": "OpenStreetMap", "licence": "ODbL 1.0"}, "geometry": {"type": "LineString", "coordinates": [[-0.1249031, 51.5079543], [-0.1246974, 51.5081054], [-0.1245576, 51.5082043]]}}, {"type": "Feature", "properties": {"highway": "service", "name": "", "lanes": 2, "surface": "asphalt", "oneway": "no", "maxspeed": "", "source_id": "osm/way/1376788633", "source": "OpenStreetMap", "licence": "ODbL 1.0"}, "geometry": {"type": "LineString", "coordinates": [[-0.123813, 51.5072184], [-0.1232904, 51.5075802]]}}, {"type": "Feature", "properties": {"highway": "service", "name": "", "lanes": 2, "surface": "asphalt", "oneway": "no", "maxspeed": "", "source_id": "osm/way/1376788634", "source": "OpenStreetMap", "licence": "ODbL 1.0"}, "geometry": {"type": "LineString", "coordinates": [[-0.1238718, 51.5071793], [-0.123813, 51.5072184]]}}, {"type": "Feature", "properties": {"highway": "footway", "name": "", "lanes": 2, "surface": "paved", "oneway": "no", "maxspeed": "", "source_id": "osm/way/1377407533", "source": "OpenStreetMap", "licence": "ODbL 1.0"}, "geometry": {"type": "LineString", "coordinates": [[-0.1246974, 51.5081054], [-0.1245393, 51.5079514], [-0.124433, 51.5078965], [-0.1243622, 51.5078828]]}}, {"type": "Feature", "properties": {"highway": "footway", "name": "", "lanes": 2, "surface": "asphalt", "oneway": "no", "maxspeed": "", "source_id": "osm/way/1377426675", "source": "OpenStreetMap", "licence": "ODbL 1.0"}, "geometry": {"type": "LineString", "coordinates": [[-0.1249481, 51.5079771], [-0.125045, 51.5080307]]}}, {"type": "Feature", "properties": {"highway": "service", "name": "Hungerford Lane", "lanes": 2, "surface": "asphalt", "oneway": "yes", "maxspeed": "", "source_id": "osm/way/1377426676", "source": "OpenStreetMap", "licence": "ODbL 1.0"}, "geometry": {"type": "LineString", "coordinates": [[-0.1244287, 51.5075311], [-0.1239558, 51.5072611]]}}, {"type": "Feature", "properties": {"highway": "steps", "name": "", "lanes": 2, "surface": "asphalt", "oneway": "no", "maxspeed": "", "source_id": "osm/way/1377426677", "source": "OpenStreetMap", "licence": "ODbL 1.0"}, "geometry": {"type": "LineString", "coordinates": [[-0.1232509, 51.5068458], [-0.1232646, 51.5068723]]}}, {"type": "Feature", "properties": {"highway": "footway", "name": "", "lanes": 2, "surface": "asphalt", "oneway": "no", "maxspeed": "", "source_id": "osm/way/1377426678", "source": "OpenStreetMap", "licence": "ODbL 1.0"}, "geometry": {"type": "LineString", "coordinates": [[-0.1231192, 51.5070353], [-0.1231563, 51.5070313]]}}, {"type": "Feature", "properties": {"highway": "steps", "name": "", "lanes": 2, "surface": "asphalt", "oneway": "no", "maxspeed": "", "source_id": "osm/way/1377426679", "source": "OpenStreetMap", "licence": "ODbL 1.0"}, "geometry": {"type": "LineString", "coordinates": [[-0.1231563, 51.5070313], [-0.1232964, 51.5071047]]}}, {"type": "Feature", "properties": {"highway": "steps", "name": "", "lanes": 2, "surface": "asphalt", "oneway": "no", "maxspeed": "", "source_id": "osm/way/1377426680", "source": "OpenStreetMap", "licence": "ODbL 1.0"}, "geometry": {"type": "LineString", "coordinates": [[-0.1229774, 51.5071523], [-0.1231334, 51.5072236]]}}, {"type": "Feature", "properties": {"highway": "steps", "name": "", "lanes": 2, "surface": "asphalt", "oneway": "no", "maxspeed": "", "source_id": "osm/way/1377426681", "source": "OpenStreetMap", "licence": "ODbL 1.0"}, "geometry": {"type": "LineString", "coordinates": [[-0.122867, 51.507244], [-0.1230047, 51.5073161]]}}, {"type": "Feature", "properties": {"highway": "footway", "name": "", "lanes": 2, "surface": "asphalt", "oneway": "no", "maxspeed": "", "source_id": "osm/way/1377426682", "source": "OpenStreetMap", "licence": "ODbL 1.0"}, "geometry": {"type": "LineString", "coordinates": [[-0.1233202, 51.5069415], [-0.1233494, 51.5069545], [-0.1233937, 51.5070355], [-0.1232964, 51.5071047], [-0.1231334, 51.5072236], [-0.1230047, 51.5073161], [-0.1229555, 51.50735]]}}, {"type": "Feature", "properties": {"highway": "footway", "name": "", "lanes": 2, "surface": "asphalt", "oneway": "no", "maxspeed": "", "source_id": "osm/way/1381804772", "source": "OpenStreetMap", "licence": "ODbL 1.0"}, "geometry": {"type": "LineString", "coordinates": [[-0.1238406, 51.5011556], [-0.1237871, 51.5011543]]}}, {"type": "Feature", "properties": {"highway": "footway", "name": "", "lanes": 2, "surface": "asphalt", "oneway": "no", "maxspeed": "", "source_id": "osm/way/1381804773", "source": "OpenStreetMap", "licence": "ODbL 1.0"}, "geometry": {"type": "LineString", "coordinates": [[-0.1249236, 51.5011033], [-0.1249188, 51.5011652]]}}, {"type": "Feature", "properties": {"highway": "steps", "name": "", "lanes": 2, "surface": "asphalt", "oneway": "no", "maxspeed": "", "source_id": "osm/way/1381804774", "source": "OpenStreetMap", "licence": "ODbL 1.0"}, "geometry": {"type": "LineString", "coordinates": [[-0.1248757, 51.5011643], [-0.124885, 51.5010789]]}}, {"type": "Feature", "properties": {"highway": "footway", "name": "", "lanes": 2, "surface": "asphalt", "oneway": "no", "maxspeed": "", "source_id": "osm/way/1381804775", "source": "OpenStreetMap", "licence": "ODbL 1.0"}, "geometry": {"type": "LineString", "coordinates": [[-0.1243301, 51.5011613], [-0.1243415, 51.5011692], [-0.1243984, 51.50117]]}}, {"type": "Feature", "properties": {"highway": "steps", "name": "", "lanes": 2, "surface": "asphalt", "oneway": "no", "maxspeed": "", "source_id": "osm/way/1381804776", "source": "OpenStreetMap", "licence": "ODbL 1.0"}, "geometry": {"type": "LineString", "coordinates": [[-0.1243984, 51.50117], [-0.124383, 51.5011605], [-0.1243301, 51.5011613]]}}, {"type": "Feature", "properties": {"highway": "footway", "name": "", "lanes": 2, "surface": "asphalt", "oneway": "no", "maxspeed": "", "source_id": "osm/way/1381804777", "source": "OpenStreetMap", "licence": "ODbL 1.0"}, "geometry": {"type": "LineString", "coordinates": [[-0.1243984, 51.50117], [-0.1248429, 51.5011643], [-0.1248757, 51.5011643], [-0.1249188, 51.5011652], [-0.12497, 51.5011663]]}}, {"type": "Feature", "properties": {"highway": "steps", "name": "", "lanes": 2, "surface": "asphalt", "oneway": "no", "maxspeed": "", "source_id": "osm/way/1381804778", "source": "OpenStreetMap", "licence": "ODbL 1.0"}, "geometry": {"type": "LineString", "coordinates": [[-0.1237871, 51.5011543], [-0.1237882, 51.5011122], [-0.1238208, 51.5011132], [-0.1238205, 51.5011533]]}}, {"type": "Feature", "properties": {"highway": "footway", "name": "", "lanes": 2, "surface": "paving_stones", "oneway": "no", "maxspeed": "", "source_id": "osm/way/1381804779", "source": "OpenStreetMap", "licence": "ODbL 1.0"}, "geometry": {"type": "LineString", "coordinates": [[-0.1249276, 51.5010585], [-0.1249236, 51.5011033]]}}, {"type": "Feature", "properties": {"highway": "footway", "name": "", "lanes": 2, "surface": "asphalt", "oneway": "no", "maxspeed": "", "source_id": "osm/way/1381815552", "source": "OpenStreetMap", "licence": "ODbL 1.0"}, "geometry": {"type": "LineString", "coordinates": [[-0.1247367, 51.5010799], [-0.1247549, 51.5010016]]}}, {"type": "Feature", "properties": {"highway": "steps", "name": "", "lanes": 2, "surface": "asphalt", "oneway": "no", "maxspeed": "", "source_id": "osm/way/1381815553", "source": "OpenStreetMap", "licence": "ODbL 1.0"}, "geometry": {"type": "LineString", "coordinates": [[-0.1247655, 51.5011781], [-0.1248821, 51.5011143]]}}, {"type": "Feature", "properties": {"highway": "footway", "name": "", "lanes": 2, "surface": "asphalt", "oneway": "no", "maxspeed": "", "source_id": "osm/way/1381815554", "source": "OpenStreetMap", "licence": "ODbL 1.0"}, "geometry": {"type": "LineString", "coordinates": [[-0.1247651, 51.5010805], [-0.1247249, 51.5011001], [-0.1247076, 51.5011227]]}}, {"type": "Feature", "properties": {"highway": "footway", "name": "", "lanes": 2, "surface": "asphalt", "oneway": "no", "maxspeed": "", "source_id": "osm/way/1381815555", "source": "OpenStreetMap", "licence": "ODbL 1.0"}, "geometry": {"type": "LineString", "coordinates": [[-0.1248821, 51.5011143], [-0.1249138, 51.5010966], [-0.1250692, 51.5011012], [-0.1250651, 51.5011654], [-0.125063, 51.5011994], [-0.125063, 51.501212], [-0.1249937, 51.5012521]]}}, {"type": "Feature", "properties": {"highway": "footway", "name": "", "lanes": 2, "surface": "asphalt", "oneway": "no", "maxspeed": "", "source_id": "osm/way/1381815556", "source": "OpenStreetMap", "licence": "ODbL 1.0"}, "geometry": {"type": "LineString", "coordinates": [[-0.1248416, 51.5012263], [-0.1246514, 51.5012241]]}}, {"type": "Feature", "properties": {"highway": "footway", "name": "", "lanes": 2, "surface": "asphalt", "oneway": "no", "maxspeed": "", "source_id": "osm/way/1381815557", "source": "OpenStreetMap", "licence": "ODbL 1.0"}, "geometry": {"type": "LineString", "coordinates": [[-0.1247215, 51.5010838], [-0.1246905, 51.5010079]]}}, {"type": "Feature", "properties": {"highway": "footway", "name": "", "lanes": 2, "surface": "asphalt", "oneway": "no", "maxspeed": "", "source_id": "osm/way/1381815558", "source": "OpenStreetMap", "licence": "ODbL 1.0"}, "geometry": {"type": "LineString", "coordinates": [[-0.1247341, 51.5011561], [-0.1247364, 51.5011166]]}}, {"type": "Feature", "properties": {"highway": "steps", "name": "", "lanes": 2, "surface": "asphalt", "oneway": "no", "maxspeed": "", "source_id": "osm/way/1381815559", "source": "OpenStreetMap", "licence": "ODbL 1.0"}, "geometry": {"type": "LineString", "coordinates": [[-0.1248935, 51.5013012], [-0.1249817, 51.5012472]]}}, {"type": "Feature", "properties": {"highway": "footway", "name": "", "lanes": 2, "surface": "asphalt", "oneway": "no", "maxspeed": "", "source_id": "osm/way/1381815560", "source": "OpenStreetMap", "licence": "ODbL 1.0"}, "geometry": {"type": "LineString", "coordinates": [[-0.1249817, 51.5012472], [-0.125063, 51.5011994]]}}, {"type": "Feature", "properties": {"highway": "footway", "name": "", "lanes": 2, "surface": "asphalt", "oneway": "no", "maxspeed": "", "source_id": "osm/way/1381815561", "source": "OpenStreetMap", "licence": "ODbL 1.0"}, "geometry": {"type": "LineString", "coordinates": [[-0.1247929, 51.5011577], [-0.1247347, 51.5011562], [-0.1247071, 51.5011503], [-0.1246871, 51.501137], [-0.1246807, 51.5011194], [-0.1246806, 51.5011154], [-0.1246936, 51.5010945], [-0.1247138, 51.5010876], [-0.1247367, 51.5010799], [-0.1247651, 51.5010805]]}}, {"type": "Feature", "properties": {"highway": "footway", "name": "", "lanes": 2, "surface": "asphalt", "oneway": "no", "maxspeed": "", "source_id": "osm/way/1381815562", "source": "OpenStreetMap", "licence": "ODbL 1.0"}, "geometry": {"type": "LineString", "coordinates": [[-0.1246806, 51.5011154], [-0.1246057, 51.5011152], [-0.1246328, 51.5010137]]}}, {"type": "Feature", "properties": {"highway": "steps", "name": "", "lanes": 2, "surface": "asphalt", "oneway": "no", "maxspeed": "", "source_id": "osm/way/1381815563", "source": "OpenStreetMap", "licence": "ODbL 1.0"}, "geometry": {"type": "LineString", "coordinates": [[-0.1248948, 51.5013014], [-0.1249806, 51.5012479]]}}, {"type": "Feature", "properties": {"highway": "steps", "name": "", "lanes": 3, "surface": "asphalt", "oneway": "no", "maxspeed": "", "source_id": "osm/way/1381815564", "source": "OpenStreetMap", "licence": "ODbL 1.0"}, "geometry": {"type": "LineString", "coordinates": [[-0.1247031, 51.5012907], [-0.1247076, 51.5011227]]}}, {"type": "Feature", "properties": {"highway": "footway", "name": "", "lanes": 2, "surface": "asphalt", "oneway": "no", "maxspeed": "", "source_id": "osm/way/1381815565", "source": "OpenStreetMap", "licence": "ODbL 1.0"}, "geometry": {"type": "LineString", "coordinates": [[-0.1249806, 51.5012479], [-0.1250936, 51.5011819], [-0.1251286, 51.5012072]]}}, {"type": "Feature", "properties": {"highway": "footway", "name": "", "lanes": 2, "surface": "asphalt", "oneway": "no", "maxspeed": "", "source_id": "osm/way/1381815566", "source": "OpenStreetMap", "licence": "ODbL 1.0"}, "geometry": {"type": "LineString", "coordinates": [[-0.1247871, 51.501346], [-0.1247869, 51.501331], [-0.1248399, 51.5013725]]}}, {"type": "Feature", "properties": {"highway": "footway", "name": "", "lanes": 2, "surface": "asphalt", "oneway": "no", "maxspeed": "", "source_id": "osm/way/1381815567", "source": "OpenStreetMap", "licence": "ODbL 1.0"}, "geometry": {"type": "LineString", "coordinates": [[-0.1247345, 51.5011561], [-0.1247986, 51.5011115], [-0.1249769, 51.5012193]]}}, {"type": "Feature", "properties": {"highway": "footway", "name": "", "lanes": 2, "surface": "asphalt", "oneway": "no", "maxspeed": "", "source_id": "osm/way/1381815568", "source": "OpenStreetMap", "licence": "ODbL 1.0"}, "geometry": {"type": "LineString", "coordinates": [[-0.1249029, 51.501306], [-0.1248525, 51.5013329], [-0.1248385, 51.5013325], [-0.1247869, 51.501331]]}}, {"type": "Feature", "properties": {"highway": "footway", "name": "", "lanes": 2, "surface": "asphalt", "oneway": "no", "maxspeed": "", "source_id": "osm/way/1381815569", "source": "OpenStreetMap", "licence": "ODbL 1.0"}, "geometry": {"type": "LineString", "coordinates": [[-0.1251095, 51.5010955], [-0.1250949, 51.5011106], [-0.1249806, 51.5011082]]}}, {"type": "Feature", "properties": {"highway": "footway", "name": "", "lanes": 2, "surface": "asphalt", "oneway": "no", "maxspeed": "", "source_id": "osm/way/1381815570", "source": "OpenStreetMap", "licence": "ODbL 1.0"}, "geometry": {"type": "LineString", "coordinates": [[-0.1247364, 51.5011166], [-0.1247345, 51.5011561], [-0.1247655, 51.5011781], [-0.1249094, 51.5012621]]}}, {"type": "Feature", "properties": {"highway": "steps", "name": "", "lanes": 2, "surface": "asphalt", "oneway": "no", "maxspeed": "", "source_id": "osm/way/1381815571", "source": "OpenStreetMap", "licence": "ODbL 1.0"}, "geometry": {"type": "LineString", "coordinates": [[-0.12473, 51.5012928], [-0.1247345, 51.5011561]]}}, {"type": "Feature", "properties": {"highway": "steps", "name": "", "lanes": 2, "surface": "asphalt", "oneway": "no", "maxspeed": "", "source_id": "osm/way/1381815572", "source": "OpenStreetMap", "licence": "ODbL 1.0"}, "geometry": {"type": "LineString", "coordinates": [[-0.1251241, 51.501146], [-0.1247924, 51.5011368]]}}, {"type": "Feature", "properties": {"highway": "footway", "name": "", "lanes": 2, "surface": "asphalt", "oneway": "no", "maxspeed": "", "source_id": "osm/way/1381815573", "source": "OpenStreetMap", "licence": "ODbL 1.0"}, "geometry": {"type": "LineString", "coordinates": [[-0.1247836, 51.5012609], [-0.1247871, 51.501346]]}}, {"type": "Feature", "properties": {"highway": "steps", "name": "", "lanes": 3, "surface": "asphalt", "oneway": "no", "maxspeed": "", "source_id": "osm/way/1381815574", "source": "OpenStreetMap", "licence": "ODbL 1.0"}, "geometry": {"type": "LineString", "coordinates": [[-0.1250651, 51.5011654], [-0.1247929, 51.5011577]]}}, {"type": "Feature", "properties": {"highway": "steps", "name": "", "lanes": 2, "surface": "asphalt", "oneway": "no", "maxspeed": "", "source_id": "osm/way/1381815575", "source": "OpenStreetMap", "licence": "ODbL 1.0"}, "geometry": {"type": "LineString", "coordinates": [[-0.1249937, 51.5012521], [-0.1249029, 51.501306]]}}, {"type": "Feature", "properties": {"highway": "footway", "name": "", "lanes": 2, "surface": "asphalt", "oneway": "no", "maxspeed": "", "source_id": "osm/way/1381815576", "source": "OpenStreetMap", "licence": "ODbL 1.0"}, "geometry": {"type": "LineString", "coordinates": [[-0.1251187, 51.5010992], [-0.125133, 51.501077], [-0.125138, 51.5009635]]}}, {"type": "Feature", "properties": {"highway": "footway", "name": "", "lanes": 2, "surface": "asphalt", "oneway": "no", "maxspeed": "", "source_id": "osm/way/1381815577", "source": "OpenStreetMap", "licence": "ODbL 1.0"}, "geometry": {"type": "LineString", "coordinates": [[-0.1246514, 51.5012241], [-0.1248391, 51.5013063]]}}, {"type": "Feature", "properties": {"highway": "footway", "name": "", "lanes": 2, "surface": "asphalt", "oneway": "no", "maxspeed": "", "source_id": "osm/way/1381815578", "source": "OpenStreetMap", "licence": "ODbL 1.0"}, "geometry": {"type": "LineString", "coordinates": [[-0.124808, 51.5012464], [-0.1248948, 51.5013014]]}}, {"type": "Feature", "properties": {"highway": "footway", "name": "", "lanes": 2, "surface": "asphalt", "oneway": "no", "maxspeed": "", "source_id": "osm/way/1381815579", "source": "OpenStreetMap", "licence": "ODbL 1.0"}, "geometry": {"type": "LineString", "coordinates": [[-0.1246325, 51.5010138], [-0.1246054, 51.5011155], [-0.1246807, 51.5011154]]}}, {"type": "Feature", "properties": {"highway": "footway", "name": "", "lanes": 2, "surface": "asphalt", "oneway": "no", "maxspeed": "", "source_id": "osm/way/1381815580", "source": "OpenStreetMap", "licence": "ODbL 1.0"}, "geometry": {"type": "LineString", "coordinates": [[-0.1249761, 51.5010863], [-0.1250971, 51.5010887], [-0.1251031, 51.5009666]]}}, {"type": "Feature", "properties": {"highway": "footway", "name": "", "lanes": 2, "surface": "asphalt", "oneway": "no", "maxspeed": "", "source_id": "osm/way/1381815581", "source": "OpenStreetMap", "licence": "ODbL 1.0"}, "geometry": {"type": "LineString", "coordinates": [[-0.1248757, 51.5011643], [-0.1248751, 51.5012064], [-0.1248416, 51.5012263], [-0.124808, 51.5012464], [-0.1247836, 51.5012609], [-0.12473, 51.5012928], [-0.124703, 51.5013085], [-0.1247031, 51.5012907]]}}, {"type": "Feature", "properties": {"highway": "footway", "name": "", "lanes": 2, "surface": "asphalt", "oneway": "no", "maxspeed": "", "source_id": "osm/way/1381815582", "source": "OpenStreetMap", "licence": "ODbL 1.0"}, "geometry": {"type": "LineString", "coordinates": [[-0.1249807, 51.5011082], [-0.1250968, 51.5011095], [-0.1250971, 51.5010887], [-0.1251326, 51.5010741], [-0.1251371, 51.5009633]]}}, {"type": "Feature", "properties": {"highway": "footway", "name": "", "lanes": 2, "surface": "asphalt", "oneway": "no", "maxspeed": "", "source_id": "osm/way/1381815583", "source": "OpenStreetMap", "licence": "ODbL 1.0"}, "geometry": {"type": "LineString", "coordinates": [[-0.1248385, 51.5013325], [-0.1248935, 51.5013012]]}}, {"type": "Feature", "properties": {"highway": "footway", "name": "", "lanes": 2, "surface": "asphalt", "oneway": "no", "maxspeed": "", "source_id": "osm/way/1381815584", "source": "OpenStreetMap", "licence": "ODbL 1.0"}, "geometry": {"type": "LineString", "coordinates": [[-0.1250731, 51.5011657], [-0.1251064, 51.501159], [-0.1251241, 51.501146], [-0.1251359, 51.5011294], [-0.125125, 51.5011017], [-0.1251187, 51.5010992], [-0.1251095, 51.5010955], [-0.1250965, 51.5010903], [-0.1249762, 51.5010863]]}}, {"type": "Feature", "properties": {"highway": "steps", "name": "", "lanes": 2, "surface": "asphalt", "oneway": "no", "maxspeed": "", "source_id": "osm/way/1381815585", "source": "OpenStreetMap", "licence": "ODbL 1.0"}, "geometry": {"type": "LineString", "coordinates": [[-0.1247651, 51.5010805], [-0.1249761, 51.5010863]]}}, {"type": "Feature", "properties": {"highway": "steps", "name": "", "lanes": 2, "surface": "asphalt", "oneway": "no", "maxspeed": "", "source_id": "osm/way/1381815586", "source": "OpenStreetMap", "licence": "ODbL 1.0"}, "geometry": {"type": "LineString", "coordinates": [[-0.1249806, 51.5011082], [-0.1247708, 51.5011019]]}}, {"type": "Feature", "properties": {"highway": "footway", "name": "", "lanes": 2, "surface": "asphalt", "oneway": "no", "maxspeed": "", "source_id": "osm/way/1381815587", "source": "OpenStreetMap", "licence": "ODbL 1.0"}, "geometry": {"type": "LineString", "coordinates": [[-0.1247708, 51.5011019], [-0.1247249, 51.5011001]]}}, {"type": "Feature", "properties": {"highway": "footway", "name": "", "lanes": 2, "surface": "asphalt", "oneway": "no", "maxspeed": "", "source_id": "osm/way/1381815588", "source": "OpenStreetMap", "licence": "ODbL 1.0"}, "geometry": {"type": "LineString", "coordinates": [[-0.1247364, 51.5011166], [-0.1247347, 51.5011562]]}}, {"type": "Feature", "properties": {"highway": "steps", "name": "", "lanes": 2, "surface": "asphalt", "oneway": "no", "maxspeed": "", "source_id": "osm/way/1381815589", "source": "OpenStreetMap", "licence": "ODbL 1.0"}, "geometry": {"type": "LineString", "coordinates": [[-0.1250731, 51.5011657], [-0.1247918, 51.5011575]]}}, {"type": "Feature", "properties": {"highway": "footway", "name": "", "lanes": 2, "surface": "asphalt", "oneway": "no", "maxspeed": "", "source_id": "osm/way/1381815590", "source": "OpenStreetMap", "licence": "ODbL 1.0"}, "geometry": {"type": "LineString", "coordinates": [[-0.1247918, 51.5011575], [-0.1247568, 51.501157], [-0.1247341, 51.5011561], [-0.124707, 51.5011506], [-0.1246864, 51.5011372], [-0.1246804, 51.5011196], [-0.1246807, 51.5011154], [-0.1246933, 51.5010954], [-0.1247215, 51.5010838], [-0.1247363, 51.5010805], [-0.1247631, 51.5010801], [-0.1247585, 51.5011359], [-0.1247568, 51.501157]]}}, {"type": "Feature", "properties": {"highway": "steps", "name": "", "lanes": 3, "surface": "asphalt", "oneway": "no", "maxspeed": "", "source_id": "osm/way/1381815591", "source": "OpenStreetMap", "licence": "ODbL 1.0"}, "geometry": {"type": "LineString", "coordinates": [[-0.1249762, 51.5010863], [-0.1247651, 51.5010805]]}}, {"type": "Feature", "properties": {"highway": "footway", "name": "", "lanes": 2, "surface": "paving_stones", "oneway": "no", "maxspeed": "", "source_id": "osm/way/1384040580", "source": "OpenStreetMap", "licence": "ODbL 1.0"}, "geometry": {"type": "LineString", "coordinates": [[-0.1271418, 51.50731], [-0.1271438, 51.5072916]]}}, {"type": "Feature", "properties": {"highway": "footway", "name": "", "lanes": 2, "surface": "paving_stones", "oneway": "no", "maxspeed": "", "source_id": "osm/way/1384040582", "source": "OpenStreetMap", "licence": "ODbL 1.0"}, "geometry": {"type": "LineString", "coordinates": [[-0.1272349, 51.5079098], [-0.1273045, 51.5079053]]}}, {"type": "Feature", "properties": {"highway": "footway", "name": "", "lanes": 2, "surface": "paving_stones", "oneway": "no", "maxspeed": "", "source_id": "osm/way/1384041475", "source": "OpenStreetMap", "licence": "ODbL 1.0"}, "geometry": {"type": "LineString", "coordinates": [[-0.126782, 51.5079916], [-0.1268152, 51.5079917], [-0.126815, 51.5080247]]}}, {"type": "Feature", "properties": {"highway": "footway", "name": "", "lanes": 2, "surface": "asphalt", "oneway": "no", "maxspeed": "", "source_id": "osm/way/1384660793", "source": "OpenStreetMap", "licence": "ODbL 1.0"}, "geometry": {"type": "LineString", "coordinates": [[-0.1247138, 51.5010876], [-0.1247707, 51.5011018]]}}, {"type": "Feature", "properties": {"highway": "steps", "name": "", "lanes": 2, "surface": "asphalt", "oneway": "no", "maxspeed": "", "source_id": "osm/way/1384660794", "source": "OpenStreetMap", "licence": "ODbL 1.0"}, "geometry": {"type": "LineString", "coordinates": [[-0.1249807, 51.5011082], [-0.1247707, 51.5011018]]}}, {"type": "Feature", "properties": {"highway": "footway", "name": "", "lanes": 2, "surface": "asphalt", "oneway": "no", "maxspeed": "", "source_id": "osm/way/1384660795", "source": "OpenStreetMap", "licence": "ODbL 1.0"}, "geometry": {"type": "LineString", "coordinates": [[-0.1251039, 51.5009669], [-0.1250965, 51.5010903]]}}, {"type": "Feature", "properties": {"highway": "footway", "name": "", "lanes": 2, "surface": "asphalt", "oneway": "no", "maxspeed": "", "source_id": "osm/way/1384660796", "source": "OpenStreetMap", "licence": "ODbL 1.0"}, "geometry": {"type": "LineString", "coordinates": [[-0.1247585, 51.5011359], [-0.1247924, 51.5011368]]}}, {"type": "Feature", "properties": {"highway": "service", "name": "", "lanes": 2, "surface": "asphalt", "oneway": "no", "maxspeed": "", "source_id": "osm/way/1392376998", "source": "OpenStreetMap", "licence": "ODbL 1.0"}, "geometry": {"type": "LineString", "coordinates": [[-0.1271255, 51.5058745], [-0.1271071, 51.5058771]]}}, {"type": "Feature", "properties": {"highway": "service", "name": "", "lanes": 2, "surface": "asphalt", "oneway": "no", "maxspeed": "", "source_id": "osm/way/1392376999", "source": "OpenStreetMap", "licence": "ODbL 1.0"}, "geometry": {"type": "LineString", "coordinates": [[-0.1271071, 51.5058771], [-0.1270888, 51.5058797]]}}, {"type": "Feature", "properties": {"highway": "pedestrian", "name": "", "lanes": 2, "surface": "paving_stones", "oneway": "no", "maxspeed": "", "source_id": "osm/way/1392377000", "source": "OpenStreetMap", "licence": "ODbL 1.0"}, "geometry": {"type": "LineString", "coordinates": [[-0.1270777, 51.5058673], [-0.1270631, 51.5058694], [-0.127061, 51.5058696], [-0.1270542, 51.5058698], [-0.1270498, 51.5058693], [-0.1270461, 51.5058684], [-0.1270422, 51.5058669], [-0.1270393, 51.5058652], [-0.1270371, 51.5058629], [-0.1270351, 51.5058605], [-0.1269548, 51.505682], [-0.1267619, 51.5052566], [-0.1269032, 51.5054243], [-0.1269272, 51.5054278], [-0.1269271, 51.505426], [-0.1269428, 51.5054664], [-0.1269402, 51.5054672], [-0.1269388, 51.5054681], [-0.126938, 51.5054695], [-0.1269378, 51.5054709], [-0.1269381, 51.5054723], [-0.1269415, 51.5054824], [-0.1270079, 51.505678], [-0.1270115, 51.5056885], [-0.127034, 51.5057499], [-0.1270407, 51.5057489], [-0.1270792, 51.5058537], [-0.1270731, 51.5058546], [-0.1270777, 51.5058673]]}}, {"type": "Feature", "properties": {"highway": "footway", "name": "", "lanes": 2, "surface": "paving_stones", "oneway": "no", "maxspeed": "", "source_id": "osm/way/1394129044", "source": "OpenStreetMap", "licence": "ODbL 1.0"}, "geometry": {"type": "LineString", "coordinates": [[-0.1265397, 51.5022051], [-0.1263395, 51.5021942]]}}, {"type": "Feature", "properties": {"highway": "footway", "name": "", "lanes": 2, "surface": "paving_stones", "oneway": "no", "maxspeed": "", "source_id": "osm/way/1394129045", "source": "OpenStreetMap", "licence": "ODbL 1.0"}, "geometry": {"type": "LineString", "coordinates": [[-0.1265588, 51.5020761], [-0.1263615, 51.5020566]]}}, {"type": "Feature", "properties": {"highway": "footway", "name": "", "lanes": 2, "surface": "asphalt", "oneway": "no", "maxspeed": "", "source_id": "osm/way/1395709563", "source": "OpenStreetMap", "licence": "ODbL 1.0"}, "geometry": {"type": "LineString", "coordinates": [[-0.1271815, 51.5039821], [-0.1271239, 51.5039881], [-0.1271123, 51.5039409]]}}, {"type": "Feature", "properties": {"highway": "footway", "name": "", "lanes": 2, "surface": "asphalt", "oneway": "no", "maxspeed": "", "source_id": "osm/way/1395709564", "source": "OpenStreetMap", "licence": "ODbL 1.0"}, "geometry": {"type": "LineString", "coordinates": [[-0.1271427, 51.5042207], [-0.1272353, 51.5042173]]}}, {"type": "Feature", "properties": {"highway": "footway", "name": "", "lanes": 2, "surface": "asphalt", "oneway": "no", "maxspeed": "", "source_id": "osm/way/1395709566", "source": "OpenStreetMap", "licence": "ODbL 1.0"}, "geometry": {"type": "LineString", "coordinates": [[-0.1266093, 51.5042558], [-0.1264271, 51.5042677]]}}, {"type": "Feature", "properties": {"highway": "footway", "name": "", "lanes": 2, "surface": "asphalt", "oneway": "no", "maxspeed": "", "source_id": "osm/way/1395753963", "source": "OpenStreetMap", "licence": "ODbL 1.0"}, "geometry": {"type": "LineString", "coordinates": [[-0.1275479, 51.5052501], [-0.1273507, 51.5052843]]}}, {"type": "Feature", "properties": {"highway": "service", "name": "", "lanes": 2, "surface": "paving_stones", "oneway": "no", "maxspeed": "", "source_id": "osm/way/1395753967", "source": "OpenStreetMap", "licence": "ODbL 1.0"}, "geometry": {"type": "LineString", "coordinates": [[-0.1266856, 51.5052454], [-0.1267734, 51.5052307], [-0.1268239, 51.5052222]]}}, {"type": "Feature", "properties": {"highway": "footway", "name": "", "lanes": 2, "surface": "asphalt", "oneway": "no", "maxspeed": "", "source_id": "osm/way/1395753971", "source": "OpenStreetMap", "licence": "ODbL 1.0"}, "geometry": {"type": "LineString", "coordinates": [[-0.1267117, 51.5048773], [-0.126939, 51.5048472], [-0.1270701, 51.5048299]]}}, {"type": "Feature", "properties": {"highway": "footway", "name": "", "lanes": 2, "surface": "asphalt", "oneway": "no", "maxspeed": "", "source_id": "osm/way/1395753972", "source": "OpenStreetMap", "licence": "ODbL 1.0"}, "geometry": {"type": "LineString", "coordinates": [[-0.1266908, 51.5048131], [-0.1269226, 51.5047832], [-0.1270489, 51.5047668]]}}, {"type": "Feature", "properties": {"highway": "footway", "name": "", "lanes": 2, "surface": "asphalt", "oneway": "no", "maxspeed": "", "source_id": "osm/way/1395753973", "source": "OpenStreetMap", "licence": "ODbL 1.0"}, "geometry": {"type": "LineString", "coordinates": [[-0.1270701, 51.5048299], [-0.1274019, 51.5047859]]}}, {"type": "Feature", "properties": {"highway": "footway", "name": "", "lanes": 2, "surface": "asphalt", "oneway": "no", "maxspeed": "", "source_id": "osm/way/1395753974", "source": "OpenStreetMap", "licence": "ODbL 1.0"}, "geometry": {"type": "LineString", "coordinates": [[-0.1270489, 51.5047668], [-0.1273813, 51.5047245]]}}, {"type": "Feature", "properties": {"highway": "footway", "name": "", "lanes": 2, "surface": "asphalt", "oneway": "no", "maxspeed": "", "source_id": "osm/way/1395753975", "source": "OpenStreetMap", "licence": "ODbL 1.0"}, "geometry": {"type": "LineString", "coordinates": [[-0.1274019, 51.5047859], [-0.1274432, 51.5047502]]}}, {"type": "Feature", "properties": {"highway": "footway", "name": "", "lanes": 2, "surface": "asphalt", "oneway": "no", "maxspeed": "", "source_id": "osm/way/1395753976", "source": "OpenStreetMap", "licence": "ODbL 1.0"}, "geometry": {"type": "LineString", "coordinates": [[-0.1273813, 51.5047245], [-0.1274432, 51.5047502]]}}, {"type": "Feature", "properties": {"highway": "footway", "name": "", "lanes": 2, "surface": "asphalt", "oneway": "no", "maxspeed": "", "source_id": "osm/way/1395753977", "source": "OpenStreetMap", "licence": "ODbL 1.0"}, "geometry": {"type": "LineString", "coordinates": [[-0.1267117, 51.5048773], [-0.1266411, 51.5048869]]}}, {"type": "Feature", "properties": {"highway": "footway", "name": "", "lanes": 2, "surface": "asphalt", "oneway": "no", "maxspeed": "", "source_id": "osm/way/1395753978", "source": "OpenStreetMap", "licence": "ODbL 1.0"}, "geometry": {"type": "LineString", "coordinates": [[-0.1266908, 51.5048131], [-0.1266213, 51.5048217]]}}, {"type": "Feature", "properties": {"highway": "footway", "name": "", "lanes": 2, "surface": "asphalt", "oneway": "no", "maxspeed": "", "source_id": "osm/way/1395753981", "source": "OpenStreetMap", "licence": "ODbL 1.0"}, "geometry": {"type": "LineString", "coordinates": [[-0.1269751, 51.5049501], [-0.126939, 51.5048472]]}}, {"type": "Feature", "properties": {"highway": "footway", "name": "", "lanes": 2, "surface": "asphalt", "oneway": "no", "maxspeed": "", "source_id": "osm/way/1395753982", "source": "OpenStreetMap", "licence": "ODbL 1.0"}, "geometry": {"type": "LineString", "coordinates": [[-0.1269751, 51.5049501], [-0.1270308, 51.5051133]]}}, {"type": "Feature", "properties": {"highway": "footway", "name": "", "lanes": 2, "surface": "asphalt", "oneway": "no", "maxspeed": "", "source_id": "osm/way/1395753983", "source": "OpenStreetMap", "licence": "ODbL 1.0"}, "geometry": {"type": "LineString", "coordinates": [[-0.1268885, 51.5046811], [-0.1269226, 51.5047832]]}}, {"type": "Feature", "properties": {"highway": "footway", "name": "", "lanes": 2, "surface": "asphalt", "oneway": "no", "maxspeed": "", "source_id": "osm/way/1395753984", "source": "OpenStreetMap", "licence": "ODbL 1.0"}, "geometry": {"type": "LineString", "coordinates": [[-0.1268885, 51.5046811], [-0.1268347, 51.5045192]]}}, {"type": "Feature", "properties": {"highway": "primary", "name": "Northumberland Avenue", "lanes": 2, "surface": "asphalt", "oneway": "yes", "maxspeed": "20 mph", "source_id": "osm/way/1413595966", "source": "OpenStreetMap", "licence": "ODbL 1.0"}, "geometry": {"type": "LineString", "coordinates": [[-0.1270539, 51.5073206], [-0.1271061, 51.5073276], [-0.127134, 51.5073296], [-0.1271989, 51.5073287], [-0.1272737, 51.5073172], [-0.1273415, 51.507302]]}}, {"type": "Feature", "properties": {"highway": "footway", "name": "", "lanes": 2, "surface": "paving_stones", "oneway": "no", "maxspeed": "", "source_id": "osm/way/1413595967", "source": "OpenStreetMap", "licence": "ODbL 1.0"}, "geometry": {"type": "LineString", "coordinates": [[-0.1273515, 51.507136], [-0.127393, 51.5071341]]}}, {"type": "Feature", "properties": {"highway": "footway", "name": "", "lanes": 2, "surface": "paving_stones", "oneway": "no", "maxspeed": "", "source_id": "osm/way/1413595968", "source": "OpenStreetMap", "licence": "ODbL 1.0"}, "geometry": {"type": "LineString", "coordinates": [[-0.1269868, 51.5074558], [-0.1270205, 51.5074255]]}}, {"type": "Feature", "properties": {"highway": "footway", "name": "", "lanes": 2, "surface": "paving_stones", "oneway": "no", "maxspeed": "", "source_id": "osm/way/1413595969", "source": "OpenStreetMap", "licence": "ODbL 1.0"}, "geometry": {"type": "LineString", "coordinates": [[-0.127088, 51.5075507], [-0.1270185, 51.5075452]]}}, {"type": "Feature", "properties": {"highway": "footway", "name": "", "lanes": 2, "surface": "paving_stones", "oneway": "no", "maxspeed": "", "source_id": "osm/way/1413595971", "source": "OpenStreetMap", "licence": "ODbL 1.0"}, "geometry": {"type": "LineString", "coordinates": [[-0.127843, 51.5074147], [-0.1277135, 51.5074487], [-0.1276287, 51.507451], [-0.1274771, 51.5074521]]}}, {"type": "Feature", "properties": {"highway": "footway", "name": "", "lanes": 2, "surface": "asphalt", "oneway": "no", "maxspeed": "", "source_id": "osm/way/1422133254", "source": "OpenStreetMap", "licence": "ODbL 1.0"}, "geometry": {"type": "LineString", "coordinates": [[-0.1234274, 51.5064845], [-0.123321, 51.5065756], [-0.1233066, 51.5065959]]}}, {"type": "Feature", "properties": {"highway": "footway", "name": "", "lanes": 2, "surface": "asphalt", "oneway": "no", "maxspeed": "", "source_id": "osm/way/1422135727", "source": "OpenStreetMap", "licence": "ODbL 1.0"}, "geometry": {"type": "LineString", "coordinates": [[-0.1232488, 51.5065837], [-0.123064, 51.506568], [-0.1229409, 51.5065364], [-0.1227857, 51.506478], [-0.1226999, 51.5064148]]}}, {"type": "Feature", "properties": {"highway": "steps", "name": "", "lanes": 2, "surface": "paving_stones", "oneway": "no", "maxspeed": "", "source_id": "osm/way/1425245713", "source": "OpenStreetMap", "licence": "ODbL 1.0"}, "geometry": {"type": "LineString", "coordinates": [[-0.122138, 51.5071994], [-0.1221192, 51.5071934]]}}, {"type": "Feature", "properties": {"highway": "service", "name": "", "lanes": 2, "surface": "asphalt", "oneway": "yes", "maxspeed": "", "source_id": "osm/way/1425625515", "source": "OpenStreetMap", "licence": "ODbL 1.0"}, "geometry": {"type": "LineString", "coordinates": [[-0.1256246, 51.5006641], [-0.1251536, 51.5006501]]}}, {"type": "Feature", "properties": {"highway": "service", "name": "", "lanes": 2, "surface": "asphalt", "oneway": "no", "maxspeed": "", "source_id": "osm/way/1425625516", "source": "OpenStreetMap", "licence": "ODbL 1.0"}, "geometry": {"type": "LineString", "coordinates": [[-0.1248226, 51.5003039], [-0.1245151, 51.5002812]]}}, {"type": "Feature", "properties": {"highway": "service", "name": "", "lanes": 2, "surface": "asphalt", "oneway": "no", "maxspeed": "", "source_id": "osm/way/1425625517", "source": "OpenStreetMap", "licence": "ODbL 1.0"}, "geometry": {"type": "LineString", "coordinates": [[-0.1244904, 51.5004102], [-0.1247985, 51.5004301]]}}, {"type": "Feature", "properties": {"highway": "service", "name": "", "lanes": 2, "surface": "asphalt", "oneway": "no", "maxspeed": "", "source_id": "osm/way/1425625518", "source": "OpenStreetMap", "licence": "ODbL 1.0"}, "geometry": {"type": "LineString", "coordinates": [[-0.1243814, 51.4997502], [-0.1243679, 51.4998222], [-0.1243199, 51.5000778]]}}, {"type": "Feature", "properties": {"highway": "service", "name": "", "lanes": 2, "surface": "asphalt", "oneway": "no", "maxspeed": "", "source_id": "osm/way/1425625519", "source": "OpenStreetMap", "licence": "ODbL 1.0"}, "geometry": {"type": "LineString", "coordinates": [[-0.1243199, 51.5000778], [-0.1243014, 51.5001718]]}}, {"type": "Feature", "properties": {"highway": "service", "name": "", "lanes": 2, "surface": "asphalt", "oneway": "no", "maxspeed": "", "source_id": "osm/way/1425625525", "source": "OpenStreetMap", "licence": "ODbL 1.0"}, "geometry": {"type": "LineString", "coordinates": [[-0.1244067, 51.4996154], [-0.1244355, 51.4994612]]}}, {"type": "Feature", "properties": {"highway": "service", "name": "", "lanes": 2, "surface": "asphalt", "oneway": "no", "maxspeed": "", "source_id": "osm/way/1425625529", "source": "OpenStreetMap", "licence": "ODbL 1.0"}, "geometry": {"type": "LineString", "coordinates": [[-0.1243814, 51.4997502], [-0.1243946, 51.49968], [-0.1244067, 51.4996154]]}}, {"type": "Feature", "properties": {"highway": "service", "name": "", "lanes": 2, "surface": "asphalt", "oneway": "no", "maxspeed": "", "source_id": "osm/way/1425625533", "source": "OpenStreetMap", "licence": "ODbL 1.0"}, "geometry": {"type": "LineString", "coordinates": [[-0.124423, 51.499753], [-0.1243679, 51.4998222]]}}, {"type": "Feature", "properties": {"highway": "service", "name": "", "lanes": 2, "surface": "asphalt", "oneway": "no", "maxspeed": "", "source_id": "osm/way/1425625534", "source": "OpenStreetMap", "licence": "ODbL 1.0"}, "geometry": {"type": "LineString", "coordinates": [[-0.124423, 51.499753], [-0.1244485, 51.4996185]]}}, {"type": "Feature", "properties": {"highway": "service", "name": "", "lanes": 2, "surface": "asphalt", "oneway": "no", "maxspeed": "", "source_id": "osm/way/1425625535", "source": "OpenStreetMap", "licence": "ODbL 1.0"}, "geometry": {"type": "LineString", "coordinates": [[-0.1244485, 51.4996185], [-0.1245041, 51.4994664]]}}, {"type": "Feature", "properties": {"highway": "service", "name": "", "lanes": 2, "surface": "asphalt", "oneway": "no", "maxspeed": "", "source_id": "osm/way/1425628058", "source": "OpenStreetMap", "licence": "ODbL 1.0"}, "geometry": {"type": "LineString", "coordinates": [[-0.123969, 51.4996501], [-0.1243946, 51.49968]]}}, {"type": "Feature", "properties": {"highway": "footway", "name": "", "lanes": 2, "surface": "paved", "oneway": "no", "maxspeed": "", "source_id": "osm/way/1426439081", "source": "OpenStreetMap", "licence": "ODbL 1.0"}, "geometry": {"type": "LineString", "coordinates": [[-0.1220515, 51.5077992], [-0.1219164, 51.5077578]]}}, {"type": "Feature", "properties": {"highway": "footway", "name": "", "lanes": 2, "surface": "paved", "oneway": "no", "maxspeed": "", "source_id": "osm/way/1426439082", "source": "OpenStreetMap", "licence": "ODbL 1.0"}, "geometry": {"type": "LineString", "coordinates": [[-0.1219164, 51.5077578], [-0.1219255, 51.5077463]]}}, {"type": "Feature", "properties": {"highway": "residential", "name": "Horse Guards Avenue", "lanes": 1, "surface": "asphalt", "oneway": "yes", "maxspeed": "20 mph", "source_id": "osm/way/1431520004", "source": "OpenStreetMap", "licence": "ODbL 1.0"}, "geometry": {"type": "LineString", "coordinates": [[-0.1258755, 51.5048918], [-0.1259071, 51.5048623], [-0.1260654, 51.504819]]}}, {"type": "Feature", "properties": {"highway": "footway", "name": "", "lanes": 2, "surface": "paving_stones", "oneway": "no", "maxspeed": "", "source_id": "osm/way/1431943547", "source": "OpenStreetMap", "licence": "ODbL 1.0"}, "geometry": {"type": "LineString", "coordinates": [[-0.1262637, 51.503365], [-0.1263023, 51.5033648]]}}, {"type": "Feature", "properties": {"highway": "footway", "name": "", "lanes": 2, "surface": "paving_stones", "oneway": "no", "maxspeed": "", "source_id": "osm/way/1431943548", "source": "OpenStreetMap", "licence": "ODbL 1.0"}, "geometry": {"type": "LineString", "coordinates": [[-0.1259572, 51.5033672], [-0.1259759, 51.503367]]}}, {"type": "Feature", "properties": {"highway": "steps", "name": "", "lanes": 2, "surface": "paving_stones", "oneway": "no", "maxspeed": "", "source_id": "osm/way/1432354102", "source": "OpenStreetMap", "licence": "ODbL 1.0"}, "geometry": {"type": "LineString", "coordinates": [[-0.1273003, 51.5004049], [-0.1272484, 51.5003922]]}}, {"type": "Feature", "properties": {"highway": "footway", "name": "", "lanes": 2, "surface": "paving_stones", "oneway": "no", "maxspeed": "", "source_id": "osm/way/1432354103", "source": "OpenStreetMap", "licence": "ODbL 1.0"}, "geometry": {"type": "LineString", "coordinates": [[-0.1272484, 51.5003922], [-0.1271965, 51.5003814]]}}, {"type": "Feature", "properties": {"highway": "service", "name": "", "lanes": 2, "surface": "asphalt", "oneway": "yes", "maxspeed": "", "source_id": "osm/way/1444384320", "source": "OpenStreetMap", "licence": "ODbL 1.0"}, "geometry": {"type": "LineString", "coordinates": [[-0.125687, 51.5004336], [-0.1257084, 51.5004512], [-0.1257242, 51.5004655], [-0.125737, 51.5004808], [-0.1257449, 51.5004942], [-0.1257502, 51.5005088], [-0.1257525, 51.5005248], [-0.1257525, 51.5005407], [-0.1257515, 51.5005573], [-0.1257499, 51.500576], [-0.1257458, 51.5005925], [-0.1257385, 51.5006083], [-0.1257283, 51.5006214], [-0.1257172, 51.5006315], [-0.1257029, 51.5006404], [-0.1256878, 51.5006483], [-0.1256724, 51.5006543], [-0.1256555, 51.5006598], [-0.1256385, 51.5006632], [-0.1256246, 51.5006641]]}}, {"type": "Feature", "properties": {"highway": "service", "name": "", "lanes": 2, "surface": "asphalt", "oneway": "yes", "maxspeed": "", "source_id": "osm/way/1444384325", "source": "OpenStreetMap", "licence": "ODbL 1.0"}, "geometry": {"type": "LineString", "coordinates": [[-0.1250353, 51.5006817], [-0.1250145, 51.5006801], [-0.1249933, 51.5006767], [-0.1249761, 51.5006723], [-0.124956, 51.500665], [-0.1249382, 51.500654], [-0.1249228, 51.5006417], [-0.124908, 51.5006269], [-0.1248956, 51.5006112], [-0.1248856, 51.5005945], [-0.1248772, 51.5005774], [-0.1248728, 51.500563], [-0.1248694, 51.5005461], [-0.1248694, 51.5005284]]}}, {"type": "Feature", "properties": {"highway": "service", "name": "", "lanes": 2, "surface": "asphalt", "oneway": "no", "maxspeed": "", "source_id": "osm/way/1444384326", "source": "OpenStreetMap", "licence": "ODbL 1.0"}, "geometry": {"type": "LineString", "coordinates": [[-0.125687, 51.5004336], [-0.1256694, 51.5004225], [-0.1256495, 51.5004122], [-0.1256294, 51.5004036], [-0.1256028, 51.5003946], [-0.1255693, 51.5003856], [-0.1255108, 51.5003708], [-0.1254551, 51.5003583], [-0.1253996, 51.500347], [-0.1253396, 51.5003363]]}}, {"type": "Feature", "properties": {"highway": "pedestrian", "name": "Tyburn Quay", "lanes": 2, "surface": "asphalt", "oneway": "no", "maxspeed": "", "source_id": "osm/way/1457342558", "source": "OpenStreetMap", "licence": "ODbL 1.0"}, "geometry": {"type": "LineString", "coordinates": [[-0.1225508, 51.5057398], [-0.1225101, 51.5057336], [-0.1225022, 51.5057554], [-0.1223105, 51.5057249], [-0.1223577, 51.5056099], [-0.1222049, 51.5055856], [-0.1222904, 51.5053771], [-0.1224956, 51.5054097], [-0.1225548, 51.5052655], [-0.1226867, 51.5052871], [-0.1227275, 51.5052933], [-0.1225626, 51.50571], [-0.1225508, 51.5057398]]}}, {"type": "Feature", "properties": {"highway": "service", "name": "", "lanes": 2, "surface": "asphalt", "oneway": "no", "maxspeed": "", "source_id": "osm/way/1457455329", "source": "OpenStreetMap", "licence": "ODbL 1.0"}, "geometry": {"type": "LineString", "coordinates": [[-0.1254809, 51.504938], [-0.1255106, 51.5050133], [-0.1255258, 51.505052]]}}, {"type": "Feature", "properties": {"highway": "service", "name": "", "lanes": 2, "surface": "asphalt", "oneway": "no", "maxspeed": "", "source_id": "osm/way/1457455330", "source": "OpenStreetMap", "licence": "ODbL 1.0"}, "geometry": {"type": "LineString", "coordinates": [[-0.1255258, 51.505052], [-0.1255849, 51.5051828]]}}, {"type": "Feature", "properties": {"highway": "service", "name": "", "lanes": 2, "surface": "asphalt", "oneway": "no", "maxspeed": "", "source_id": "osm/way/1457455331", "source": "OpenStreetMap", "licence": "ODbL 1.0"}, "geometry": {"type": "LineString", "coordinates": [[-0.1255849, 51.5051828], [-0.1256064, 51.5052326]]}}, {"type": "Feature", "properties": {"highway": "service", "name": "", "lanes": 2, "surface": "asphalt", "oneway": "no", "maxspeed": "", "source_id": "osm/way/1457455333", "source": "OpenStreetMap", "licence": "ODbL 1.0"}, "geometry": {"type": "LineString", "coordinates": [[-0.125732, 51.5052847], [-0.1257312, 51.5053058], [-0.1257192, 51.5053256], [-0.1256974, 51.5053418], [-0.1256683, 51.5053526], [-0.125635, 51.5053568], [-0.1256025, 51.5053542], [-0.1255731, 51.5053452], [-0.1255497, 51.5053309], [-0.1255349, 51.5053127], [-0.1255303, 51.5052925], [-0.1255362, 51.5052724], [-0.1255521, 51.5052545], [-0.1255764, 51.5052408], [-0.1256064, 51.5052326], [-0.1256402, 51.5052308], [-0.125673, 51.5052361], [-0.1257012, 51.5052478], [-0.1257217, 51.5052646], [-0.125732, 51.5052847]]}}, {"type": "Feature", "properties": {"highway": "footway", "name": "", "lanes": 2, "surface": "paving_stones", "oneway": "no", "maxspeed": "", "source_id": "osm/way/1461911230", "source": "OpenStreetMap", "licence": "ODbL 1.0"}, "geometry": {"type": "LineString", "coordinates": [[-0.1238662, 51.503503], [-0.1237503, 51.5034894], [-0.1237177, 51.5034856]]}}, {"type": "Feature", "properties": {"highway": "footway", "name": "", "lanes": 2, "surface": "paving_stones", "oneway": "no", "maxspeed": "", "source_id": "osm/way/1461911232", "source": "OpenStreetMap", "licence": "ODbL 1.0"}, "geometry": {"type": "LineString", "coordinates": [[-0.1236545, 51.5041991], [-0.1235382, 51.5041853], [-0.123505, 51.5041813]]}}, {"type": "Feature", "properties": {"highway": "path", "name": "", "lanes": 2, "surface": "paved", "oneway": "no", "maxspeed": "", "source_id": "osm/way/1482368434", "source": "OpenStreetMap", "licence": "ODbL 1.0"}, "geometry": {"type": "LineString", "coordinates": [[-0.1220219, 51.5077569], [-0.1220737, 51.5077817]]}}, {"type": "Feature", "properties": {"highway": "footway", "name": "", "lanes": 2, "surface": "asphalt", "oneway": "no", "maxspeed": "", "source_id": "osm/way/1486694204", "source": "OpenStreetMap", "licence": "ODbL 1.0"}, "geometry": {"type": "LineString", "coordinates": [[-0.1268841, 51.5016357], [-0.1272256, 51.5016555]]}}, {"type": "Feature", "properties": {"highway": "footway", "name": "", "lanes": 2, "surface": "asphalt", "oneway": "no", "maxspeed": "", "source_id": "osm/way/1486694206", "source": "OpenStreetMap", "licence": "ODbL 1.0"}, "geometry": {"type": "LineString", "coordinates": [[-0.1272256, 51.5016555], [-0.1274491, 51.5016674]]}}, {"type": "Feature", "properties": {"highway": "footway", "name": "", "lanes": 2, "surface": "asphalt", "oneway": "no", "maxspeed": "", "source_id": "osm/way/1486694207", "source": "OpenStreetMap", "licence": "ODbL 1.0"}, "geometry": {"type": "LineString", "coordinates": [[-0.127816, 51.5016879], [-0.1274491, 51.5016674]]}}, {"type": "Feature", "properties": {"highway": "primary_link", "name": "", "lanes": 2, "surface": "asphalt", "oneway": "no", "maxspeed": "", "source_id": "osm/way/1487552050", "source": "OpenStreetMap", "licence": "ODbL 1.0"}, "geometry": {"type": "LineString", "coordinates": [[-0.1261132, 51.5040077], [-0.1262787, 51.5040002]]}}, {"type": "Feature", "properties": {"highway": "footway", "name": "", "lanes": 2, "surface": "asphalt", "oneway": "no", "maxspeed": "", "source_id": "osm/way/1489355494", "source": "OpenStreetMap", "licence": "ODbL 1.0"}, "geometry": {"type": "LineString", "coordinates": [[-0.1233014, 51.5066002], [-0.1232965, 51.5066042], [-0.1232488, 51.5065837]]}}, {"type": "Feature", "properties": {"highway": "footway", "name": "", "lanes": 2, "surface": "asphalt", "oneway": "no", "maxspeed": "", "source_id": "osm/way/1489355495", "source": "OpenStreetMap", "licence": "ODbL 1.0"}, "geometry": {"type": "LineString", "coordinates": [[-0.1233066, 51.5065959], [-0.1233014, 51.5066002]]}}, {"type": "Feature", "properties": {"highway": "footway", "name": "", "lanes": 2, "surface": "asphalt", "oneway": "no", "maxspeed": "", "source_id": "osm/way/1489355496", "source": "OpenStreetMap", "licence": "ODbL 1.0"}, "geometry": {"type": "LineString", "coordinates": [[-0.1233066, 51.5065959], [-0.1233142, 51.5065975]]}}, {"type": "Feature", "properties": {"highway": "footway", "name": "", "lanes": 2, "surface": "paving_stones", "oneway": "no", "maxspeed": "", "source_id": "osm/way/1497992033", "source": "OpenStreetMap", "licence": "ODbL 1.0"}, "geometry": {"type": "LineString", "coordinates": [[-0.1259946, 51.5004974], [-0.1259966, 51.5004707]]}}, {"type": "Feature", "properties": {"highway": "footway", "name": "", "lanes": 2, "surface": "paving_stones", "oneway": "no", "maxspeed": "", "source_id": "osm/way/1497992034", "source": "OpenStreetMap", "licence": "ODbL 1.0"}, "geometry": {"type": "LineString", "coordinates": [[-0.1259837, 51.5006566], [-0.1259857, 51.5006333]]}}, {"type": "Feature", "properties": {"highway": "footway", "name": "", "lanes": 2, "surface": "asphalt", "oneway": "no", "maxspeed": "", "source_id": "osm/way/1498930685", "source": "OpenStreetMap", "licence": "ODbL 1.0"}, "geometry": {"type": "LineString", "coordinates": [[-0.1272852, 51.5002108], [-0.1274176, 51.5002083], [-0.1274592, 51.5002129]]}}, {"type": "Feature", "properties": {"highway": "footway", "name": "", "lanes": 2, "surface": "asphalt", "oneway": "no", "maxspeed": "", "source_id": "osm/way/1498930686", "source": "OpenStreetMap", "licence": "ODbL 1.0"}, "geometry": {"type": "LineString", "coordinates": [[-0.1272852, 51.5002108], [-0.1271994, 51.5002078]]}}, {"type": "Feature", "properties": {"highway": "footway", "name": "", "lanes": 2, "surface": "asphalt", "oneway": "no", "maxspeed": "", "source_id": "osm/way/1498930689", "source": "OpenStreetMap", "licence": "ODbL 1.0"}, "geometry": {"type": "LineString", "coordinates": [[-0.1271994, 51.5002078], [-0.1271949, 51.5002076]]}}, {"type": "Feature", "properties": {"highway": "footway", "name": "", "lanes": 2, "surface": "asphalt", "oneway": "no", "maxspeed": "", "source_id": "osm/way/1498955276", "source": "OpenStreetMap", "licence": "ODbL 1.0"}, "geometry": {"type": "LineString", "coordinates": [[-0.1273131, 51.5031755], [-0.1275722, 51.5031962], [-0.1276824, 51.5032053], [-0.1279316, 51.5032201]]}}, {"type": "Feature", "properties": {"highway": "footway", "name": "", "lanes": 2, "surface": "asphalt", "oneway": "no", "maxspeed": "", "source_id": "osm/way/1498955277", "source": "OpenStreetMap", "licence": "ODbL 1.0"}, "geometry": {"type": "LineString", "coordinates": [[-0.1273131, 51.5031755], [-0.1272215, 51.5031745], [-0.1263531, 51.50315]]}}, {"type": "Feature", "properties": {"highway": "footway", "name": "", "lanes": 2, "surface": "asphalt", "oneway": "no", "maxspeed": "", "source_id": "osm/way/1498955278", "source": "OpenStreetMap", "licence": "ODbL 1.0"}, "geometry": {"type": "LineString", "coordinates": [[-0.1264432, 51.5010853], [-0.1264587, 51.5010218], [-0.1264627, 51.5009726]]}}, {"type": "Feature", "properties": {"highway": "footway", "name": "", "lanes": 2, "surface": "asphalt", "oneway": "no", "maxspeed": "", "source_id": "osm/way/1499178266", "source": "OpenStreetMap", "licence": "ODbL 1.0"}, "geometry": {"type": "LineString", "coordinates": [[-0.1258959, 51.5019714], [-0.1254993, 51.5019634]]}}, {"type": "Feature", "properties": {"highway": "footway", "name": "", "lanes": 2, "surface": "asphalt", "oneway": "no", "maxspeed": "", "source_id": "osm/way/1499178267", "source": "OpenStreetMap", "licence": "ODbL 1.0"}, "geometry": {"type": "LineString", "coordinates": [[-0.1258861, 51.502047], [-0.1255153, 51.5020279]]}}, {"type": "Feature", "properties": {"highway": "footway", "name": "", "lanes": 2, "surface": "asphalt", "oneway": "no", "maxspeed": "", "source_id": "osm/way/1499178268", "source": "OpenStreetMap", "licence": "ODbL 1.0"}, "geometry": {"type": "LineString", "coordinates": [[-0.1255173, 51.5042325], [-0.1255293, 51.5047488]]}}, {"type": "Feature", "properties": {"highway": "footway", "name": "", "lanes": 2, "surface": "asphalt", "oneway": "no", "maxspeed": "", "source_id": "osm/way/1499178269", "source": "OpenStreetMap", "licence": "ODbL 1.0"}, "geometry": {"type": "LineString", "coordinates": [[-0.1243609, 51.5032182], [-0.1249357, 51.5032394], [-0.1254121, 51.5032467]]}}, {"type": "Feature", "properties": {"highway": "footway", "name": "", "lanes": 2, "surface": "asphalt", "oneway": "no", "maxspeed": "", "source_id": "osm/way/1499178270", "source": "OpenStreetMap", "licence": "ODbL 1.0"}, "geometry": {"type": "LineString", "coordinates": [[-0.1254121, 51.5032467], [-0.1258576, 51.5032366], [-0.1258757, 51.5032305], [-0.125872, 51.5031984]]}}, {"type": "Feature", "properties": {"highway": "footway", "name": "Whitehall", "lanes": 2, "surface": "paving_stones", "oneway": "no", "maxspeed": "", "source_id": "osm/way/1499178271", "source": "OpenStreetMap", "licence": "ODbL 1.0"}, "geometry": {"type": "LineString", "coordinates": [[-0.1258615, 51.5031918], [-0.1258593, 51.5031829]]}}, {"type": "Feature", "properties": {"highway": "footway", "name": "", "lanes": 2, "surface": "paving_stones", "oneway": "no", "maxspeed": "", "source_id": "osm/way/1499178272", "source": "OpenStreetMap", "licence": "ODbL 1.0"}, "geometry": {"type": "LineString", "coordinates": [[-0.1258942, 51.5019878], [-0.1258948, 51.5019821], [-0.1258959, 51.5019714]]}}, {"type": "Feature", "properties": {"highway": "footway", "name": "", "lanes": 2, "surface": "asphalt", "oneway": "no", "maxspeed": "", "source_id": "osm/way/1499178273", "source": "OpenStreetMap", "licence": "ODbL 1.0"}, "geometry": {"type": "LineString", "coordinates": [[-0.1255293, 51.5047488], [-0.1255414, 51.5047651], [-0.1255581, 51.504768], [-0.1255682, 51.5047795], [-0.1255904, 51.5047818], [-0.1257852, 51.5047549]]}}, {"type": "Feature", "properties": {"highway": "footway", "name": "", "lanes": 2, "surface": "asphalt", "oneway": "no", "maxspeed": "", "source_id": "osm/way/1499209716", "source": "OpenStreetMap", "licence": "ODbL 1.0"}, "geometry": {"type": "LineString", "coordinates": [[-0.1230622, 51.5066521], [-0.1225103, 51.5065336]]}}, {"type": "Feature", "properties": {"highway": "footway", "name": "", "lanes": 2, "surface": "asphalt", "oneway": "no", "maxspeed": "", "source_id": "osm/way/1517304759", "source": "OpenStreetMap", "licence": "ODbL 1.0"}, "geometry": {"type": "LineString", "coordinates": [[-0.1264591, 51.5056434], [-0.1264361, 51.5056747], [-0.126347, 51.5056987], [-0.1263062, 51.5056875], [-0.1246042, 51.506136]]}}, {"type": "Feature", "properties": {"highway": "footway", "name": "", "lanes": 2, "surface": "asphalt", "oneway": "no", "maxspeed": "", "source_id": "osm/way/1517306150", "source": "OpenStreetMap", "licence": "ODbL 1.0"}, "geometry": {"type": "LineString", "coordinates": [[-0.1264591, 51.5056434], [-0.1246042, 51.506136]]}}, {"type": "Feature", "properties": {"highway": "steps", "name": "", "lanes": 2, "surface": "asphalt", "oneway": "no", "maxspeed": "", "source_id": "osm/way/1534955974", "source": "OpenStreetMap", "licence": "ODbL 1.0"}, "geometry": {"type": "LineString", "coordinates": [[-0.1222724, 51.5072551], [-0.1223485, 51.5071556]]}}, {"type": "Feature", "properties": {"highway": "corridor", "name": "", "lanes": 2, "surface": "asphalt", "oneway": "no", "maxspeed": "", "source_id": "osm/way/1534955975", "source": "OpenStreetMap", "licence": "ODbL 1.0"}, "geometry": {"type": "LineString", "coordinates": [[-0.1224282, 51.5071684], [-0.1223529, 51.5071489], [-0.1223485, 51.5071556]]}}, {"type": "Feature", "properties": {"highway": "steps", "name": "", "lanes": 2, "surface": "asphalt", "oneway": "no", "maxspeed": "", "source_id": "osm/way/1534955976", "source": "OpenStreetMap", "licence": "ODbL 1.0"}, "geometry": {"type": "LineString", "coordinates": [[-0.1221979, 51.5073002], [-0.1222794, 51.507203]]}}, {"type": "Feature", "properties": {"highway": "steps", "name": "", "lanes": 2, "surface": "asphalt", "oneway": "no", "maxspeed": "", "source_id": "osm/way/1534955977", "source": "OpenStreetMap", "licence": "ODbL 1.0"}, "geometry": {"type": "LineString", "coordinates": [[-0.1223873, 51.5070599], [-0.1223089, 51.5071628]]}}, {"type": "Feature", "properties": {"highway": "steps", "name": "", "lanes": 2, "surface": "asphalt", "oneway": "no", "maxspeed": "", "source_id": "osm/way/1534955978", "source": "OpenStreetMap", "licence": "ODbL 1.0"}, "geometry": {"type": "LineString", "coordinates": [[-0.1225424, 51.5071246], [-0.122455, 51.5072356]]}}, {"type": "Feature", "properties": {"highway": "corridor", "name": "", "lanes": 2, "surface": "asphalt", "oneway": "no", "maxspeed": "", "source_id": "osm/way/1534955979", "source": "OpenStreetMap", "licence": "ODbL 1.0"}, "geometry": {"type": "LineString", "coordinates": [[-0.122463, 51.5071905], [-0.122483, 51.5071946]]}}, {"type": "Feature", "properties": {"highway": "corridor", "name": "", "lanes": 2, "surface": "asphalt", "oneway": "no", "maxspeed": "", "source_id": "osm/way/1534955980", "source": "OpenStreetMap", "licence": "ODbL 1.0"}, "geometry": {"type": "LineString", "coordinates": [[-0.1223804, 51.5071695], [-0.1223637, 51.5071655], [-0.1223465, 51.5071613]]}}, {"type": "Feature", "properties": {"highway": "corridor", "name": "", "lanes": 2, "surface": "asphalt", "oneway": "no", "maxspeed": "", "source_id": "osm/way/1534955981", "source": "OpenStreetMap", "licence": "ODbL 1.0"}, "geometry": {"type": "LineString", "coordinates": [[-0.1224072, 51.5072642], [-0.1224274, 51.5072708]]}}, {"type": "Feature", "properties": {"highway": "steps", "name": "", "lanes": 2, "surface": "asphalt", "oneway": "no", "maxspeed": "", "source_id": "osm/way/1534955983", "source": "OpenStreetMap", "licence": "ODbL 1.0"}, "geometry": {"type": "LineString", "coordinates": [[-0.122455, 51.5072356], [-0.1224274, 51.5072708]]}}, {"type": "Feature", "properties": {"highway": "steps", "name": "", "lanes": 2, "surface": "asphalt", "oneway": "no", "maxspeed": "", "source_id": "osm/way/1534955984", "source": "OpenStreetMap", "licence": "ODbL 1.0"}, "geometry": {"type": "LineString", "coordinates": [[-0.122483, 51.5071946], [-0.1224965, 51.5071765], [-0.1224476, 51.5071632]]}}, {"type": "Feature", "properties": {"highway": "steps", "name": "", "lanes": 2, "surface": "asphalt", "oneway": "no", "maxspeed": "", "source_id": "osm/way/1534955985", "source": "OpenStreetMap", "licence": "ODbL 1.0"}, "geometry": {"type": "LineString", "coordinates": [[-0.1223637, 51.5071655], [-0.1223775, 51.5071449], [-0.1224224, 51.5071562]]}}, {"type": "Feature", "properties": {"highway": "corridor", "name": "", "lanes": 2, "surface": "asphalt", "oneway": "no", "maxspeed": "", "source_id": "osm/way/1534955986", "source": "OpenStreetMap", "licence": "ODbL 1.0"}, "geometry": {"type": "LineString", "coordinates": [[-0.1224476, 51.5071632], [-0.1224345, 51.5071596], [-0.1224224, 51.5071562]]}}, {"type": "Feature", "properties": {"highway": "steps", "name": "", "lanes": 2, "surface": "asphalt", "oneway": "no", "maxspeed": "", "source_id": "osm/way/1534955987", "source": "OpenStreetMap", "licence": "ODbL 1.0"}, "geometry": {"type": "LineString", "coordinates": [[-0.1223253, 51.5071948], [-0.1223047, 51.50722]]}}, {"type": "Feature", "properties": {"highway": "steps", "name": "", "lanes": 2, "surface": "asphalt", "oneway": "no", "maxspeed": "", "source_id": "osm/way/1534955988", "source": "OpenStreetMap", "licence": "ODbL 1.0"}, "geometry": {"type": "LineString", "coordinates": [[-0.1222646, 51.5072712], [-0.1222882, 51.5072412]]}}, {"type": "Feature", "properties": {"highway": "corridor", "name": "", "lanes": 2, "surface": "asphalt", "oneway": "no", "maxspeed": "", "source_id": "osm/way/1534955989", "source": "OpenStreetMap", "licence": "ODbL 1.0"}, "geometry": {"type": "LineString", "coordinates": [[-0.1222882, 51.5072412], [-0.1222978, 51.5072303], [-0.1223047, 51.50722]]}}, {"type": "Feature", "properties": {"highway": "corridor", "name": "", "lanes": 2, "surface": "asphalt", "oneway": "no", "maxspeed": "", "source_id": "osm/way/1534955990", "source": "OpenStreetMap", "licence": "ODbL 1.0"}, "geometry": {"type": "LineString", "coordinates": [[-0.1223332, 51.5072411], [-0.1223131, 51.5072349], [-0.1222978, 51.5072303]]}}, {"type": "Feature", "properties": {"highway": "steps", "name": "", "lanes": 2, "surface": "asphalt", "oneway": "no", "maxspeed": "", "source_id": "osm/way/1534955992", "source": "OpenStreetMap", "licence": "ODbL 1.0"}, "geometry": {"type": "LineString", "coordinates": [[-0.1223407, 51.5071997], [-0.1223131, 51.5072349]]}}, {"type": "Feature", "properties": {"highway": "corridor", "name": "", "lanes": 2, "surface": "asphalt", "oneway": "no", "maxspeed": "", "source_id": "osm/way/1534955993", "source": "OpenStreetMap", "licence": "ODbL 1.0"}, "geometry": {"type": "LineString", "coordinates": [[-0.1222794, 51.507203], [-0.1222922, 51.5071846], [-0.1223089, 51.5071628]]}}, {"type": "Feature", "properties": {"highway": "steps", "name": "", "lanes": 2, "surface": "asphalt", "oneway": "no", "maxspeed": "", "source_id": "osm/way/1534955994", "source": "OpenStreetMap", "licence": "ODbL 1.0"}, "geometry": {"type": "LineString", "coordinates": [[-0.1223199, 51.5071934], [-0.1222922, 51.5071846]]}}, {"type": "Feature", "properties": {"highway": "corridor", "name": "", "lanes": 2, "surface": "asphalt", "oneway": "no", "maxspeed": "", "source_id": "osm/way/1534955995", "source": "OpenStreetMap", "licence": "ODbL 1.0"}, "geometry": {"type": "LineString", "coordinates": [[-0.1224857, 51.5072454], [-0.122455, 51.5072356], [-0.1223944, 51.507216], [-0.1223407, 51.5071997], [-0.1223199, 51.5071934]]}}, {"type": "Feature", "properties": {"highway": "corridor", "name": "", "lanes": 2, "surface": "asphalt", "oneway": "no", "maxspeed": "", "source_id": "osm/way/1534955996", "source": "OpenStreetMap", "licence": "ODbL 1.0"}, "geometry": {"type": "LineString", "coordinates": [[-0.1223527, 51.5072688], [-0.1223647, 51.5072514], [-0.1223944, 51.507216], [-0.1224282, 51.5071684], [-0.1224345, 51.5071596], [-0.1224224, 51.5071562]]}}, {"type": "Feature", "properties": {"highway": "service", "name": "Commissioner's Yard", "lanes": 2, "surface": "asphalt", "oneway": "no", "maxspeed": "", "source_id": "osm/way/1535850143", "source": "OpenStreetMap", "licence": "ODbL 1.0"}, "geometry": {"type": "LineString", "coordinates": [[-0.1248582, 51.5019768], [-0.1249861, 51.5019788], [-0.1251058, 51.5019809]]}}, {"type": "Feature", "properties": {"highway": "service", "name": "Commissioner's Yard", "lanes": 2, "surface": "asphalt", "oneway": "no", "maxspeed": "", "source_id": "osm/way/1535850144", "source": "OpenStreetMap", "licence": "ODbL 1.0"}, "geometry": {"type": "LineString", "coordinates": [[-0.1247973, 51.5019758], [-0.1248582, 51.5019768]]}}]}