{"type": "FeatureCollection", "features": [{"type": "Feature", "properties": {"water": "river", "name": "River Thames", "source_id": "osm/way/1680657", "source": "OpenStreetMap", "licence": "ODbL 1.0"}, "geometry": {"type": "Polygon", "coordinates": [[[-1.2410635, 51.7313706], [-1.2409934, 51.7312171], [-1.2408461, 51.7308948], [-1.240564, 51.7305633], [-1.2403636, 51.7303277], [-1.2410635, 51.7313706]]]}}, {"type": "Feature", "properties": {"water": "river", "name": "River Thames", "source_id": "osm/way/1692645", "source": "OpenStreetMap", "licence": "ODbL 1.0"}, "geometry": {"type": "Polygon", "coordinates": [[[-1.2420931, 51.7206833], [-1.2414838, 51.7200404], [-1.2409602, 51.7195831], [-1.2408182, 51.7194606], [-1.2404796, 51.7191684], [-1.2398444, 51.7186526], [-1.2395955, 51.7182804], [-1.2392436, 51.7180411], [-1.2389089, 51.7179241], [-1.2382737, 51.7179932], [-1.2381709, 51.7180245], [-1.2377502, 51.7181527], [-1.2373091, 51.7182152], [-1.2369771, 51.7181082], [-1.2368596, 51.7177249], [-1.2369626, 51.7172251], [-1.2369608, 51.7171678], [-1.2369455, 51.716688], [-1.2368426, 51.716519], [-1.2368233, 51.7164873], [-1.2365506, 51.7160393], [-1.2420931, 51.7206833]]]}}, {"type": "Feature", "properties": {"water": "river", "name": "River Thames", "source_id": "osm/way/1692647", "source": "OpenStreetMap", "licence": "ODbL 1.0"}, "geometry": {"type": "Polygon", "coordinates": [[[-1.2328256, 51.7064823], [-1.2328452, 51.7059932], [-1.2330226, 51.7050894], [-1.2331085, 51.7043873], [-1.2331044, 51.7039731], [-1.2330999, 51.703515], [-1.2330226, 51.703132], [-1.2325849, 51.7026213], [-1.2321128, 51.702233], [-1.2316579, 51.701483], [-1.2313661, 51.7007702], [-1.2309112, 51.7000308], [-1.2303276, 51.6992488], [-1.2328256, 51.7064823]]]}}, {"type": "Feature", "properties": {"water": "river", "name": "River Thames", "source_id": "osm/way/2641825", "source": "OpenStreetMap", "licence": "ODbL 1.0"}, "geometry": {"type": "Polygon", "coordinates": [[[-0.5929928, 51.4901881], [-0.5921002, 51.4893544], [-0.5915423, 51.4882749], [-0.5913706, 51.4873716], [-0.590993, 51.4866929], [-0.5878172, 51.4848062], [-0.5849934, 51.4834592], [-0.5839378, 51.4828576], [-0.5830368, 51.4822227], [-0.5823725, 51.4816739], [-0.5815173, 51.4807439], [-0.5806933, 51.479338], [-0.5806246, 51.4788783], [-0.5807105, 51.4783919], [-0.5814143, 51.477451], [-0.5829678, 51.4758794], [-0.5839205, 51.4747514], [-0.5845384, 51.4737984], [-0.5847802, 51.4732625], [-0.5847531, 51.4726877], [-0.5844441, 51.4717735], [-0.584203, 51.4713107], [-0.583972, 51.4708914], [-0.5831051, 51.4701589], [-0.5828836, 51.4700564], [-0.5816031, 51.4694638], [-0.5800582, 51.4691216], [-0.5790772, 51.4691237], [-0.5929928, 51.4901881]]]}}, {"type": "Feature", "properties": {"water": "river", "name": "River Thames", "source_id": "osm/way/2988089", "source": "OpenStreetMap", "licence": "ODbL 1.0"}, "geometry": {"type": "Polygon", "coordinates": [[[-1.256695, 51.7463663], [-1.2561072, 51.7463723], [-1.2560061, 51.746365], [-1.2559271, 51.7463445], [-1.256695, 51.7463663]]]}}, {"type": "Feature", "properties": {"water": "river", "name": "River Thames", "source_id": "osm/way/3057460", "source": "OpenStreetMap", "licence": "ODbL 1.0"}, "geometry": {"type": "Polygon", "coordinates": [[[-0.9703346, 51.4622418], [-0.9693499, 51.4614406], [-0.9682637, 51.4610644], [-0.9674263, 51.4609044], [-0.9703346, 51.4622418]]]}}, {"type": "Feature", "properties": {"water": "river", "name": "River Thames", "source_id": "osm/way/3098782", "source": "OpenStreetMap", "licence": "ODbL 1.0"}, "geometry": {"type": "Polygon", "coordinates": [[[-1.7036866, 51.6886888], [-1.7030436, 51.6890512], [-1.7024814, 51.6892374], [-1.7022428, 51.6893903], [-1.701988, 51.6899274], [-1.7017262, 51.6901188], [-1.701297, 51.6902944], [-1.7008759, 51.6904656], [-1.7003294, 51.6907024], [-1.6998122, 51.6909169], [-1.6994333, 51.6909336], [-1.6988477, 51.690833], [-1.6986052, 51.690828], [-1.6980803, 51.691099], [-1.6974947, 51.6914224], [-1.6973194, 51.6915503], [-1.7036866, 51.6886888]]]}}, {"type": "Feature", "properties": {"water": "river", "name": "River Thames", "source_id": "osm/way/3111476", "source": "OpenStreetMap", "licence": "ODbL 1.0"}, "geometry": {"type": "Polygon", "coordinates": [[[-1.138279, 51.5271151], [-1.1401029, 51.5253796], [-1.1410474, 51.5246445], [-1.1411762, 51.5238805], [-1.138279, 51.5271151]]]}}, {"type": "Feature", "properties": {"water": "river", "name": "River Thames", "source_id": "osm/way/3171363", "source": "OpenStreetMap", "licence": "ODbL 1.0"}, "geometry": {"type": "Polygon", "coordinates": [[[-1.2639069, 51.7462057], [-1.2635949, 51.7461797], [-1.263295, 51.7460505], [-1.2630713, 51.7459734], [-1.2629484, 51.7459622], [-1.2628257, 51.7459755], [-1.2626505, 51.7460156], [-1.2624932, 51.7460679], [-1.2623526, 51.7461272], [-1.2622495, 51.746198], [-1.2620228, 51.7463724], [-1.2618489, 51.7465267], [-1.2616713, 51.7466645], [-1.2614801, 51.7467967], [-1.2611646, 51.7469035], [-1.2608683, 51.746972], [-1.2602189, 51.7470888], [-1.2597078, 51.7471605], [-1.25951, 51.7471789], [-1.2592814, 51.7471999], [-1.2590504, 51.7471516], [-1.258859, 51.7470854], [-1.2586019, 51.746949], [-1.2584585, 51.7468784], [-1.2583864, 51.7467664], [-1.2582578, 51.7465586], [-1.2581184, 51.7463553], [-1.2579548, 51.746241], [-1.2577693, 51.7462193], [-1.2572553, 51.7463031], [-1.256695, 51.7463663], [-1.2639069, 51.7462057]]]}}, {"type": "Feature", "properties": {"water": "river", "name": "Osney Pool", "source_id": "osm/way/3171414", "source": "OpenStreetMap", "licence": "ODbL 1.0"}, "geometry": {"type": "Polygon", "coordinates": [[[-1.2728035, 51.7493633], [-1.2728427, 51.7492423], [-1.2728586, 51.7490957], [-1.2728035, 51.7493633]]]}}, {"type": "Feature", "properties": {"water": "river", "name": "River Thames", "source_id": "osm/way/3215427", "source": "OpenStreetMap", "licence": "ODbL 1.0"}, "geometry": {"type": "Polygon", "coordinates": [[[-1.5896554, 51.6930749], [-1.5894993, 51.6932912], [-1.5891956, 51.6934465], [-1.5888995, 51.6934795], [-1.588861, 51.6934785], [-1.5887672, 51.6934759], [-1.588581, 51.693472], [-1.5883006, 51.693466], [-1.5873626, 51.6935871], [-1.5859638, 51.6939364], [-1.5845786, 51.694242], [-1.5896554, 51.6930749]]]}}, {"type": "Feature", "properties": {"water": "river", "name": "Shifford Lock Cut", "source_id": "osm/way/3218355", "source": "OpenStreetMap", "licence": "ODbL 1.0"}, "geometry": {"type": "Polygon", "coordinates": [[[-1.4758481, 51.7041483], [-1.4740282, 51.7043197], [-1.4727409, 51.7045163], [-1.4717499, 51.7047183], [-1.4703749, 51.705044], [-1.4694963, 51.7052507], [-1.4686267, 51.7055403], [-1.4673723, 51.705974], [-1.4662605, 51.7064614], [-1.4653747, 51.7070053], [-1.4758481, 51.7041483]]]}}, {"type": "Feature", "properties": {"water": "river", "name": "River Thames", "source_id": "osm/way/3218356", "source": "OpenStreetMap", "licence": "ODbL 1.0"}, "geometry": {"type": "Polygon", "coordinates": [[[-1.4660432, 51.6985308], [-1.4658942, 51.6985362], [-1.4656615, 51.6986158], [-1.4653339, 51.6987425], [-1.464938, 51.6990142], [-1.4646745, 51.6992289], [-1.4645034, 51.6995187], [-1.4643275, 51.6997565], [-1.4640029, 51.7000452], [-1.4636789, 51.7003117], [-1.4633662, 51.7006119], [-1.4631138, 51.7008945], [-1.4629588, 51.7011719], [-1.4628399, 51.7015402], [-1.4628142, 51.7018229], [-1.4628822, 51.7020917], [-1.462982, 51.7024698], [-1.4630286, 51.7028019], [-1.4630486, 51.7030429], [-1.4630191, 51.7033601], [-1.4630472, 51.7038122], [-1.4631518, 51.7042279], [-1.463389, 51.7045964], [-1.4635907, 51.7049599], [-1.4637411, 51.7053688], [-1.4638639, 51.7057355], [-1.4639764, 51.7064262], [-1.4641153, 51.7067148], [-1.4642939, 51.707173], [-1.4660432, 51.6985308]]]}}, {"type": "Feature", "properties": {"water": "river", "name": "River Thames", "source_id": "osm/way/3218357", "source": "OpenStreetMap", "licence": "ODbL 1.0"}, "geometry": {"type": "Polygon", "coordinates": [[[-1.441115, 51.7118766], [-1.4407477, 51.7114846], [-1.4405766, 51.7113678], [-1.4400439, 51.7111193], [-1.4397934, 51.7109571], [-1.4394417, 51.7105053], [-1.439248, 51.7103521], [-1.4388749, 51.7102294], [-1.4384855, 51.7100778], [-1.4382826, 51.7099616], [-1.4382154, 51.7097887], [-1.43836, 51.7095849], [-1.4386224, 51.709322], [-1.441115, 51.7118766]]]}}, {"type": "Feature", "properties": {"water": "river", "name": "River Thames", "source_id": "osm/way/3220562", "source": "OpenStreetMap", "licence": "ODbL 1.0"}, "geometry": {"type": "Polygon", "coordinates": [[[-1.2861152, 51.7670355], [-1.285709, 51.7668776], [-1.2852988, 51.7667559], [-1.2850791, 51.7667086], [-1.284848, 51.7666872], [-1.2844001, 51.7666678], [-1.2839141, 51.7666636], [-1.2834608, 51.7666241], [-1.2832262, 51.7665596], [-1.2829238, 51.7664574], [-1.2826708, 51.7663323], [-1.2821979, 51.7660715], [-1.2815141, 51.7656579], [-1.281146, 51.7653608], [-1.2808106, 51.7649545], [-1.2804802, 51.7645914], [-1.2803955, 51.7644557], [-1.2803357, 51.7642681], [-1.2803571, 51.7641341], [-1.2803725, 51.7640031], [-1.2803612, 51.7638782], [-1.2799931, 51.7632401], [-1.2796417, 51.7628019], [-1.2792835, 51.7622376], [-1.2861152, 51.7670355]]]}}, {"type": "Feature", "properties": {"water": "river", "name": "River Thames", "source_id": "osm/way/3220563", "source": "OpenStreetMap", "licence": "ODbL 1.0"}, "geometry": {"type": "Polygon", "coordinates": [[[-1.2792835, 51.7622376], [-1.2790871, 51.7619846], [-1.2789121, 51.7617193], [-1.2785724, 51.7611938], [-1.2784806, 51.7610797], [-1.2783519, 51.7609726], [-1.2782203, 51.760871], [-1.2780577, 51.7607622], [-1.2775933, 51.7605114], [-1.2771987, 51.760311], [-1.2768162, 51.7601018], [-1.2765913, 51.7599755], [-1.2764139, 51.7598431], [-1.2762424, 51.7596895], [-1.2761536, 51.7596135], [-1.2760568, 51.759502], [-1.2758778, 51.759269], [-1.2757909, 51.7591441], [-1.2757058, 51.7590099], [-1.2755873, 51.7588038], [-1.275412, 51.7585789], [-1.2752675, 51.7584447], [-1.2750599, 51.7582595], [-1.2748542, 51.7581147], [-1.2746393, 51.7579679], [-1.2743482, 51.7577345], [-1.2740662, 51.7575039], [-1.2792835, 51.7622376]]]}}, {"type": "Feature", "properties": {"water": "river", "name": "River Thames", "source_id": "osm/way/3220664", "source": "OpenStreetMap", "licence": "ODbL 1.0"}, "geometry": {"type": "Polygon", "coordinates": [[[-1.2740662, 51.7575039], [-1.2737236, 51.7572502], [-1.2733816, 51.7569958], [-1.2731889, 51.7568557], [-1.2729919, 51.7567116], [-1.2728996, 51.7566459], [-1.2728164, 51.7565695], [-1.2727013, 51.7564013], [-1.2726332, 51.7562844], [-1.2725654, 51.7561448], [-1.2724826, 51.7557355], [-1.2724667, 51.7557074], [-1.2724391, 51.7556586], [-1.2723895, 51.7556019], [-1.2722776, 51.7554983], [-1.2721194, 51.7553542], [-1.2720002, 51.7552077], [-1.2719419, 51.7550429], [-1.2719345, 51.7549624], [-1.2719592, 51.7548581], [-1.272062, 51.7547085], [-1.2721833, 51.7545605], [-1.2724245, 51.7542378], [-1.2726608, 51.7538997], [-1.2726948, 51.7538107], [-1.2727044, 51.7537038], [-1.2726736, 51.7534756], [-1.2726241, 51.7531687], [-1.2725821, 51.7529523], [-1.2725429, 51.7527253], [-1.2740662, 51.7575039]]]}}, {"type": "Feature", "properties": {"water": "river", "name": "River Thames", "source_id": "osm/way/3236217", "source": "OpenStreetMap", "licence": "ODbL 1.0"}, "geometry": {"type": "Polygon", "coordinates": [[[-1.3006733, 51.7800003], [-1.3001333, 51.7798628], [-1.2996131, 51.7798179], [-1.2989852, 51.779721], [-1.3006733, 51.7800003]]]}}, {"type": "Feature", "properties": {"water": "river", "name": "River Thames", "source_id": "osm/way/3236220", "source": "OpenStreetMap", "licence": "ODbL 1.0"}, "geometry": {"type": "Polygon", "coordinates": [[[-1.2916336, 51.7742991], [-1.2911507, 51.7741086], [-1.2906988, 51.7739272], [-1.2904422, 51.7737609], [-1.2902869, 51.7735745], [-1.2901498, 51.773312], [-1.2899612, 51.7728773], [-1.2897215, 51.7724632], [-1.2895644, 51.7720909], [-1.2894187, 51.7717206], [-1.2892668, 51.771345], [-1.2890832, 51.7709766], [-1.2887034, 51.7704463], [-1.2884732, 51.7701833], [-1.2882945, 51.7699255], [-1.288155, 51.769676], [-1.2880502, 51.7693204], [-1.2879828, 51.7691178], [-1.2879179, 51.7688935], [-1.2877582, 51.7685641], [-1.2875329, 51.7682584], [-1.287309, 51.7679884], [-1.2870838, 51.767713], [-1.2869253, 51.7675367], [-1.2867247, 51.7673699], [-1.2864443, 51.7671973], [-1.2861152, 51.7670355], [-1.2916336, 51.7742991]]]}}, {"type": "Feature", "properties": {"water": "river", "name": "River Thames", "source_id": "osm/way/3236221", "source": "OpenStreetMap", "licence": "ODbL 1.0"}, "geometry": {"type": "Polygon", "coordinates": [[[-1.29761, 51.7763575], [-1.2973613, 51.7760552], [-1.2970905, 51.7757581], [-1.2969429, 51.7756207], [-1.2967659, 51.7754803], [-1.296616, 51.7754052], [-1.2964579, 51.7753488], [-1.2956987, 51.7751294], [-1.2946536, 51.7748756], [-1.2941295, 51.7747813], [-1.2936187, 51.7747048], [-1.2930885, 51.7746253], [-1.2925126, 51.77454], [-1.2916336, 51.7742991], [-1.29761, 51.7763575]]]}}, {"type": "Feature", "properties": {"water": "river", "name": "River Thames", "source_id": "osm/way/3236253", "source": "OpenStreetMap", "licence": "ODbL 1.0"}, "geometry": {"type": "Polygon", "coordinates": [[[-1.3155428, 51.7880482], [-1.315354, 51.7881589], [-1.315101, 51.7882422], [-1.3145777, 51.7883399], [-1.3142634, 51.7883615], [-1.3140841, 51.7883624], [-1.3138957, 51.7883534], [-1.3136203, 51.7883578], [-1.3133452, 51.7884124], [-1.3129253, 51.7885173], [-1.312528, 51.7886449], [-1.312051, 51.7887868], [-1.3116004, 51.7889198], [-1.3108969, 51.7890907], [-1.3098564, 51.7892707], [-1.3091011, 51.7893881], [-1.3155428, 51.7880482]]]}}, {"type": "Feature", "properties": {"water": "river", "name": "River Thames", "source_id": "osm/way/3236267", "source": "OpenStreetMap", "licence": "ODbL 1.0"}, "geometry": {"type": "Polygon", "coordinates": [[[-1.3091011, 51.7893881], [-1.308395, 51.7896985], [-1.3078991, 51.7898605], [-1.3074888, 51.7900205], [-1.3069967, 51.7902114], [-1.3067684, 51.7902922], [-1.3065437, 51.790323], [-1.3063546, 51.7903111], [-1.3091011, 51.7893881]]]}}, {"type": "Feature", "properties": {"water": "river", "name": "Osney Stream", "source_id": "osm/way/3270619", "source": "OpenStreetMap", "licence": "ODbL 1.0"}, "geometry": {"type": "Polygon", "coordinates": [[[-1.2725429, 51.7527253], [-1.2726605, 51.7526709], [-1.2727978, 51.7525996], [-1.2727835, 51.7524418], [-1.2729537, 51.7524171], [-1.2736349, 51.7523928], [-1.274004, 51.7523635], [-1.2740939, 51.7523289], [-1.2741692, 51.7522855], [-1.2742469, 51.752221], [-1.2745437, 51.7520038], [-1.2747082, 51.7518395], [-1.2747937, 51.751688], [-1.2748859, 51.7514778], [-1.2749289, 51.7514296], [-1.2750128, 51.7513575], [-1.2751092, 51.7511918], [-1.2725429, 51.7527253]]]}}, {"type": "Feature", "properties": {"water": "river", "name": "River Thames", "source_id": "osm/way/3353893", "source": "OpenStreetMap", "licence": "ODbL 1.0"}, "geometry": {"type": "Polygon", "coordinates": [[[-1.2577693, 51.7462193], [-1.2575977, 51.7460286], [-1.2571617, 51.7459509], [-1.2560707, 51.7459451], [-1.2557392, 51.7459354], [-1.2554975, 51.7458999], [-1.2550202, 51.7457301], [-1.2546854, 51.7456132], [-1.2577693, 51.7462193]]]}}, {"type": "Feature", "properties": {"water": "river", "name": "River Thames", "source_id": "osm/way/3492686", "source": "OpenStreetMap", "licence": "ODbL 1.0"}, "geometry": {"type": "Polygon", "coordinates": [[[-0.7020638, 51.5237627], [-0.7021229, 51.5235232], [-0.7022721, 51.5229993], [-0.7024102, 51.5223182], [-0.7023313, 51.521723], [-0.7022524, 51.5213978], [-0.7020551, 51.5208823], [-0.7019563, 51.520492], [-0.7018182, 51.5201056], [-0.7015639, 51.5196496], [-0.7020638, 51.5237627]]]}}, {"type": "Feature", "properties": {"water": "river", "name": "River Thames", "source_id": "osm/way/3730740", "source": "OpenStreetMap", "licence": "ODbL 1.0"}, "geometry": {"type": "Polygon", "coordinates": [[[-0.891901, 51.4975071], [-0.8907637, 51.4979318], [-0.8900857, 51.4981636], [-0.8895599, 51.4985275], [-0.8889828, 51.4990882], [-0.891901, 51.4975071]]]}}, {"type": "Feature", "properties": {"water": "river", "name": "River Thames", "source_id": "osm/way/4586369", "source": "OpenStreetMap", "licence": "ODbL 1.0"}, "geometry": {"type": "Polygon", "coordinates": [[[-0.8907774, 51.5316674], [-0.8915143, 51.5316489], [-0.8926623, 51.5318357], [-0.8943789, 51.5326433], [-0.8957611, 51.5334047], [-0.8958126, 51.5337963], [-0.8907774, 51.5316674]]]}}, {"type": "Feature", "properties": {"water": "river", "name": "River Thames", "source_id": "osm/way/4625499", "source": "OpenStreetMap", "licence": "ODbL 1.0"}, "geometry": {"type": "Polygon", "coordinates": [[[-0.8965971, 51.4900585], [-0.8956227, 51.4904448], [-0.8947811, 51.4906319], [-0.8940875, 51.4910998], [-0.8937657, 51.4915139], [-0.8936003, 51.4923519], [-0.8965971, 51.4900585]]]}}, {"type": "Feature", "properties": {"water": "river", "name": "River Thames", "source_id": "osm/way/4625501", "source": "OpenStreetMap", "licence": "ODbL 1.0"}, "geometry": {"type": "Polygon", "coordinates": [[[-0.8934792, 51.4927761], [-0.8931434, 51.4939454], [-0.893358, 51.4943061], [-0.893857, 51.4949009], [-0.8934792, 51.4927761]]]}}, {"type": "Feature", "properties": {"water": "river", "name": "Sonning Backwater", "source_id": "osm/way/4625502", "source": "OpenStreetMap", "licence": "ODbL 1.0"}, "geometry": {"type": "Polygon", "coordinates": [[[-0.919198, 51.4735044], [-0.9187853, 51.4750913], [-0.9176266, 51.4763609], [-0.9169829, 51.4767485], [-0.9159876, 51.4768772], [-0.9148936, 51.4764413], [-0.9136677, 51.4759982], [-0.9134426, 51.4759169], [-0.919198, 51.4735044]]]}}, {"type": "Feature", "properties": {"water": "river", "name": "River Thames", "source_id": "osm/way/4625504", "source": "OpenStreetMap", "licence": "ODbL 1.0"}, "geometry": {"type": "Polygon", "coordinates": [[[-0.879975, 51.5171687], [-0.8797482, 51.5180051], [-0.8792933, 51.5189024], [-0.878677, 51.5193746], [-0.879975, 51.5171687]]]}}, {"type": "Feature", "properties": {"water": "river", "name": "River Thames", "source_id": "osm/way/4694232", "source": "OpenStreetMap", "licence": "ODbL 1.0"}, "geometry": {"type": "Polygon", "coordinates": [[[-1.1347814, 51.5320407], [-1.1354247, 51.5314611], [-1.1360929, 51.5312916], [-1.1347814, 51.5320407]]]}}, {"type": "Feature", "properties": {"water": "river", "name": "River Thames", "source_id": "osm/way/4694233", "source": "OpenStreetMap", "licence": "ODbL 1.0"}, "geometry": {"type": "Polygon", "coordinates": [[[-1.1356353, 51.6235256], [-1.1304634, 51.6228216], [-1.1298081, 51.6226994], [-1.129269, 51.6225229], [-1.1282976, 51.62211], [-1.1278904, 51.6220449], [-1.126706, 51.6221168], [-1.1252886, 51.6221965], [-1.1247253, 51.6221598], [-1.1240533, 51.6220624], [-1.121733, 51.6214881], [-1.1356353, 51.6235256]]]}}, {"type": "Feature", "properties": {"water": "river", "name": "River Thames", "source_id": "osm/way/4791944", "source": "OpenStreetMap", "licence": "ODbL 1.0"}, "geometry": {"type": "Polygon", "coordinates": [[[-0.3290104, 51.4432454], [-0.3287122, 51.4437871], [-0.3279893, 51.4445705], [-0.327267, 51.4451653], [-0.3267123, 51.4455061], [-0.326064, 51.445806], [-0.3253471, 51.4460173], [-0.3238086, 51.446448], [-0.3226499, 51.4465479], [-0.3221717, 51.4465727], [-0.3216328, 51.4465443], [-0.3207622, 51.4463838], [-0.3204252, 51.4462743], [-0.3200623, 51.4461529], [-0.319712, 51.4460553], [-0.3194677, 51.446026], [-0.3290104, 51.4432454]]]}}, {"type": "Feature", "properties": {"water": "river", "name": "River Thames", "source_id": "osm/way/4795296", "source": "OpenStreetMap", "licence": "ODbL 1.0"}, "geometry": {"type": "Polygon", "coordinates": [[[-1.8541576, 51.6446022], [-1.853709, 51.6447937], [-1.8533274, 51.6449278], [-1.8533045, 51.6449542], [-1.8530098, 51.6447609], [-1.8528785, 51.6445146], [-1.8526237, 51.6440713], [-1.8522284, 51.6436841], [-1.8516553, 51.6435027], [-1.8511615, 51.6433675], [-1.8510567, 51.6433022], [-1.850945, 51.6431925], [-1.8510319, 51.6429947], [-1.8511606, 51.6428791], [-1.8510752, 51.6427263], [-1.8508407, 51.6426328], [-1.850285, 51.6427038], [-1.8498787, 51.6427197], [-1.8495006, 51.6427175], [-1.8490352, 51.6427002], [-1.8485777, 51.6426785], [-1.8480341, 51.6426348], [-1.8473117, 51.6425177], [-1.8468331, 51.6424367], [-1.8462997, 51.6423913], [-1.8460931, 51.6423953], [-1.8460032, 51.6424405], [-1.8458017, 51.6425972], [-1.8456268, 51.6427162], [-1.8454411, 51.6428615], [-1.8451282, 51.6430009], [-1.844847, 51.6430319], [-1.8445533, 51.6430628], [-1.8442775, 51.6431662], [-1.8438932, 51.6433517], [-1.8541576, 51.6446022]]]}}, {"type": "Feature", "properties": {"water": "river", "name": "River Thames", "source_id": "osm/way/4795307", "source": "OpenStreetMap", "licence": "ODbL 1.0"}, "geometry": {"type": "Polygon", "coordinates": [[[-1.8968738, 51.6428838], [-1.8970413, 51.6433146], [-1.8964941, 51.643795], [-1.8954362, 51.64401], [-1.8944264, 51.6442837], [-1.8942426, 51.6443943], [-1.8939936, 51.6444308], [-1.8929695, 51.6441334], [-1.8927106, 51.6440162], [-1.892418, 51.6442677], [-1.892106, 51.6442976], [-1.8915089, 51.6441961], [-1.89136, 51.6446131], [-1.8912177, 51.6448154], [-1.8910619, 51.6448633], [-1.8903713, 51.6449873], [-1.8904919, 51.6453422], [-1.8904685, 51.6454676], [-1.8898433, 51.6458535], [-1.8894416, 51.6462998], [-1.889198, 51.6468787], [-1.8891396, 51.6476333], [-1.8888415, 51.6477793], [-1.8887786, 51.6479071], [-1.8889045, 51.6480171], [-1.8889456, 51.6481098], [-1.8888129, 51.6482088], [-1.8883012, 51.6483328], [-1.8878288, 51.6483828], [-1.8876889, 51.6484898], [-1.8877029, 51.6486065], [-1.8880176, 51.6487236], [-1.888401, 51.6488017], [-1.8884074, 51.6488557], [-1.8968738, 51.6428838]]]}}, {"type": "Feature", "properties": {"water": "river", "name": "River Thames", "source_id": "osm/way/4829064", "source": "OpenStreetMap", "licence": "ODbL 1.0"}, "geometry": {"type": "Polygon", "coordinates": [[[-1.1347814, 51.5320407], [-1.1349959, 51.531133], [-1.1355419, 51.5298035], [-1.1359282, 51.5291227], [-1.1361011, 51.5291084], [-1.1362715, 51.5291094], [-1.1366303, 51.5290532], [-1.1364966, 51.5286394], [-1.1365117, 51.5284881], [-1.1365814, 51.5283916], [-1.1366736, 51.528264], [-1.1376996, 51.5273952], [-1.138279, 51.5271151], [-1.1347814, 51.5320407]]]}}, {"type": "Feature", "properties": {"water": "river", "name": "River Thames", "source_id": "osm/way/4829227", "source": "OpenStreetMap", "licence": "ODbL 1.0"}, "geometry": {"type": "Polygon", "coordinates": [[[-1.0029871, 51.469837], [-1.0015875, 51.470125], [-0.9994, 51.4703125], [-0.9973947, 51.4701156], [-0.9961833, 51.4698309], [-1.0029871, 51.469837]]]}}, {"type": "Feature", "properties": {"water": "river", "name": "River Thames", "source_id": "osm/way/4829228", "source": "OpenStreetMap", "licence": "ODbL 1.0"}, "geometry": {"type": "Polygon", "coordinates": [[[-0.9750534, 51.4646702], [-0.9745262, 51.4641795], [-0.9742743, 51.4639216], [-0.9738522, 51.4636581], [-0.9732734, 51.4634053], [-0.9726637, 51.463259], [-0.9720519, 51.4630244], [-0.9709897, 51.4625388], [-0.9703346, 51.4622418], [-0.9750534, 51.4646702]]]}}, {"type": "Feature", "properties": {"water": "river", "name": "River Thames", "source_id": "osm/way/4829229", "source": "OpenStreetMap", "licence": "ODbL 1.0"}, "geometry": {"type": "Polygon", "coordinates": [[[-0.9750534, 51.4646702], [-0.9741977, 51.4644769], [-0.9734987, 51.4644229], [-0.9724917, 51.4642232], [-0.9711278, 51.4637055], [-0.9706615, 51.4633468], [-0.9703561, 51.4627411], [-0.9703346, 51.4622418], [-0.9750534, 51.4646702]]]}}, {"type": "Feature", "properties": {"water": "river", "name": "River Thames", "source_id": "osm/way/4829335", "source": "OpenStreetMap", "licence": "ODbL 1.0"}, "geometry": {"type": "Polygon", "coordinates": [[[-0.7709426, 51.5678964], [-0.7699872, 51.5679352], [-0.7687503, 51.5676102], [-0.768466, 51.5675552], [-0.7683527, 51.5675284], [-0.7709426, 51.5678964]]]}}, {"type": "Feature", "properties": {"water": "river", "name": "River Thames", "source_id": "osm/way/4829343", "source": "OpenStreetMap", "licence": "ODbL 1.0"}, "geometry": {"type": "Polygon", "coordinates": [[[-0.749122, 51.5682626], [-0.7462675, 51.56846], [-0.7442993, 51.5695814], [-0.7422034, 51.5705476], [-0.7406531, 51.5718671], [-0.749122, 51.5682626]]]}}, {"type": "Feature", "properties": {"water": "river", "name": "River Thames", "source_id": "osm/way/4829348", "source": "OpenStreetMap", "licence": "ODbL 1.0"}, "geometry": {"type": "Polygon", "coordinates": [[[-0.8737124, 51.5608871], [-0.8720273, 51.5600584], [-0.8705478, 51.5587793], [-0.8705018, 51.5585368], [-0.8737124, 51.5608871]]]}}, {"type": "Feature", "properties": {"water": "river", "name": "River Thames", "source_id": "osm/way/4829510", "source": "OpenStreetMap", "licence": "ODbL 1.0"}, "geometry": {"type": "Polygon", "coordinates": [[[-1.276374, 51.6458375], [-1.2759739, 51.6459395], [-1.2750952, 51.6460346], [-1.276374, 51.6458375]]]}}, {"type": "Feature", "properties": {"water": "river", "name": "River Thames", "source_id": "osm/way/4829511", "source": "OpenStreetMap", "licence": "ODbL 1.0"}, "geometry": {"type": "Polygon", "coordinates": [[[-1.1785254, 51.6398701], [-1.1783228, 51.6394596], [-1.1785995, 51.6391274], [-1.1792169, 51.6384333], [-1.1785254, 51.6398701]]]}}, {"type": "Feature", "properties": {"water": "river", "name": "River Thames", "source_id": "osm/way/4829521", "source": "OpenStreetMap", "licence": "ODbL 1.0"}, "geometry": {"type": "Polygon", "coordinates": [[[-1.2303276, 51.6992488], [-1.2297494, 51.6981712], [-1.2279362, 51.6959568], [-1.2264556, 51.6949127], [-1.2258226, 51.6944538], [-1.224857, 51.6933498], [-1.2237412, 51.6926316], [-1.2225718, 51.6909889], [-1.2223143, 51.6899779], [-1.2217113, 51.687746], [-1.2216952, 51.687282], [-1.2219957, 51.6866202], [-1.2220734, 51.6863059], [-1.2220246, 51.685899], [-1.2216067, 51.6852866], [-1.2214726, 51.6849058], [-1.2214989, 51.6845371], [-1.2218208, 51.6840049], [-1.2232048, 51.6824284], [-1.2238485, 51.6819162], [-1.2244172, 51.6813508], [-1.2246049, 51.6808142], [-1.2246639, 51.6806456], [-1.2256081, 51.6791887], [-1.2261445, 51.6779048], [-1.2263269, 51.6764678], [-1.2267024, 51.6757759], [-1.2279684, 51.6750839], [-1.2287409, 51.6748511], [-1.2297279, 51.674565], [-1.2301571, 51.6739595], [-1.2303609, 51.6730547], [-1.2305219, 51.6726821], [-1.2337727, 51.6712981], [-1.2370665, 51.6700672], [-1.239719, 51.6694508], [-1.2397927, 51.6694365], [-1.2408867, 51.6692237], [-1.2416638, 51.669027], [-1.2420041, 51.6688013], [-1.2423772, 51.6684103], [-1.2427742, 51.6681575], [-1.2446732, 51.6676983], [-1.2459929, 51.6671859], [-1.247452, 51.6668599], [-1.2500698, 51.666414], [-1.2513036, 51.6663275], [-1.2524945, 51.6663941], [-1.2555254, 51.6669098], [-1.2561262, 51.666963], [-1.2574285, 51.6669076], [-1.2303276, 51.6992488]]]}}, {"type": "Feature", "properties": {"water": "river", "name": "River Thames", "source_id": "osm/way/8122205", "source": "OpenStreetMap", "licence": "ODbL 1.0"}, "geometry": {"type": "Polygon", "coordinates": [[[-1.2420567, 51.7359682], [-1.2420218, 51.7354524], [-1.2418564, 51.7348462], [-1.2418173, 51.7347012], [-1.2416091, 51.7341903], [-1.2415265, 51.7339876], [-1.2413615, 51.733337], [-1.2411297, 51.7328639], [-1.2409581, 51.7323749], [-1.240979, 51.7320496], [-1.2410635, 51.7313706], [-1.2420567, 51.7359682]]]}}, {"type": "Feature", "properties": {"water": "river", "name": "River Thames", "source_id": "osm/way/8122206", "source": "OpenStreetMap", "licence": "ODbL 1.0"}, "geometry": {"type": "Polygon", "coordinates": [[[-1.2417199, 51.723401], [-1.242082, 51.7231767], [-1.2422275, 51.7229263], [-1.2423922, 51.7226591], [-1.2423566, 51.7222409], [-1.2423933, 51.721918], [-1.2423837, 51.7218139], [-1.2423652, 51.7216135], [-1.2423566, 51.7213317], [-1.2423134, 51.7212253], [-1.2421888, 51.7209189], [-1.2421579, 51.7208428], [-1.2420931, 51.7206833], [-1.2417199, 51.723401]]]}}, {"type": "Feature", "properties": {"water": "river", "name": "", "source_id": "osm/way/8283773", "source": "OpenStreetMap", "licence": "ODbL 1.0"}, "geometry": {"type": "Polygon", "coordinates": [[[-1.2723689, 51.7499513], [-1.2725956, 51.7499044], [-1.2727618, 51.7497334], [-1.2727695, 51.7495778], [-1.2728035, 51.7493633], [-1.2723689, 51.7499513]]]}}, {"type": "Feature", "properties": {"water": "river", "name": "River Thames", "source_id": "osm/way/10700405", "source": "OpenStreetMap", "licence": "ODbL 1.0"}, "geometry": {"type": "Polygon", "coordinates": [[[-0.9198592, 51.4721789], [-0.9191573, 51.472245], [-0.9183199, 51.472779], [-0.9198592, 51.4721789]]]}}, {"type": "Feature", "properties": {"water": "river", "name": "River Thames", "source_id": "osm/way/19231041", "source": "OpenStreetMap", "licence": "ODbL 1.0"}, "geometry": {"type": "Polygon", "coordinates": [[[-1.4758481, 51.7041483], [-1.4754786, 51.7037895], [-1.4748251, 51.7032061], [-1.474511, 51.7028991], [-1.474323, 51.7026438], [-1.4742656, 51.7024352], [-1.4741024, 51.7021698], [-1.4738751, 51.7018786], [-1.473572, 51.701737], [-1.4734483, 51.7016241], [-1.4735028, 51.7014978], [-1.4736852, 51.7014024], [-1.4738995, 51.7013088], [-1.4740092, 51.7011943], [-1.4738726, 51.7010436], [-1.4735612, 51.7009389], [-1.4733373, 51.700909], [-1.4731745, 51.7008435], [-1.4731267, 51.7005995], [-1.4731302, 51.7004351], [-1.4730331, 51.700277], [-1.4728445, 51.7002043], [-1.4725476, 51.7002025], [-1.4723145, 51.7002652], [-1.4720777, 51.7004214], [-1.4717601, 51.7006119], [-1.4715064, 51.7006857], [-1.471261, 51.7006696], [-1.4710998, 51.7005719], [-1.4710788, 51.7003928], [-1.4712036, 51.7000278], [-1.4711604, 51.6998994], [-1.4710506, 51.6998041], [-1.470779, 51.6997898], [-1.4704386, 51.6998999], [-1.4701261, 51.7000165], [-1.4698356, 51.7001061], [-1.4696264, 51.7001343], [-1.4694148, 51.7001132], [-1.4692251, 51.700024], [-1.4691165, 51.6999292], [-1.4690965, 51.6997914], [-1.4690911, 51.699634], [-1.4691822, 51.6995036], [-1.4692225, 51.6993603], [-1.4691023, 51.6992652], [-1.4688352, 51.6991999], [-1.4682797, 51.6991936], [-1.4680439, 51.6991721], [-1.4678556, 51.6991166], [-1.4677476, 51.6990114], [-1.4677015, 51.6988989], [-1.4676311, 51.6988048], [-1.4675058, 51.6987747], [-1.4672878, 51.6987532], [-1.4668616, 51.6987321], [-1.4665432, 51.6986709], [-1.466228, 51.6985739], [-1.4660432, 51.6985308], [-1.4758481, 51.7041483]]]}}, {"type": "Feature", "properties": {"water": "canal", "name": "Clifton Cut", "source_id": "osm/way/22927375", "source": "OpenStreetMap", "licence": "ODbL 1.0"}, "geometry": {"type": "Polygon", "coordinates": [[[-1.2201477, 51.6427684], [-1.219638, 51.643077], [-1.2167358, 51.6443686], [-1.2152499, 51.6450244], [-1.2138576, 51.645702], [-1.2126292, 51.6465396], [-1.2120426, 51.6470812], [-1.2111674, 51.6480856], [-1.2109185, 51.6484378], [-1.2201477, 51.6427684]]]}}, {"type": "Feature", "properties": {"water": "canal", "name": "", "source_id": "osm/way/22927377", "source": "OpenStreetMap", "licence": "ODbL 1.0"}, "geometry": {"type": "Polygon", "coordinates": [[[-1.2111674, 51.6480856], [-1.2105237, 51.6482817], [-1.2097858, 51.6486257], [-1.2111674, 51.6480856]]]}}, {"type": "Feature", "properties": {"water": "river", "name": "River Thames", "source_id": "osm/way/22927378", "source": "OpenStreetMap", "licence": "ODbL 1.0"}, "geometry": {"type": "Polygon", "coordinates": [[[-1.2098716, 51.6497458], [-1.2099499, 51.6501438], [-1.2098318, 51.6506397], [-1.2099713, 51.6513354], [-1.2099796, 51.6519596], [-1.210262, 51.6529524], [-1.2104424, 51.6533764], [-1.2106243, 51.6538037], [-1.2101171, 51.6553071], [-1.2089579, 51.6557418], [-1.208385, 51.6558564], [-1.20769, 51.6559954], [-1.2060926, 51.6566363], [-1.2049476, 51.6572992], [-1.2034612, 51.6580022], [-1.201449, 51.6582881], [-1.2005849, 51.6582783], [-1.2000328, 51.6582721], [-1.1986404, 51.6584039], [-1.1974812, 51.6586523], [-1.1961508, 51.6586896], [-1.1943532, 51.6583294], [-1.1939449, 51.6582476], [-1.1920894, 51.658126], [-1.1918335, 51.6581092], [-1.1896816, 51.6580223], [-1.1867891, 51.6571646], [-1.1857508, 51.6567704], [-1.1847978, 51.6564085], [-1.1832418, 51.6557024], [-1.1816626, 51.6542701], [-1.1811921, 51.6538194], [-1.1801458, 51.6529313], [-1.1799182, 51.6526062], [-1.1795258, 51.6520456], [-1.178927, 51.6508172], [-1.1779118, 51.6495252], [-1.1772079, 51.6476985], [-1.1770905, 51.6468454], [-1.1770885, 51.6468283], [-1.1770302, 51.646333], [-1.1777168, 51.644895], [-1.1774851, 51.6437073], [-1.1777597, 51.6427112], [-1.1780513, 51.6412899], [-1.1785254, 51.6398701], [-1.2098716, 51.6497458]]]}}, {"type": "Feature", "properties": {"water": "river", "name": "River Thames", "source_id": "osm/way/22927379", "source": "OpenStreetMap", "licence": "ODbL 1.0"}, "geometry": {"type": "Polygon", "coordinates": [[[-1.2201477, 51.6427684], [-1.2197885, 51.6426568], [-1.2194198, 51.6423075], [-1.2193559, 51.6417451], [-1.2198073, 51.6411614], [-1.220822, 51.6403819], [-1.2210754, 51.6399734], [-1.2201477, 51.6427684]]]}}, {"type": "Feature", "properties": {"water": "river", "name": "River Thames", "source_id": "osm/way/22927387", "source": "OpenStreetMap", "licence": "ODbL 1.0"}, "geometry": {"type": "Polygon", "coordinates": [[[-1.2633978, 51.6503258], [-1.2616039, 51.6499903], [-1.2594925, 51.649527], [-1.2566601, 51.6487175], [-1.2541863, 51.6480981], [-1.25242, 51.6476098], [-1.2509259, 51.6467577], [-1.2492233, 51.6464317], [-1.2460173, 51.6459064], [-1.2434164, 51.6453836], [-1.2415977, 51.6444755], [-1.2386271, 51.6430347], [-1.2352882, 51.6420227], [-1.2327992, 51.6413036], [-1.2309538, 51.641], [-1.2289185, 51.6408348], [-1.2263275, 51.6409201], [-1.223641, 51.6411385], [-1.2221804, 51.6413781], [-1.2208261, 51.6424495], [-1.2201477, 51.6427684], [-1.2633978, 51.6503258]]]}}, {"type": "Feature", "properties": {"water": "river", "name": "River Thames", "source_id": "osm/way/22927389", "source": "OpenStreetMap", "licence": "ODbL 1.0"}, "geometry": {"type": "Polygon", "coordinates": [[[-1.2824289, 51.6507392], [-1.2829439, 51.6499936], [-1.2829635, 51.6499031], [-1.2831391, 51.649092], [-1.2827475, 51.6485089], [-1.2822143, 51.6479699], [-1.2808069, 51.6474878], [-1.2801973, 51.6471178], [-1.2795536, 51.6464787], [-1.278352, 51.6461059], [-1.2771074, 51.6459461], [-1.276374, 51.6458375], [-1.2824289, 51.6507392]]]}}, {"type": "Feature", "properties": {"water": "river", "name": "River Thames", "source_id": "osm/way/22927406", "source": "OpenStreetMap", "licence": "ODbL 1.0"}, "geometry": {"type": "Polygon", "coordinates": [[[-1.2773804, 51.6690648], [-1.2775871, 51.669007], [-1.2777333, 51.6689538], [-1.2778942, 51.6688897], [-1.2780243, 51.6688215], [-1.278597, 51.6684298], [-1.2792551, 51.6680765], [-1.2793534, 51.6680239], [-1.2794424, 51.6679834], [-1.2773804, 51.6690648]]]}}, {"type": "Feature", "properties": {"water": "river", "name": "River Thames", "source_id": "osm/way/23027776", "source": "OpenStreetMap", "licence": "ODbL 1.0"}, "geometry": {"type": "Polygon", "coordinates": [[[-1.2985521, 51.778549], [-1.2984766, 51.7783826], [-1.2984649, 51.7782477], [-1.2983237, 51.7772664], [-1.2985521, 51.778549]]]}}, {"type": "Feature", "properties": {"water": "river", "name": "New Cut", "source_id": "osm/way/23205380", "source": "OpenStreetMap", "licence": "ODbL 1.0"}, "geometry": {"type": "Polygon", "coordinates": [[[-0.5790772, 51.4691237], [-0.5776009, 51.4687066], [-0.5751976, 51.4679313], [-0.5739788, 51.4673592], [-0.5724081, 51.4664075], [-0.5709748, 51.4655412], [-0.5697216, 51.4647499], [-0.5692324, 51.4642953], [-0.5691551, 51.4638806], [-0.5691549, 51.4637686], [-0.5790772, 51.4691237]]]}}, {"type": "Feature", "properties": {"water": "river", "name": "River Thames", "source_id": "osm/way/24865838", "source": "OpenStreetMap", "licence": "ODbL 1.0"}, "geometry": {"type": "Polygon", "coordinates": [[[-1.2365506, 51.7160393], [-1.2365344, 51.7159821], [-1.2363618, 51.7153745], [-1.2358556, 51.7145948], [-1.2358293, 51.714083], [-1.2361297, 51.7136629], [-1.2363642, 51.7126945], [-1.2363369, 51.7126104], [-1.2361898, 51.7121578], [-1.2360724, 51.711999], [-1.2358636, 51.7117164], [-1.2356934, 51.7115696], [-1.235524, 51.7115284], [-1.2355371, 51.7114743], [-1.2352516, 51.7110864], [-1.2347911, 51.7104606], [-1.2344256, 51.7095553], [-1.2343824, 51.709425], [-1.2347568, 51.7081258], [-1.2347425, 51.7080731], [-1.2346195, 51.7076205], [-1.2342933, 51.7072642], [-1.2335947, 51.7069721], [-1.233435, 51.7069131], [-1.2328256, 51.7064823], [-1.2365506, 51.7160393]]]}}, {"type": "Feature", "properties": {"water": "river", "name": "River Thames", "source_id": "osm/way/24865865", "source": "OpenStreetMap", "licence": "ODbL 1.0"}, "geometry": {"type": "Polygon", "coordinates": [[[-1.2394785, 51.7293783], [-1.2397182, 51.7291824], [-1.2398945, 51.7289799], [-1.2399484, 51.728911], [-1.240045, 51.7287932], [-1.2401469, 51.728683], [-1.2402843, 51.7286352], [-1.2394785, 51.7293783]]]}}, {"type": "Feature", "properties": {"water": "river", "name": "River Thames", "source_id": "osm/way/25319570", "source": "OpenStreetMap", "licence": "ODbL 1.0"}, "geometry": {"type": "Polygon", "coordinates": [[[-0.8186447, 51.5508873], [-0.8163977, 51.5505963], [-0.8144012, 51.5504378], [-0.8123327, 51.5504805], [-0.8121524, 51.5504859], [-0.8186447, 51.5508873]]]}}, {"type": "Feature", "properties": {"water": "river", "name": "River Thames", "source_id": "osm/way/26456375", "source": "OpenStreetMap", "licence": "ODbL 1.0"}, "geometry": {"type": "Polygon", "coordinates": [[[-0.3240965, 51.4314045], [-0.3259504, 51.4319571], [-0.3271866, 51.433149], [-0.3278144, 51.4337542], [-0.3281029, 51.4348341], [-0.3284581, 51.4364097], [-0.3296715, 51.4382534], [-0.3298776, 51.4386053], [-0.3306758, 51.4400338], [-0.3308217, 51.4410289], [-0.3305556, 51.441703], [-0.3296241, 51.442644], [-0.3290843, 51.4431902], [-0.3290104, 51.4432454], [-0.3281558, 51.4436834], [-0.3210805, 51.4457285], [-0.3203995, 51.4458827], [-0.3194677, 51.446026], [-0.3192373, 51.4460327], [-0.3185807, 51.4460614], [-0.3169609, 51.4462313], [-0.3155404, 51.4464305], [-0.3132587, 51.4469086], [-0.3113463, 51.4473917], [-0.3092085, 51.4478646], [-0.3083282, 51.4480849], [-0.3074275, 51.4483918], [-0.3060699, 51.4491278], [-0.3054392, 51.4494698], [-0.3048295, 51.4499631], [-0.3043269, 51.4504368], [-0.3038307, 51.4510336], [-0.3032516, 51.4526374], [-0.303879, 51.4543915], [-0.3060826, 51.456807], [-0.3072464, 51.4576029], [-0.3080611, 51.45816], [-0.3103452, 51.459042], [-0.3139161, 51.4603148], [-0.3142634, 51.460473], [-0.3161271, 51.4615592], [-0.3162781, 51.4616535], [-0.3171934, 51.4622253], [-0.3240965, 51.4314045]]]}}, {"type": "Feature", "properties": {"water": "river", "name": "Osney Stream", "source_id": "osm/way/28350217", "source": "OpenStreetMap", "licence": "ODbL 1.0"}, "geometry": {"type": "Polygon", "coordinates": [[[-1.2751092, 51.7511918], [-1.2751616, 51.7511192], [-1.2752286, 51.7510169], [-1.2753054, 51.7509137], [-1.2753874, 51.7507847], [-1.275465, 51.7505891], [-1.2755398, 51.7504412], [-1.2755896, 51.7502886], [-1.2755932, 51.7502147], [-1.2755501, 51.7501763], [-1.2754826, 51.7501477], [-1.2753816, 51.7501267], [-1.2751768, 51.750129], [-1.2749983, 51.750153], [-1.2748557, 51.7501833], [-1.2747744, 51.750204], [-1.2746871, 51.7502115], [-1.2746128, 51.7501964], [-1.2745799, 51.7501573], [-1.2744914, 51.7500267], [-1.2744447, 51.7499559], [-1.2743666, 51.7498874], [-1.2742697, 51.7498191], [-1.2741616, 51.7497743], [-1.2740252, 51.7497313], [-1.273814, 51.7496715], [-1.2736836, 51.7496356], [-1.2736123, 51.7496087], [-1.2735655, 51.7495738], [-1.273494, 51.7494982], [-1.2733728, 51.749386], [-1.2731678, 51.7491961], [-1.2730098, 51.7491002], [-1.2728586, 51.7490957], [-1.2751092, 51.7511918]]]}}, {"type": "Feature", "properties": {"water": "river", "name": "", "source_id": "osm/way/30587867", "source": "OpenStreetMap", "licence": "ODbL 1.0"}, "geometry": {"type": "Polygon", "coordinates": [[[-1.5896929, 51.6919842], [-1.5891875, 51.6920798], [-1.5885894, 51.692389], [-1.5883244, 51.6926136], [-1.5882977, 51.6926363], [-1.5880376, 51.6927259], [-1.5879887, 51.6927428], [-1.5876835, 51.6928191], [-1.5872651, 51.6929006], [-1.5864081, 51.6930185], [-1.5857763, 51.6931587], [-1.5853056, 51.6933246], [-1.5849716, 51.6934753], [-1.5845951, 51.6940599], [-1.5845786, 51.694242], [-1.5896929, 51.6919842]]]}}, {"type": "Feature", "properties": {"water": "canal", "name": "Culham Cut", "source_id": "osm/way/31111365", "source": "OpenStreetMap", "licence": "ODbL 1.0"}, "geometry": {"type": "Polygon", "coordinates": [[[-1.2824289, 51.6507392], [-1.2824339, 51.6505499], [-1.282348, 51.6503934], [-1.2821714, 51.6502066], [-1.2817042, 51.6498411], [-1.2814844, 51.6497144], [-1.2802831, 51.6494877], [-1.2787218, 51.6492837], [-1.2772335, 51.6491347], [-1.2759058, 51.6492214], [-1.2733283, 51.6494589], [-1.2725851, 51.6495209], [-1.267862, 51.6503359], [-1.2824289, 51.6507392]]]}}, {"type": "Feature", "properties": {"water": "river", "name": "River Thames", "source_id": "osm/way/31138279", "source": "OpenStreetMap", "licence": "ODbL 1.0"}, "geometry": {"type": "Polygon", "coordinates": [[[-1.7039684, 51.6864413], [-1.704193, 51.6867293], [-1.7041407, 51.6870281], [-1.7042357, 51.6872466], [-1.7044945, 51.6872604], [-1.7047551, 51.6873415], [-1.7049477, 51.6874689], [-1.7050513, 51.6876426], [-1.7050908, 51.6879772], [-1.7039684, 51.6864413]]]}}, {"type": "Feature", "properties": {"water": "river", "name": "", "source_id": "osm/way/32111187", "source": "OpenStreetMap", "licence": "ODbL 1.0"}, "geometry": {"type": "Polygon", "coordinates": [[[-1.2722736, 51.7495861], [-1.2724137, 51.7495379], [-1.2726785, 51.7494298], [-1.2728035, 51.7493633], [-1.2722736, 51.7495861]]]}}, {"type": "Feature", "properties": {"water": "river", "name": "River Thames", "source_id": "osm/way/32202378", "source": "OpenStreetMap", "licence": "ODbL 1.0"}, "geometry": {"type": "Polygon", "coordinates": [[[-0.9639037, 51.4607359], [-0.9636551, 51.4607767], [-0.9629635, 51.4609074], [-0.9639037, 51.4607359]]]}}, {"type": "Feature", "properties": {"water": "river", "name": "River Thames", "source_id": "osm/way/32230277", "source": "OpenStreetMap", "licence": "ODbL 1.0"}, "geometry": {"type": "Polygon", "coordinates": [[[-0.9674263, 51.4609044], [-0.9669063, 51.4606736], [-0.9661922, 51.4606102], [-0.9652342, 51.4605469], [-0.9645108, 51.4606364], [-0.9644164, 51.4606519], [-0.9674263, 51.4609044]]]}}, {"type": "Feature", "properties": {"water": "river", "name": "", "source_id": "osm/way/32824207", "source": "OpenStreetMap", "licence": "ODbL 1.0"}, "geometry": {"type": "Polygon", "coordinates": [[[-1.2334913, 51.7118164], [-1.2340015, 51.7116466], [-1.2341636, 51.7116239], [-1.2342675, 51.7116094], [-1.2345937, 51.7116094], [-1.2347997, 51.7115668], [-1.23507, 51.711537], [-1.235524, 51.7115284], [-1.2334913, 51.7118164]]]}}, {"type": "Feature", "properties": {"water": "river", "name": "River Thames", "source_id": "osm/way/32825495", "source": "OpenStreetMap", "licence": "ODbL 1.0"}, "geometry": {"type": "Polygon", "coordinates": [[[-1.2401639, 51.7290574], [-1.240195, 51.7289122], [-1.2402843, 51.7286352], [-1.2405372, 51.7282511], [-1.2405236, 51.7279448], [-1.2401639, 51.7290574]]]}}, {"type": "Feature", "properties": {"water": "river", "name": "River Thames", "source_id": "osm/way/32825563", "source": "OpenStreetMap", "licence": "ODbL 1.0"}, "geometry": {"type": "Polygon", "coordinates": [[[-1.232906, 51.7080525], [-1.2329619, 51.7078966], [-1.2329519, 51.7077256], [-1.2328755, 51.7072078], [-1.2328256, 51.7064823], [-1.232906, 51.7080525]]]}}, {"type": "Feature", "properties": {"water": "river", "name": "River Thames", "source_id": "osm/way/33174285", "source": "OpenStreetMap", "licence": "ODbL 1.0"}, "geometry": {"type": "Polygon", "coordinates": [[[-1.7974883, 51.6610299], [-1.7972497, 51.660997], [-1.7969837, 51.6609947], [-1.7965176, 51.6609527], [-1.7958042, 51.6608254], [-1.795013, 51.6606499], [-1.7946393, 51.6605866], [-1.7940528, 51.6605697], [-1.7936849, 51.660593], [-1.7931781, 51.6607715], [-1.7927047, 51.6608827], [-1.7924173, 51.6610132], [-1.7919465, 51.6613], [-1.7915643, 51.6615876], [-1.7913572, 51.6617743], [-1.7910728, 51.6620382], [-1.7906782, 51.6625489], [-1.7903106, 51.6630961], [-1.7900797, 51.6633432], [-1.7901111, 51.6634993], [-1.7903718, 51.6635965], [-1.7907383, 51.6636588], [-1.7910523, 51.6637634], [-1.7912814, 51.663943], [-1.7974883, 51.6610299]]]}}, {"type": "Feature", "properties": {"water": "river", "name": "River Thames", "source_id": "osm/way/34035415", "source": "OpenStreetMap", "licence": "ODbL 1.0"}, "geometry": {"type": "Polygon", "coordinates": [[[-1.2698268, 51.6711086], [-1.270035, 51.6710529], [-1.2701783, 51.6709581], [-1.2706968, 51.6704216], [-1.2698268, 51.6711086]]]}}, {"type": "Feature", "properties": {"water": "river", "name": "River Thames", "source_id": "osm/way/34035525", "source": "OpenStreetMap", "licence": "ODbL 1.0"}, "geometry": {"type": "Polygon", "coordinates": [[[-1.2674242, 51.6706819], [-1.2683006, 51.6706537], [-1.2685204, 51.6706468], [-1.2687307, 51.6706014], [-1.2674242, 51.6706819]]]}}, {"type": "Feature", "properties": {"water": "river", "name": "River Thames", "source_id": "osm/way/34035532", "source": "OpenStreetMap", "licence": "ODbL 1.0"}, "geometry": {"type": "Polygon", "coordinates": [[[-1.2692302, 51.6704851], [-1.269631, 51.6704035], [-1.2711065, 51.670197], [-1.2692302, 51.6704851]]]}}, {"type": "Feature", "properties": {"water": "river", "name": "River Thames", "source_id": "osm/way/35037542", "source": "OpenStreetMap", "licence": "ODbL 1.0"}, "geometry": {"type": "Polygon", "coordinates": [[[-1.3629227, 51.7612643], [-1.3628489, 51.7614369], [-1.3624866, 51.7617995], [-1.3622085, 51.7618698], [-1.3618926, 51.7619496], [-1.3612483, 51.7621527], [-1.3604087, 51.7626125], [-1.3598484, 51.7632071], [-1.3591439, 51.7634746], [-1.3591065, 51.7635817], [-1.3590585, 51.763719], [-1.3591002, 51.763936], [-1.3594748, 51.7641253], [-1.3601092, 51.7643984], [-1.36027, 51.7647463], [-1.3601259, 51.7651426], [-1.3600832, 51.7653705], [-1.3604453, 51.7657524], [-1.3608517, 51.7658825], [-1.3615052, 51.7659424], [-1.3619084, 51.7660377], [-1.3622019, 51.7662028], [-1.3626289, 51.7666586], [-1.3630291, 51.7670087], [-1.3635308, 51.7672663], [-1.3638403, 51.7675008], [-1.3640058, 51.7677089], [-1.3639385, 51.7679584], [-1.3637069, 51.7681316], [-1.3632426, 51.7682703], [-1.3630558, 51.7683628], [-1.3629704, 51.7685544], [-1.3629282, 51.7687329], [-1.3631359, 51.7690333], [-1.3635361, 51.7692182], [-1.3636424, 51.7694897], [-1.3633707, 51.7697004], [-1.3629651, 51.7697367], [-1.3627143, 51.7698325], [-1.3626032, 51.7699978], [-1.3627143, 51.7702816], [-1.3630238, 51.7704831], [-1.3632201, 51.7707268], [-1.3630588, 51.7711151], [-1.3624501, 51.7713679], [-1.3621369, 51.7716501], [-1.3619074, 51.7721388], [-1.3615765, 51.7724096], [-1.3612563, 51.772578], [-1.3609985, 51.772785], [-1.3611069, 51.7731196], [-1.3612709, 51.7734868], [-1.3611336, 51.773681], [-1.3608426, 51.7737919], [-1.3604077, 51.7737801], [-1.3601064, 51.7738569], [-1.3597086, 51.7741037], [-1.3593244, 51.7743613], [-1.3587, 51.774642], [-1.3580051, 51.7747583], [-1.3576678, 51.7747272], [-1.3573889, 51.7747338], [-1.3571299, 51.7747452], [-1.3629227, 51.7612643]]]}}, {"type": "Feature", "properties": {"water": "river", "name": "River Thames", "source_id": "osm/way/35037737", "source": "OpenStreetMap", "licence": "ODbL 1.0"}, "geometry": {"type": "Polygon", "coordinates": [[[-1.3566244, 51.7747772], [-1.3564846, 51.7747848], [-1.3556204, 51.774906], [-1.3553025, 51.7749499], [-1.3549667, 51.7749593], [-1.3546437, 51.7750217], [-1.3544043, 51.775089], [-1.3539187, 51.7753046], [-1.3536598, 51.7754186], [-1.3534248, 51.7755065], [-1.3532622, 51.7755353], [-1.3529817, 51.7755502], [-1.3526731, 51.7755856], [-1.3524478, 51.77563], [-1.3519884, 51.7757799], [-1.3517843, 51.7758465], [-1.3513166, 51.7759225], [-1.3506362, 51.7759817], [-1.3485312, 51.7769082], [-1.3566244, 51.7747772]]]}}, {"type": "Feature", "properties": {"water": "river", "name": "River Thames", "source_id": "osm/way/35044994", "source": "OpenStreetMap", "licence": "ODbL 1.0"}, "geometry": {"type": "Polygon", "coordinates": [[[-1.3580051, 51.7747583], [-1.3577491, 51.7748601], [-1.3575952, 51.7749571], [-1.3574114, 51.7751284], [-1.3573445, 51.7753077], [-1.3572557, 51.7753701], [-1.3571683, 51.7753949], [-1.3570467, 51.7754096], [-1.356886, 51.7753782], [-1.3564397, 51.7752227], [-1.3557865, 51.774951], [-1.3556204, 51.774906], [-1.3580051, 51.7747583]]]}}, {"type": "Feature", "properties": {"water": "river", "name": "River Thames", "source_id": "osm/way/35355426", "source": "OpenStreetMap", "licence": "ODbL 1.0"}, "geometry": {"type": "Polygon", "coordinates": [[[-1.1801767, 51.6379709], [-1.1809526, 51.6374272], [-1.1814075, 51.6370264], [-1.1815105, 51.6364192], [-1.181193, 51.6358279], [-1.180989, 51.6356336], [-1.1804834, 51.6355463], [-1.1801767, 51.6379709]]]}}, {"type": "Feature", "properties": {"water": "river", "name": "River Thames", "source_id": "osm/way/42028298", "source": "OpenStreetMap", "licence": "ODbL 1.0"}, "geometry": {"type": "Polygon", "coordinates": [[[-0.7709426, 51.5678964], [-0.7702619, 51.567776], [-0.7696488, 51.5675764], [-0.769091, 51.5673733], [-0.7709426, 51.5678964]]]}}, {"type": "Feature", "properties": {"water": "river", "name": "River Thames", "source_id": "osm/way/43186753", "source": "OpenStreetMap", "licence": "ODbL 1.0"}, "geometry": {"type": "Polygon", "coordinates": [[[-0.8121524, 51.5504859], [-0.8113284, 51.5505179], [-0.8105645, 51.5506513], [-0.8093295, 51.5510939], [-0.8090317, 51.5511697], [-0.8121524, 51.5504859]]]}}, {"type": "Feature", "properties": {"water": "river", "name": "River Thames", "source_id": "osm/way/43188053", "source": "OpenStreetMap", "licence": "ODbL 1.0"}, "geometry": {"type": "Polygon", "coordinates": [[[-0.7970507, 51.5515458], [-0.7957371, 51.5516899], [-0.7942491, 51.5519991], [-0.7970507, 51.5515458]]]}}, {"type": "Feature", "properties": {"water": "river", "name": "River Thames", "source_id": "osm/way/47845849", "source": "OpenStreetMap", "licence": "ODbL 1.0"}, "geometry": {"type": "Polygon", "coordinates": [[[-0.4582853, 51.3821317], [-0.4566676, 51.3824486], [-0.4564973, 51.3824803], [-0.4582853, 51.3821317]]]}}, {"type": "Feature", "properties": {"water": "river", "name": "River Thames", "source_id": "osm/way/48467851", "source": "OpenStreetMap", "licence": "ODbL 1.0"}, "geometry": {"type": "Polygon", "coordinates": [[[-1.2429236, 51.7371216], [-1.2425459, 51.7367495], [-1.2420567, 51.7359682], [-1.2429236, 51.7371216]]]}}, {"type": "Feature", "properties": {"water": "stream", "name": "River Thames", "source_id": "osm/way/48549420", "source": "OpenStreetMap", "licence": "ODbL 1.0"}, "geometry": {"type": "Polygon", "coordinates": [[[-2.0148077, 51.6797515], [-2.0147565, 51.6796149], [-2.0136444, 51.679398], [-2.012947, 51.6794113], [-2.0124535, 51.6792583], [-2.0119385, 51.6790055], [-2.0117775, 51.6787926], [-2.0117454, 51.6785398], [-2.0115308, 51.678287], [-2.0113698, 51.6781008], [-2.010533, 51.6780276], [-2.0096747, 51.6779344], [-2.0090631, 51.6778213], [-2.0086233, 51.6776816], [-2.0083336, 51.6775885], [-2.008119, 51.6776018], [-2.0078615, 51.6776816], [-2.0075826, 51.6776351], [-2.0073143, 51.6775286], [-2.0070354, 51.677369], [-2.0067135, 51.6772359], [-2.0065311, 51.6770097], [-2.0067028, 51.6764575], [-2.0067672, 51.6763843], [-2.0068611, 51.6762413], [-2.0069818, 51.6761382], [-2.0073251, 51.6761448], [-2.0074431, 51.6760716], [-2.007486, 51.6759585], [-2.0070783, 51.6753198], [-2.0069067, 51.6750936], [-2.0064453, 51.6750321], [-2.0061342, 51.6750621], [-2.0056621, 51.6751486], [-2.0035056, 51.6753797], [-2.0034627, 51.67526], [-2.0030979, 51.6750338], [-2.0028051, 51.6747418], [-2.002685, 51.67459], [-2.0024114, 51.6745155], [-2.0019168, 51.6746257], [-2.0016144, 51.6746555], [-2.0013695, 51.6745483], [-2.0011198, 51.6743964], [-2.0010238, 51.6742178], [-2.0006493, 51.6738456], [-2.0000597, 51.6734845], [-1.9997558, 51.6731324], [-1.9992837, 51.6730541], [-1.9987849, 51.6730647], [-1.9984818, 51.6732277], [-1.9980875, 51.6734704], [-1.9973874, 51.6737114], [-1.9964379, 51.6739737], [-1.9957259, 51.6742955], [-2.0148077, 51.6797515]]]}}, {"type": "Feature", "properties": {"water": "river", "name": "River Thames", "source_id": "osm/way/48856078", "source": "OpenStreetMap", "licence": "ODbL 1.0"}, "geometry": {"type": "Polygon", "coordinates": [[[-1.5845786, 51.694242], [-1.5842059, 51.694481], [-1.5840267, 51.6948442], [-1.5837921, 51.6951381], [-1.583728, 51.6951811], [-1.5833587, 51.6953002], [-1.5819796, 51.6955548], [-1.5809316, 51.6957447], [-1.580386, 51.6959671], [-1.5800542, 51.696172], [-1.5797408, 51.6965171], [-1.5794503, 51.6966405], [-1.578946, 51.6967593], [-1.5787989, 51.6969507], [-1.5788958, 51.697167], [-1.5791524, 51.6973973], [-1.5791931, 51.6975856], [-1.5790108, 51.697858], [-1.5778133, 51.6988033], [-1.5770668, 51.6996182], [-1.5767478, 51.6997704], [-1.5756738, 51.7001061], [-1.5752963, 51.7001176], [-1.5747774, 51.7001085], [-1.5845786, 51.694242]]]}}, {"type": "Feature", "properties": {"water": "river", "name": "River Thames", "source_id": "osm/way/48856219", "source": "OpenStreetMap", "licence": "ODbL 1.0"}, "geometry": {"type": "Polygon", "coordinates": [[[-1.3091011, 51.7893881], [-1.3085318, 51.7893941], [-1.3080946, 51.7893759], [-1.3079377, 51.7893568], [-1.3077861, 51.7893261], [-1.3076297, 51.7892814], [-1.3071262, 51.7890984], [-1.3091011, 51.7893881]]]}}, {"type": "Feature", "properties": {"water": "river", "name": "River Thames", "source_id": "osm/way/48856220", "source": "OpenStreetMap", "licence": "ODbL 1.0"}, "geometry": {"type": "Polygon", "coordinates": [[[-1.3029066, 51.7807967], [-1.3026612, 51.7807525], [-1.3024437, 51.7807134], [-1.3022297, 51.78065], [-1.3020494, 51.7805812], [-1.3013482, 51.7803112], [-1.3009937, 51.780165], [-1.3006733, 51.7800003], [-1.2992234, 51.7791499], [-1.2988742, 51.7788699], [-1.2985521, 51.778549], [-1.3029066, 51.7807967]]]}}, {"type": "Feature", "properties": {"water": "river", "name": "River Thames", "source_id": "osm/way/48856760", "source": "OpenStreetMap", "licence": "ODbL 1.0"}, "geometry": {"type": "Polygon", "coordinates": [[[-1.5896929, 51.6919842], [-1.5894645, 51.6922366], [-1.5894169, 51.6924249], [-1.5895335, 51.6927448], [-1.5896554, 51.6930749], [-1.5896929, 51.6919842]]]}}, {"type": "Feature", "properties": {"water": "river", "name": "River Thames", "source_id": "osm/way/48959494", "source": "OpenStreetMap", "licence": "ODbL 1.0"}, "geometry": {"type": "Polygon", "coordinates": [[[-1.3224445, 51.7880381], [-1.3223798, 51.7880381], [-1.3211437, 51.7880379], [-1.3208708, 51.7880486], [-1.320581, 51.7880733], [-1.3201799, 51.7881612], [-1.3199107, 51.7882607], [-1.3195722, 51.7883825], [-1.3192451, 51.7884827], [-1.3189135, 51.7885843], [-1.3183907, 51.7887313], [-1.3181253, 51.7887561], [-1.3178683, 51.788746], [-1.3176076, 51.7887069], [-1.3173883, 51.7886278], [-1.3172735, 51.788555], [-1.31719, 51.7884642], [-1.3171437, 51.7883607], [-1.3171319, 51.7882512], [-1.3171474, 51.7881663], [-1.3171971, 51.7880815], [-1.3173488, 51.7878635], [-1.3173813, 51.7877113], [-1.3173436, 51.7875986], [-1.3172628, 51.787481], [-1.3171322, 51.7874057], [-1.3169753, 51.7873475], [-1.3167301, 51.7872978], [-1.3165378, 51.7872938], [-1.3163609, 51.787319], [-1.3161725, 51.7873764], [-1.316067, 51.7874381], [-1.316012, 51.7874916], [-1.3159142, 51.7876153], [-1.3157363, 51.7878352], [-1.3156252, 51.7879719], [-1.3155428, 51.7880482], [-1.3224445, 51.7880381]]]}}, {"type": "Feature", "properties": {"water": "river", "name": "River Thames", "source_id": "osm/way/51017833", "source": "OpenStreetMap", "licence": "ODbL 1.0"}, "geometry": {"type": "Polygon", "coordinates": [[[-0.6997548, 51.533502], [-0.6996878, 51.5331865], [-0.6996375, 51.5329495], [-0.6997548, 51.533502]]]}}, {"type": "Feature", "properties": {"water": "river", "name": "River Thames", "source_id": "osm/way/55533535", "source": "OpenStreetMap", "licence": "ODbL 1.0"}, "geometry": {"type": "Polygon", "coordinates": [[[-1.040672, 51.4881609], [-1.0401758, 51.48687], [-1.0400349, 51.4865445], [-1.040672, 51.4881609]]]}}, {"type": "Feature", "properties": {"water": "river", "name": "River Thames", "source_id": "osm/way/59965500", "source": "OpenStreetMap", "licence": "ODbL 1.0"}, "geometry": {"type": "Polygon", "coordinates": [[[-0.8084965, 51.55131], [-0.8074284, 51.5514903], [-0.8054901, 51.5517035], [-0.8046867, 51.5519341], [-0.8042398, 51.5519549], [-0.8036923, 51.5519947], [-0.8084965, 51.55131]]]}}, {"type": "Feature", "properties": {"water": "river", "name": "River Thames", "source_id": "osm/way/59976006", "source": "OpenStreetMap", "licence": "ODbL 1.0"}, "geometry": {"type": "Polygon", "coordinates": [[[-0.7680138, 51.567342], [-0.7679081, 51.5671637], [-0.7672805, 51.5669453], [-0.7680138, 51.567342]]]}}, {"type": "Feature", "properties": {"water": "river", "name": "River Thames", "source_id": "osm/way/59994374", "source": "OpenStreetMap", "licence": "ODbL 1.0"}, "geometry": {"type": "Polygon", "coordinates": [[[-0.7936815, 51.5521078], [-0.7933316, 51.5521503], [-0.7925514, 51.5523191], [-0.7911674, 51.5527457], [-0.7936815, 51.5521078]]]}}, {"type": "Feature", "properties": {"water": "river", "name": "River Thames", "source_id": "osm/way/60004850", "source": "OpenStreetMap", "licence": "ODbL 1.0"}, "geometry": {"type": "Polygon", "coordinates": [[[-0.8857172, 51.5287784], [-0.8864226, 51.5291733], [-0.8869447, 51.5293896], [-0.8857172, 51.5287784]]]}}, {"type": "Feature", "properties": {"water": "river", "name": "River Thames", "source_id": "osm/way/84207694", "source": "OpenStreetMap", "licence": "ODbL 1.0"}, "geometry": {"type": "Polygon", "coordinates": [[[-1.9605821, 51.6454984], [-1.9602248, 51.6452258], [-1.9597382, 51.6450214], [-1.959517, 51.6449893], [-1.9584227, 51.6449911], [-1.9570249, 51.6450007], [-1.95572, 51.6451259], [-1.9550993, 51.6452288], [-1.9500613, 51.6459455], [-1.9495307, 51.6459669], [-1.9471804, 51.6463825], [-1.9451795, 51.6460258], [-1.9451441, 51.6459295], [-1.9447009, 51.6446292], [-1.9445292, 51.6431654], [-1.9444354, 51.6429601], [-1.9442097, 51.6427359], [-1.943709, 51.6420681], [-1.9432791, 51.6414002], [-1.9431476, 51.641105], [-1.9429429, 51.6404919], [-1.9427829, 51.6402623], [-1.9424895, 51.6400592], [-1.9423912, 51.6399419], [-1.9413553, 51.6378298], [-1.941182, 51.6377984], [-1.9395064, 51.6380983], [-1.9384571, 51.6383454], [-1.9380769, 51.6384928], [-1.9377195, 51.6386136], [-1.9375106, 51.6386597], [-1.9373585, 51.6386532], [-1.9372806, 51.638629], [-1.9372523, 51.6385807], [-1.9372487, 51.6384972], [-1.937185, 51.6384335], [-1.9370399, 51.6384115], [-1.9368347, 51.6384269], [-1.9366931, 51.6384621], [-1.9365657, 51.6384643], [-1.9363958, 51.6384225], [-1.9362684, 51.6384401], [-1.9361941, 51.638473], [-1.9361197, 51.6385367], [-1.936102, 51.6385982], [-1.9361233, 51.6387388], [-1.9361056, 51.6387981], [-1.9360313, 51.6388377], [-1.9359215, 51.6388552], [-1.9358295, 51.6388311], [-1.9357623, 51.6387432], [-1.935695, 51.6386685], [-1.9355641, 51.6386356], [-1.9353977, 51.6386532], [-1.9353305, 51.6386993], [-1.935288, 51.6387871], [-1.9352739, 51.6389211], [-1.9352526, 51.6390463], [-1.9352172, 51.6391034], [-1.935196, 51.6391518], [-1.9352137, 51.6391825], [-1.9353128, 51.6392133], [-1.9354402, 51.6392089], [-1.9356278, 51.6391781], [-1.9357481, 51.6391781], [-1.935826, 51.6392133], [-1.9358791, 51.6393011], [-1.9358437, 51.6393736], [-1.9358224, 51.6394439], [-1.9357057, 51.6395208], [-1.9355782, 51.6395493], [-1.9352986, 51.6395603], [-1.9351252, 51.6395493], [-1.9349129, 51.6395054], [-1.9345873, 51.6394241], [-1.9342971, 51.6393319], [-1.9341661, 51.6392726], [-1.9340352, 51.6392374], [-1.933819, 51.6392242], [-1.9335442, 51.6392125], [-1.9330406, 51.6391374], [-1.9328739, 51.6390996], [-1.9325771, 51.6390088], [-1.932325, 51.6389861], [-1.9321258, 51.6389709], [-1.9320039, 51.6389179], [-1.931947, 51.6388448], [-1.932012, 51.6387287], [-1.9321096, 51.638595], [-1.9321075, 51.6385697], [-1.9320771, 51.6385445], [-1.9317356, 51.6384057], [-1.9315567, 51.6382695], [-1.9314306, 51.6381888], [-1.9312762, 51.6381761], [-1.9310851, 51.6382064], [-1.9309306, 51.6381989], [-1.930829, 51.6381484], [-1.9307802, 51.6380651], [-1.9308046, 51.6379541], [-1.9307761, 51.6378179], [-1.9306867, 51.6376185], [-1.9305606, 51.6374949], [-1.9303411, 51.6373485], [-1.9302069, 51.6372905], [-1.9300159, 51.6372905], [-1.9298207, 51.637341], [-1.9296337, 51.6373637], [-1.9295239, 51.6373435], [-1.9294182, 51.6372804], [-1.9294142, 51.63723], [-1.9294304, 51.6371391], [-1.9294522, 51.6370118], [-1.9294627, 51.6369236], [-1.929446, 51.6368656], [-1.9293741, 51.6368271], [-1.9291333, 51.6367885], [-1.928511, 51.6366753], [-1.9280672, 51.6365785], [-1.9274409, 51.6365126], [-1.9271671, 51.6364664], [-1.9271273, 51.6364242], [-1.9271316, 51.6363448], [-1.9271795, 51.6362537], [-1.9271236, 51.6361688], [-1.9605821, 51.6454984]]]}}, {"type": "Feature", "properties": {"water": "river", "name": "River Thames", "source_id": "osm/way/84207697", "source": "OpenStreetMap", "licence": "ODbL 1.0"}, "geometry": {"type": "Polygon", "coordinates": [[[-1.9271236, 51.6361688], [-1.9269503, 51.636138], [-1.9267069, 51.636152], [-1.9261078, 51.6361426], [-1.9259007, 51.6361352], [-1.9257323, 51.6361292], [-1.925507, 51.6362025], [-1.9253246, 51.6363357], [-1.9250778, 51.6365954], [-1.9247345, 51.6368417], [-1.9245074, 51.6369224], [-1.9242378, 51.6370182], [-1.9234331, 51.6373378], [-1.9221729, 51.6379484], [-1.9217746, 51.6379558], [-1.9211694, 51.6379171], [-1.9209532, 51.637996], [-1.9208046, 51.6380503], [-1.9206758, 51.6383166], [-1.9203647, 51.6383299], [-1.919045, 51.6383765], [-1.9180473, 51.6384897], [-1.9172641, 51.6386629], [-1.9169851, 51.6387028], [-1.9167062, 51.6385963], [-1.9165989, 51.6382367], [-1.9162341, 51.6380969], [-1.9157513, 51.637997], [-1.915401, 51.6379927], [-1.9151427, 51.638019], [-1.9143614, 51.6383359], [-1.9138308, 51.6386229], [-1.9136016, 51.6387268], [-1.91333, 51.6387987], [-1.9130183, 51.6388209], [-1.9128401, 51.6388088], [-1.912646, 51.6387647], [-1.9124842, 51.6386385], [-1.912344, 51.6385945], [-1.9122234, 51.6385873], [-1.912005, 51.6386214], [-1.911567, 51.6386962], [-1.9114179, 51.6386987], [-1.9112593, 51.638684], [-1.9110143, 51.638633], [-1.9108736, 51.6386229], [-1.910698, 51.6386215], [-1.9105269, 51.6386533], [-1.9103981, 51.6386989], [-1.9102729, 51.6387593], [-1.9100516, 51.6389099], [-1.909947, 51.6390024], [-1.9098363, 51.6391088], [-1.9097132, 51.6391751], [-1.9095832, 51.6391978], [-1.9094756, 51.6391837], [-1.9093354, 51.639129], [-1.9091301, 51.6390609], [-1.9090136, 51.6390624], [-1.9088465, 51.6390842], [-1.908645, 51.6391386], [-1.9085415, 51.6391756], [-1.9084807, 51.6392244], [-1.9083989, 51.6393604], [-1.9083254, 51.6394574], [-1.9082238, 51.6395065], [-1.9081017, 51.639498], [-1.9079394, 51.639457], [-1.9077788, 51.639409], [-1.907651, 51.6394219], [-1.9075344, 51.639451], [-1.9074364, 51.6395351], [-1.9074174, 51.6396974], [-1.9074346, 51.639826], [-1.9074273, 51.6399508], [-1.9073632, 51.6400023], [-1.9072219, 51.6400412], [-1.9069982, 51.6400484], [-1.9067176, 51.6400278], [-1.9065108, 51.639943], [-1.9064013, 51.6399069], [-1.9062674, 51.6399137], [-1.9061627, 51.6399418], [-1.9060372, 51.6400202], [-1.9059564, 51.6401011], [-1.9057564, 51.6402778], [-1.9056662, 51.6403303], [-1.9055825, 51.6403426], [-1.9054906, 51.6403272], [-1.9054017, 51.6402967], [-1.9053592, 51.6402461], [-1.9053574, 51.6401778], [-1.9054055, 51.6399923], [-1.9054669, 51.6397869], [-1.9054571, 51.6396938], [-1.9053797, 51.6396347], [-1.9052698, 51.6396084], [-1.9051276, 51.6396046], [-1.905026, 51.6396084], [-1.9047707, 51.6396336], [-1.9045694, 51.6396791], [-1.9042827, 51.6397548], [-1.9040995, 51.6397862], [-1.9039204, 51.6397856], [-1.903774, 51.6397663], [-1.9036154, 51.6397962], [-1.9031242, 51.639927], [-1.9028749, 51.6400035], [-1.9028126, 51.6400345], [-1.9026584, 51.6401558], [-1.902556, 51.6402185], [-1.9024031, 51.6402978], [-1.9022929, 51.6403493], [-1.9021488, 51.6403982], [-1.9019466, 51.6404644], [-1.9017829, 51.6405272], [-1.9016139, 51.6405754], [-1.9014989, 51.6405856], [-1.901356, 51.6405844], [-1.9011826, 51.6405719], [-1.9006671, 51.6408468], [-1.9000985, 51.6410466], [-1.8999804, 51.6413329], [-1.8994118, 51.6414793], [-1.8985642, 51.641506], [-1.8982209, 51.6416258], [-1.8980707, 51.6420985], [-1.8975557, 51.6422184], [-1.8970837, 51.6421651], [-1.8969978, 51.6423782], [-1.8968738, 51.6428838], [-1.9271236, 51.6361688]]]}}, {"type": "Feature", "properties": {"water": "river", "name": "River Thames", "source_id": "osm/way/97635033", "source": "OpenStreetMap", "licence": "ODbL 1.0"}, "geometry": {"type": "Polygon", "coordinates": [[[-0.8737124, 51.5608871], [-0.8737323, 51.5607069], [-0.8736172, 51.5603573], [-0.8734858, 51.5601826], [-0.8737124, 51.5608871]]]}}, {"type": "Feature", "properties": {"water": "river", "name": "River Thames", "source_id": "osm/way/97635036", "source": "OpenStreetMap", "licence": "ODbL 1.0"}, "geometry": {"type": "Polygon", "coordinates": [[[-0.8962309, 51.5340241], [-0.8968076, 51.5339361], [-0.8974459, 51.53417], [-0.8982399, 51.534764], [-0.8986972, 51.535423], [-0.8962309, 51.5340241]]]}}, {"type": "Feature", "properties": {"water": "river", "name": "River Thames", "source_id": "osm/way/97635037", "source": "OpenStreetMap", "licence": "ODbL 1.0"}, "geometry": {"type": "Polygon", "coordinates": [[[-0.8705018, 51.5585368], [-0.8704379, 51.5582002], [-0.870063, 51.5578322], [-0.8696266, 51.5568935], [-0.8705018, 51.5585368]]]}}, {"type": "Feature", "properties": {"water": "river", "name": "River Thames", "source_id": "osm/way/97635044", "source": "OpenStreetMap", "licence": "ODbL 1.0"}, "geometry": {"type": "Polygon", "coordinates": [[[-0.8901717, 51.5555275], [-0.8895278, 51.5557341], [-0.8892437, 51.5560016], [-0.8884927, 51.5567687], [-0.8880636, 51.5578694], [-0.8878401, 51.5584337], [-0.8877087, 51.5591071], [-0.8901717, 51.5555275]]]}}, {"type": "Feature", "properties": {"water": "river", "name": "River Thames", "source_id": "osm/way/97636816", "source": "OpenStreetMap", "licence": "ODbL 1.0"}, "geometry": {"type": "Polygon", "coordinates": [[[-0.7672805, 51.5669453], [-0.7654335, 51.5665051], [-0.7647938, 51.5663851], [-0.7672805, 51.5669453]]]}}, {"type": "Feature", "properties": {"water": "river", "name": "River Thames", "source_id": "osm/way/97674885", "source": "OpenStreetMap", "licence": "ODbL 1.0"}, "geometry": {"type": "Polygon", "coordinates": [[[-0.6973815, 51.5386315], [-0.6987961, 51.5371867], [-0.6995042, 51.5364293], [-0.6996812, 51.5361123], [-0.6999065, 51.5356285], [-0.7000138, 51.5353115], [-0.7000245, 51.5348577], [-0.6997548, 51.533502], [-0.6973815, 51.5386315]]]}}, {"type": "Feature", "properties": {"water": "river", "name": "Ray Mill Stream", "source_id": "osm/way/97674886", "source": "OpenStreetMap", "licence": "ODbL 1.0"}, "geometry": {"type": "Polygon", "coordinates": [[[-0.6980423, 51.5372546], [-0.6983625, 51.5368659], [-0.6986414, 51.5363747], [-0.6993325, 51.5349044], [-0.69936, 51.5347812], [-0.6994398, 51.5344239], [-0.6990707, 51.5334168], [-0.699013, 51.5334016], [-0.6989784, 51.5333075], [-0.6980423, 51.5372546]]]}}, {"type": "Feature", "properties": {"water": "river", "name": "River Thames", "source_id": "osm/way/97678880", "source": "OpenStreetMap", "licence": "ODbL 1.0"}, "geometry": {"type": "Polygon", "coordinates": [[[-0.6998289, 51.5307723], [-0.7002287, 51.5300458], [-0.7013552, 51.5280034], [-0.7016834, 51.5271961], [-0.7020362, 51.5263745], [-0.7021356, 51.5253774], [-0.702181, 51.5249227], [-0.7018215, 51.5246826], [-0.6998289, 51.5307723]]]}}, {"type": "Feature", "properties": {"water": "river", "name": "River Thames", "source_id": "osm/way/97682987", "source": "OpenStreetMap", "licence": "ODbL 1.0"}, "geometry": {"type": "Polygon", "coordinates": [[[-0.6924349, 51.5102218], [-0.6917674, 51.5101574], [-0.6907773, 51.5098534], [-0.6902169, 51.5096217], [-0.6924349, 51.5102218]]]}}, {"type": "Feature", "properties": {"water": "river", "name": "River Thames", "source_id": "osm/way/97682988", "source": "OpenStreetMap", "licence": "ODbL 1.0"}, "geometry": {"type": "Polygon", "coordinates": [[[-0.6841181, 51.5046436], [-0.6842212, 51.5042885], [-0.6843715, 51.5035322], [-0.6843071, 51.5029328], [-0.6837062, 51.502138], [-0.6827085, 51.5007289], [-0.682333, 51.5002547], [-0.6818292, 51.5001795], [-0.6841181, 51.5046436]]]}}, {"type": "Feature", "properties": {"water": "river", "name": "River Thames", "source_id": "osm/way/97682989", "source": "OpenStreetMap", "licence": "ODbL 1.0"}, "geometry": {"type": "Polygon", "coordinates": [[[-0.6989321, 51.5096295], [-0.6983511, 51.5094638], [-0.6942742, 51.5096575], [-0.6939094, 51.5095439], [-0.6925146, 51.5093503], [-0.691077, 51.5088962], [-0.6989321, 51.5096295]]]}}, {"type": "Feature", "properties": {"water": "river", "name": "River Thames", "source_id": "osm/way/97687796", "source": "OpenStreetMap", "licence": "ODbL 1.0"}, "geometry": {"type": "Polygon", "coordinates": [[[-0.5974032, 51.4934048], [-0.596679, 51.4931276], [-0.5962874, 51.4927836], [-0.5960836, 51.492326], [-0.5960656, 51.4919464], [-0.5974032, 51.4934048]]]}}, {"type": "Feature", "properties": {"water": "river", "name": "River Thames", "source_id": "osm/way/97687802", "source": "OpenStreetMap", "licence": "ODbL 1.0"}, "geometry": {"type": "Polygon", "coordinates": [[[-0.6066086, 51.4877581], [-0.6064187, 51.4881106], [-0.6055574, 51.4894337], [-0.6066086, 51.4877581]]]}}, {"type": "Feature", "properties": {"water": "river", "name": "River Thames", "source_id": "osm/way/97687816", "source": "OpenStreetMap", "licence": "ODbL 1.0"}, "geometry": {"type": "Polygon", "coordinates": [[[-0.6040584, 51.4918019], [-0.6040361, 51.4918889], [-0.6039632, 51.4920291], [-0.6036767, 51.4922444], [-0.6027998, 51.4926567], [-0.5997636, 51.4931844], [-0.5984504, 51.4930791], [-0.5973411, 51.4926792], [-0.5960656, 51.4919464], [-0.6040584, 51.4918019]]]}}, {"type": "Feature", "properties": {"water": "river", "name": "River Thames", "source_id": "osm/way/97687825", "source": "OpenStreetMap", "licence": "ODbL 1.0"}, "geometry": {"type": "Polygon", "coordinates": [[[-0.6433182, 51.4902122], [-0.6423677, 51.4905637], [-0.6420121, 51.4906611], [-0.6411652, 51.4908932], [-0.6433182, 51.4902122]]]}}, {"type": "Feature", "properties": {"water": "river", "name": "River Thames", "source_id": "osm/way/97687830", "source": "OpenStreetMap", "licence": "ODbL 1.0"}, "geometry": {"type": "Polygon", "coordinates": [[[-0.6338994, 51.4923799], [-0.6294183, 51.491892], [-0.6257383, 51.4905827], [-0.6251268, 51.489928], [-0.625395, 51.4894337], [-0.6260709, 51.4890395], [-0.6279163, 51.4883915], [-0.6280558, 51.4879974], [-0.6278225, 51.4877741], [-0.6248479, 51.4873293], [-0.6236406, 51.4869567], [-0.6234864, 51.4869091], [-0.6229506, 51.4868417], [-0.6218438, 51.4868015], [-0.6191187, 51.4872358], [-0.6175308, 51.4866813], [-0.6167261, 51.48608], [-0.6145589, 51.4855923], [-0.6108789, 51.4853317], [-0.6090979, 51.4855722], [-0.6076173, 51.4862671], [-0.6070273, 51.4867347], [-0.6338994, 51.4923799]]]}}, {"type": "Feature", "properties": {"water": "river", "name": "River Thames", "source_id": "osm/way/97687834", "source": "OpenStreetMap", "licence": "ODbL 1.0"}, "geometry": {"type": "Polygon", "coordinates": [[[-0.6055574, 51.4894337], [-0.6052248, 51.4915046], [-0.6047206, 51.4922861], [-0.6041197, 51.4925266], [-0.6033044, 51.4930677], [-0.6016092, 51.4934752], [-0.6001072, 51.4936622], [-0.5990561, 51.4935845], [-0.5985891, 51.49355], [-0.5974032, 51.4934048], [-0.6055574, 51.4894337]]]}}, {"type": "Feature", "properties": {"water": "river", "name": "River Thames", "source_id": "osm/way/97687838", "source": "OpenStreetMap", "licence": "ODbL 1.0"}, "geometry": {"type": "Polygon", "coordinates": [[[-0.6218438, 51.4868015], [-0.620611, 51.4865988], [-0.6194405, 51.4863353], [-0.6189255, 51.4860533], [-0.6166832, 51.4856057], [-0.6160692, 51.4853158], [-0.6155226, 51.4852692], [-0.6149569, 51.4853735], [-0.6145589, 51.4855923], [-0.6218438, 51.4868015]]]}}, {"type": "Feature", "properties": {"water": "river", "name": "River Thames", "source_id": "osm/way/97696117", "source": "OpenStreetMap", "licence": "ODbL 1.0"}, "geometry": {"type": "Polygon", "coordinates": [[[-0.5790772, 51.4691237], [-0.5780208, 51.4692323], [-0.5767553, 51.4690748], [-0.5790772, 51.4691237]]]}}, {"type": "Feature", "properties": {"water": "river", "name": "River Thames", "source_id": "osm/way/97696118", "source": "OpenStreetMap", "licence": "ODbL 1.0"}, "geometry": {"type": "Polygon", "coordinates": [[[-0.5767553, 51.4690748], [-0.5755888, 51.469088], [-0.5732003, 51.4695012], [-0.5718012, 51.4699664], [-0.5699988, 51.4711694], [-0.5683079, 51.4724632], [-0.5667458, 51.4731849], [-0.5659476, 51.4733774], [-0.5653313, 51.473416], [-0.5648337, 51.4733668], [-0.5642477, 51.473222], [-0.5639036, 51.4730916], [-0.5635129, 51.4728627], [-0.5631152, 51.472522], [-0.5629092, 51.472105], [-0.5629864, 51.4716666], [-0.5632454, 51.4713122], [-0.5632697, 51.4709448], [-0.5628491, 51.4696082], [-0.5627339, 51.4688347], [-0.5625401, 51.4681753], [-0.5767553, 51.4690748]]]}}, {"type": "Feature", "properties": {"water": "river", "name": "River Thames", "source_id": "osm/way/97696119", "source": "OpenStreetMap", "licence": "ODbL 1.0"}, "geometry": {"type": "Polygon", "coordinates": [[[-0.5739893, 51.4549045], [-0.5737326, 51.454754], [-0.5735555, 51.4546788], [-0.5734292, 51.4545987], [-0.5733168, 51.4545033], [-0.5732683, 51.4544282], [-0.5732042, 51.4542743], [-0.5731478, 51.4539869], [-0.5731344, 51.4535439], [-0.5731559, 51.453335], [-0.5732093, 51.4532047], [-0.5732417, 51.4531244], [-0.5733866, 51.4529823], [-0.5736118, 51.4527656], [-0.5739893, 51.4549045]]]}}, {"type": "Feature", "properties": {"water": "river", "name": "River Thames", "source_id": "osm/way/97697054", "source": "OpenStreetMap", "licence": "ODbL 1.0"}, "geometry": {"type": "Polygon", "coordinates": [[[-0.5381208, 51.4389346], [-0.5366317, 51.4383827], [-0.5361072, 51.4380953], [-0.5359, 51.4378233], [-0.5381208, 51.4389346]]]}}, {"type": "Feature", "properties": {"water": "river", "name": "River Thames", "source_id": "osm/way/97697058", "source": "OpenStreetMap", "licence": "ODbL 1.0"}, "geometry": {"type": "Polygon", "coordinates": [[[-0.5402013, 51.4393781], [-0.5389077, 51.4391794], [-0.5381208, 51.4389346], [-0.5402013, 51.4393781]]]}}, {"type": "Feature", "properties": {"water": "river", "name": "River Thames", "source_id": "osm/way/97721587", "source": "OpenStreetMap", "licence": "ODbL 1.0"}, "geometry": {"type": "Polygon", "coordinates": [[[-0.4313533, 51.3871552], [-0.4313213, 51.387222], [-0.4312274, 51.3873927], [-0.4310333, 51.3875919], [-0.4305488, 51.3878781], [-0.4298619, 51.3881274], [-0.4291991, 51.3883318], [-0.4281652, 51.3883592], [-0.4270727, 51.38832], [-0.4265653, 51.3883974], [-0.4257852, 51.3886681], [-0.4231245, 51.3904356], [-0.4212362, 51.3920156], [-0.420197, 51.3931284], [-0.4194864, 51.3936788], [-0.4189188, 51.3940775], [-0.4179103, 51.3951218], [-0.4173309, 51.3966213], [-0.416838, 51.3971245], [-0.4147345, 51.3988972], [-0.4139191, 51.3996469], [-0.4124386, 51.4011998], [-0.4101641, 51.4028463], [-0.4083439, 51.4041155], [-0.4071633, 51.4048104], [-0.4064776, 51.4049779], [-0.4313533, 51.3871552]]]}}, {"type": "Feature", "properties": {"water": "river", "name": "River Thames", "source_id": "osm/way/97737620", "source": "OpenStreetMap", "licence": "ODbL 1.0"}, "geometry": {"type": "Polygon", "coordinates": [[[-0.3553784, 51.4107523], [-0.3549918, 51.4106659], [-0.3525976, 51.40993], [-0.3516377, 51.409479], [-0.3497816, 51.4083413], [-0.3504814, 51.4074579], [-0.3553784, 51.4107523]]]}}, {"type": "Feature", "properties": {"water": "river", "name": "River Thames", "source_id": "osm/way/97737622", "source": "OpenStreetMap", "licence": "ODbL 1.0"}, "geometry": {"type": "Polygon", "coordinates": [[[-0.3631237, 51.4119056], [-0.3615404, 51.4114464], [-0.3595985, 51.4113661], [-0.35782, 51.4115167], [-0.3631237, 51.4119056]]]}}, {"type": "Feature", "properties": {"water": "river", "name": "River Thames", "source_id": "osm/way/97737624", "source": "OpenStreetMap", "licence": "ODbL 1.0"}, "geometry": {"type": "Polygon", "coordinates": [[[-0.322807, 51.4311038], [-0.3229316, 51.4311209], [-0.3232965, 51.4311711], [-0.3233793, 51.4311951], [-0.322807, 51.4311038]]]}}, {"type": "Feature", "properties": {"water": "river", "name": "River Thames", "source_id": "osm/way/97737626", "source": "OpenStreetMap", "licence": "ODbL 1.0"}, "geometry": {"type": "Polygon", "coordinates": [[[-0.322807, 51.4311038], [-0.3231121, 51.4313339], [-0.3232538, 51.4313955], [-0.322807, 51.4311038]]]}}, {"type": "Feature", "properties": {"water": "river", "name": "River Thames", "source_id": "osm/way/97737627", "source": "OpenStreetMap", "licence": "ODbL 1.0"}, "geometry": {"type": "Polygon", "coordinates": [[[-0.416838, 51.3971245], [-0.4170274, 51.3976958], [-0.4170873, 51.3978754], [-0.4171107, 51.3980166], [-0.416838, 51.3971245]]]}}, {"type": "Feature", "properties": {"water": "river", "name": "River Thames", "source_id": "osm/way/97737628", "source": "OpenStreetMap", "licence": "ODbL 1.0"}, "geometry": {"type": "Polygon", "coordinates": [[[-0.30711, 51.4235793], [-0.3077503, 51.4238841], [-0.3079005, 51.4239322], [-0.3080078, 51.423952], [-0.3080539, 51.4239426], [-0.3081017, 51.4239176], [-0.3081453, 51.4238528], [-0.308176, 51.4237992], [-0.3081956, 51.4237401], [-0.3082331, 51.4236923], [-0.30828, 51.4236667], [-0.3083323, 51.4236531], [-0.3084062, 51.4236535], [-0.3085015, 51.4236867], [-0.3085695, 51.4237177], [-0.308626, 51.42373], [-0.3086739, 51.4237316], [-0.3087404, 51.4237248], [-0.3088417, 51.423709], [-0.3089101, 51.4237086], [-0.3089711, 51.4237248], [-0.3090227, 51.4237482], [-0.3092052, 51.4239218], [-0.3092369, 51.4243228], [-0.3093476, 51.424707], [-0.3093737, 51.4247923], [-0.3094464, 51.4248776], [-0.3095281, 51.4249366], [-0.3098227, 51.4250935], [-0.3102343, 51.4254945], [-0.3104502, 51.4256556], [-0.3108391, 51.4257903], [-0.3111155, 51.4258949], [-0.3114318, 51.4261065], [-0.3117591, 51.4263572], [-0.3122185, 51.4267123], [-0.312698, 51.4270718], [-0.3127699, 51.4271798], [-0.3129639, 51.4276227], [-0.30711, 51.4235793]]]}}, {"type": "Feature", "properties": {"water": "river", "name": "River Thames", "source_id": "osm/way/97737630", "source": "OpenStreetMap", "licence": "ODbL 1.0"}, "geometry": {"type": "Polygon", "coordinates": [[[-0.3972027, 51.4079412], [-0.3970314, 51.4086625], [-0.3964735, 51.4089637], [-0.3931476, 51.409827], [-0.3921069, 51.409827], [-0.3912601, 51.4096478], [-0.3972027, 51.4079412]]]}}, {"type": "Feature", "properties": {"water": "river", "name": "River Thames", "source_id": "osm/way/97737631", "source": "OpenStreetMap", "licence": "ODbL 1.0"}, "geometry": {"type": "Polygon", "coordinates": [[[-0.3330404, 51.3964631], [-0.332969, 51.3961734], [-0.3329577, 51.3959738], [-0.3330339, 51.39537], [-0.3327764, 51.3946671], [-0.3323703, 51.3940655], [-0.3317304, 51.3934253], [-0.3312905, 51.3929768], [-0.3304712, 51.3926254], [-0.3290964, 51.392063], [-0.3282297, 51.3920353], [-0.3330404, 51.3964631]]]}}, {"type": "Feature", "properties": {"water": "river", "name": "River Thames", "source_id": "osm/way/97737635", "source": "OpenStreetMap", "licence": "ODbL 1.0"}, "geometry": {"type": "Polygon", "coordinates": [[[-0.4124386, 51.4011998], [-0.4125012, 51.4013269], [-0.4126262, 51.4018627], [-0.4124386, 51.4011998]]]}}, {"type": "Feature", "properties": {"water": "river", "name": "River Thames", "source_id": "osm/way/97737637", "source": "OpenStreetMap", "licence": "ODbL 1.0"}, "geometry": {"type": "Polygon", "coordinates": [[[-0.30668, 51.4187964], [-0.3060402, 51.4192284], [-0.305375, 51.4205732], [-0.3055841, 51.4210384], [-0.3059527, 51.4212621], [-0.30668, 51.4187964]]]}}, {"type": "Feature", "properties": {"water": "river", "name": "River Thames", "source_id": "osm/way/97737639", "source": "OpenStreetMap", "licence": "ODbL 1.0"}, "geometry": {"type": "Polygon", "coordinates": [[[-0.3761477, 51.4082857], [-0.3758821, 51.4084326], [-0.3734709, 51.4100947], [-0.3707458, 51.410804], [-0.3679631, 51.4110104], [-0.3665018, 51.4111282], [-0.3761477, 51.4082857]]]}}, {"type": "Feature", "properties": {"water": "river", "name": "River Thames", "source_id": "osm/way/97737640", "source": "OpenStreetMap", "licence": "ODbL 1.0"}, "geometry": {"type": "Polygon", "coordinates": [[[-0.3486766, 51.4079063], [-0.3478397, 51.4074981], [-0.3471415, 51.4062948], [-0.3471018, 51.4058815], [-0.3486766, 51.4079063]]]}}, {"type": "Feature", "properties": {"water": "river", "name": "River Thames", "source_id": "osm/way/97737642", "source": "OpenStreetMap", "licence": "ODbL 1.0"}, "geometry": {"type": "Polygon", "coordinates": [[[-0.3497816, 51.4083413], [-0.3492608, 51.4080784], [-0.3486766, 51.4079063], [-0.3497816, 51.4083413]]]}}, {"type": "Feature", "properties": {"water": "river", "name": "River Thames", "source_id": "osm/way/97737643", "source": "OpenStreetMap", "licence": "ODbL 1.0"}, "geometry": {"type": "Polygon", "coordinates": [[[-0.4171107, 51.3980166], [-0.4171113, 51.3982953], [-0.4170514, 51.3985896], [-0.4168368, 51.3988339], [-0.4165937, 51.3990449], [-0.4160751, 51.3994464], [-0.4158057, 51.3996385], [-0.4150988, 51.4001425], [-0.4148406, 51.400411], [-0.4144374, 51.4007588], [-0.4140481, 51.4010532], [-0.4134157, 51.4013043], [-0.4126262, 51.4018627], [-0.4113759, 51.4035092], [-0.4103888, 51.4042722], [-0.409037, 51.4049281], [-0.4076101, 51.4054167], [-0.4058934, 51.4057915], [-0.4052762, 51.4057918], [-0.4039199, 51.4057926], [-0.4171107, 51.3980166]]]}}, {"type": "Feature", "properties": {"water": "river", "name": "River Thames", "source_id": "osm/way/97739375", "source": "OpenStreetMap", "licence": "ODbL 1.0"}, "geometry": {"type": "Polygon", "coordinates": [[[-0.3181965, 51.4298784], [-0.3190328, 51.4295175], [-0.3211571, 51.4299055], [-0.3181965, 51.4298784]]]}}, {"type": "Feature", "properties": {"water": "river", "name": "River Thames", "source_id": "osm/way/97764485", "source": "OpenStreetMap", "licence": "ODbL 1.0"}, "geometry": {"type": "Polygon", "coordinates": [[[-1.305894, 51.7886462], [-1.3057417, 51.7885472], [-1.3055697, 51.7884425], [-1.3053069, 51.7883359], [-1.3049097, 51.7881926], [-1.3045341, 51.7880309], [-1.3044058, 51.7879625], [-1.304314, 51.7878828], [-1.3042545, 51.7877773], [-1.3042411, 51.787675], [-1.3042545, 51.7875702], [-1.3042941, 51.7874622], [-1.3043286, 51.7873685], [-1.3044014, 51.787293], [-1.304563, 51.7872137], [-1.3047795, 51.7871464], [-1.3049001, 51.7871106], [-1.3050393, 51.7870608], [-1.3051585, 51.7869844], [-1.3052739, 51.7868877], [-1.3053177, 51.786828], [-1.3053471, 51.7867456], [-1.3053345, 51.7866577], [-1.3053015, 51.7865886], [-1.305239, 51.7864932], [-1.3051747, 51.7864094], [-1.3050574, 51.7863334], [-1.3049538, 51.7862982], [-1.3047612, 51.7862827], [-1.3046211, 51.7862894], [-1.3044901, 51.786298], [-1.3042725, 51.7862894], [-1.3041099, 51.7862546], [-1.3039936, 51.7862086], [-1.3037986, 51.7861131], [-1.303726, 51.7860496], [-1.3037055, 51.7859862], [-1.3037317, 51.7859097], [-1.3037597, 51.7858608], [-1.3038455, 51.7858166], [-1.3039488, 51.785782], [-1.3041163, 51.7857581], [-1.3046166, 51.7857079], [-1.3050729, 51.7856374], [-1.3052203, 51.7856048], [-1.305378, 51.7855542], [-1.3055083, 51.7854704], [-1.3055853, 51.785376], [-1.3056023, 51.7852851], [-1.3055742, 51.7852172], [-1.3054859, 51.7851155], [-1.3045863, 51.7841311], [-1.304502, 51.784021], [-1.3044861, 51.783971], [-1.3044861, 51.7839145], [-1.3045271, 51.7838236], [-1.3045875, 51.7837392], [-1.3047019, 51.7836196], [-1.3048211, 51.7834877], [-1.3049323, 51.7833558], [-1.3049773, 51.7832862], [-1.3050064, 51.7832354], [-1.3050117, 51.7832084], [-1.305008, 51.7831704], [-1.3049813, 51.7830814], [-1.3049111, 51.7829815], [-1.3048039, 51.782816], [-1.3047032, 51.7826546], [-1.3046185, 51.7825637], [-1.3045605, 51.7824709], [-1.3045152, 51.7823811], [-1.3044874, 51.7822869], [-1.3044345, 51.7820943], [-1.3043567, 51.7819032], [-1.3042528, 51.7817047], [-1.3041316, 51.7815099], [-1.304034, 51.7813588], [-1.3039498, 51.7812678], [-1.3038667, 51.78118], [-1.3036846, 51.7810428], [-1.3035724, 51.7809844], [-1.3034534, 51.7809387], [-1.3029066, 51.7807967], [-1.305894, 51.7886462]]]}}, {"type": "Feature", "properties": {"water": "river", "name": "River Thames", "source_id": "osm/way/97764496", "source": "OpenStreetMap", "licence": "ODbL 1.0"}, "geometry": {"type": "Polygon", "coordinates": [[[-1.2694451, 51.6469149], [-1.2692117, 51.6471563], [-1.2688704, 51.6473925], [-1.2682302, 51.6477705], [-1.26771, 51.6479553], [-1.2674047, 51.6481329], [-1.2694451, 51.6469149]]]}}, {"type": "Feature", "properties": {"water": "river", "name": "River Thames", "source_id": "osm/way/97764498", "source": "OpenStreetMap", "licence": "ODbL 1.0"}, "geometry": {"type": "Polygon", "coordinates": [[[-1.2706968, 51.6704216], [-1.2709759, 51.6703079], [-1.2711065, 51.670197], [-1.2706968, 51.6704216]]]}}, {"type": "Feature", "properties": {"water": "river", "name": "River Thames", "source_id": "osm/way/97764501", "source": "OpenStreetMap", "licence": "ODbL 1.0"}, "geometry": {"type": "Polygon", "coordinates": [[[-1.2750952, 51.6460346], [-1.2743866, 51.6461729], [-1.2740175, 51.6464787], [-1.2737171, 51.646958], [-1.2731858, 51.6472072], [-1.2728001, 51.6473574], [-1.2713941, 51.6473787], [-1.2707092, 51.6475471], [-1.2694904, 51.6479838], [-1.2674047, 51.6481329], [-1.2671186, 51.648187], [-1.266825, 51.6483041], [-1.2666021, 51.6484757], [-1.2663846, 51.6487569], [-1.2662923, 51.6489964], [-1.2661916, 51.6494388], [-1.2660917, 51.6496014], [-1.2658728, 51.6497511], [-1.2655499, 51.6498864], [-1.2648788, 51.6500932], [-1.2641531, 51.650256], [-1.2633978, 51.6503258], [-1.2750952, 51.6460346]]]}}, {"type": "Feature", "properties": {"water": "river", "name": "River Thames", "source_id": "osm/way/97764503", "source": "OpenStreetMap", "licence": "ODbL 1.0"}, "geometry": {"type": "Polygon", "coordinates": [[[-1.2144099, 51.6408891], [-1.2143192, 51.641043], [-1.2143433, 51.641316], [-1.2143187, 51.6416153], [-1.2142226, 51.6418287], [-1.2141636, 51.6418969], [-1.2140738, 51.6419577], [-1.2139879, 51.6420051], [-1.2138788, 51.6420506], [-1.2137559, 51.6420858], [-1.2136392, 51.64211], [-1.2134944, 51.6421266], [-1.213367, 51.6421316], [-1.2132476, 51.6421299], [-1.2128732, 51.6420993], [-1.2124229, 51.6421383], [-1.2121707, 51.6422132], [-1.2119366, 51.6423225], [-1.2118274, 51.6425927], [-1.2113392, 51.6430621], [-1.2112401, 51.6433525], [-1.2110957, 51.6444675], [-1.2109503, 51.645121], [-1.2110066, 51.645607], [-1.2109047, 51.646073], [-1.2107085, 51.6465387], [-1.2103656, 51.6471049], [-1.2100652, 51.6473612], [-1.2098908, 51.647481], [-1.2098238, 51.6476691], [-1.2097671, 51.6478668], [-1.2097858, 51.6486257], [-1.2097809, 51.649315], [-1.2098716, 51.6497458], [-1.2144099, 51.6408891]]]}}, {"type": "Feature", "properties": {"water": "river", "name": "River Thames", "source_id": "osm/way/97764507", "source": "OpenStreetMap", "licence": "ODbL 1.0"}, "geometry": {"type": "Polygon", "coordinates": [[[-1.2713164, 51.6464058], [-1.2711458, 51.6464351], [-1.2709329, 51.6464545], [-1.2704346, 51.6463967], [-1.2699484, 51.6465832], [-1.2695228, 51.6468592], [-1.2694451, 51.6469149], [-1.2713164, 51.6464058]]]}}, {"type": "Feature", "properties": {"water": "river", "name": "River Thames", "source_id": "osm/way/97764508", "source": "OpenStreetMap", "licence": "ODbL 1.0"}, "geometry": {"type": "Polygon", "coordinates": [[[-1.2692051, 51.6709472], [-1.2694305, 51.6708518], [-1.2695975, 51.6708283], [-1.2700287, 51.6707204], [-1.2706968, 51.6704216], [-1.2692051, 51.6709472]]]}}, {"type": "Feature", "properties": {"water": "river", "name": "River Thames", "source_id": "osm/way/97764511", "source": "OpenStreetMap", "licence": "ODbL 1.0"}, "geometry": {"type": "Polygon", "coordinates": [[[-1.2365506, 51.7160393], [-1.2352219, 51.7149052], [-1.2351649, 51.7147744], [-1.2349858, 51.7143634], [-1.2349554, 51.7139663], [-1.234972, 51.7137259], [-1.234921, 51.7131191], [-1.2347535, 51.7129386], [-1.2339161, 51.7122141], [-1.2338379, 51.7121465], [-1.2334913, 51.7118164], [-1.2332424, 51.7115814], [-1.232885, 51.7113066], [-1.2326523, 51.711033], [-1.232241, 51.7103781], [-1.2321511, 51.7100258], [-1.2321963, 51.70973], [-1.2323179, 51.7092551], [-1.232486, 51.7089688], [-1.2326252, 51.7087875], [-1.2327017, 51.7086595], [-1.232749, 51.70852], [-1.2365506, 51.7160393]]]}}, {"type": "Feature", "properties": {"water": "river", "name": "River Thames", "source_id": "osm/way/97764516", "source": "OpenStreetMap", "licence": "ODbL 1.0"}, "geometry": {"type": "Polygon", "coordinates": [[[-1.2159749, 51.641027], [-1.2150858, 51.6407964], [-1.214738, 51.6407678], [-1.2145847, 51.6408066], [-1.2144099, 51.6408891], [-1.2159749, 51.641027]]]}}, {"type": "Feature", "properties": {"water": "river", "name": "River Thames", "source_id": "osm/way/97764519", "source": "OpenStreetMap", "licence": "ODbL 1.0"}, "geometry": {"type": "Polygon", "coordinates": [[[-1.2440222, 51.7383122], [-1.2437045, 51.7378452], [-1.2429236, 51.7371216], [-1.2440222, 51.7383122]]]}}, {"type": "Feature", "properties": {"water": "river", "name": "River Thames", "source_id": "osm/way/97774573", "source": "OpenStreetMap", "licence": "ODbL 1.0"}, "geometry": {"type": "Polygon", "coordinates": [[[-1.023914, 51.4698309], [-1.0233435, 51.4691207], [-1.0224261, 51.4685492], [-1.0209777, 51.4677305], [-1.0202804, 51.467393], [-1.0189773, 51.4670721], [-1.023914, 51.4698309]]]}}, {"type": "Feature", "properties": {"water": "river", "name": "River Thames", "source_id": "osm/way/97774574", "source": "OpenStreetMap", "licence": "ODbL 1.0"}, "geometry": {"type": "Polygon", "coordinates": [[[-1.0898622, 51.4864901], [-1.0890593, 51.4862389], [-1.0877057, 51.4860015], [-1.0898622, 51.4864901]]]}}, {"type": "Feature", "properties": {"water": "river", "name": "River Thames", "source_id": "osm/way/97774575", "source": "OpenStreetMap", "licence": "ODbL 1.0"}, "geometry": {"type": "Polygon", "coordinates": [[[-1.0390617, 51.4865576], [-1.0390327, 51.4863908], [-1.038962, 51.4859457], [-1.0393187, 51.4853591], [-1.0390617, 51.4865576]]]}}, {"type": "Feature", "properties": {"water": "river", "name": "River Thames", "source_id": "osm/way/97774580", "source": "OpenStreetMap", "licence": "ODbL 1.0"}, "geometry": {"type": "Polygon", "coordinates": [[[-1.1410474, 51.5246445], [-1.1418542, 51.5241919], [-1.1433884, 51.5232273], [-1.1435386, 51.52276], [-1.1410474, 51.5246445]]]}}, {"type": "Feature", "properties": {"water": "river", "name": "River Thames", "source_id": "osm/way/97774581", "source": "OpenStreetMap", "licence": "ODbL 1.0"}, "geometry": {"type": "Polygon", "coordinates": [[[-0.9780202, 51.4661543], [-0.9764692, 51.4660228], [-0.9762492, 51.4658357], [-0.9759703, 51.4655182], [-0.9756377, 51.4652842], [-0.9750534, 51.4646702], [-0.9780202, 51.4661543]]]}}, {"type": "Feature", "properties": {"water": "river", "name": "River Thames", "source_id": "osm/way/97774582", "source": "OpenStreetMap", "licence": "ODbL 1.0"}, "geometry": {"type": "Polygon", "coordinates": [[[-0.9629635, 51.4609074], [-0.9624171, 51.4610378], [-0.9620685, 51.4612487], [-0.9617872, 51.4615776], [-0.9615225, 51.4619312], [-0.9612479, 51.4622714], [-0.9606633, 51.4626077], [-0.9599977, 51.462804], [-0.9592946, 51.4628621], [-0.9629635, 51.4609074]]]}}, {"type": "Feature", "properties": {"water": "river", "name": "River Thames", "source_id": "osm/way/97774588", "source": "OpenStreetMap", "licence": "ODbL 1.0"}, "geometry": {"type": "Polygon", "coordinates": [[[-0.9656438, 51.4611171], [-0.9648782, 51.4611942], [-0.9644601, 51.4611694], [-0.9656438, 51.4611171]]]}}, {"type": "Feature", "properties": {"water": "river", "name": "River Thames", "source_id": "osm/way/97774590", "source": "OpenStreetMap", "licence": "ODbL 1.0"}, "geometry": {"type": "Polygon", "coordinates": [[[-0.9592946, 51.4628621], [-0.958316, 51.4629649], [-0.9578171, 51.4629181], [-0.9573718, 51.4627242], [-0.957068, 51.4623635], [-0.9592946, 51.4628621]]]}}, {"type": "Feature", "properties": {"water": "river", "name": "River Thames", "source_id": "osm/way/97774597", "source": "OpenStreetMap", "licence": "ODbL 1.0"}, "geometry": {"type": "Polygon", "coordinates": [[[-1.0371949, 51.48156], [-1.0380103, 51.4802103], [-1.0384761, 51.4786353], [-1.0386111, 51.478179], [-1.0386111, 51.4772564], [-1.0386111, 51.476709], [-1.0376235, 51.4759352], [-1.0351135, 51.4748914], [-1.0330638, 51.4738539], [-1.0317978, 51.4732379], [-1.0300495, 51.4726994], [-1.027775, 51.4716435], [-1.0251786, 51.4704138], [-1.023914, 51.4698309], [-1.0371949, 51.48156]]]}}, {"type": "Feature", "properties": {"water": "river", "name": "River Thames", "source_id": "osm/way/97774599", "source": "OpenStreetMap", "licence": "ODbL 1.0"}, "geometry": {"type": "Polygon", "coordinates": [[[-1.1435386, 51.52276], [-1.1434562, 51.5227497], [-1.1430058, 51.5226878], [-1.1422521, 51.5225426], [-1.1417264, 51.5224388], [-1.1435386, 51.52276]]]}}, {"type": "Feature", "properties": {"water": "river", "name": "River Thames", "source_id": "osm/way/97774600", "source": "OpenStreetMap", "licence": "ODbL 1.0"}, "geometry": {"type": "Polygon", "coordinates": [[[-1.1418542, 51.5241919], [-1.1417584, 51.5239241], [-1.1416503, 51.5236044], [-1.14159, 51.5226838], [-1.1418542, 51.5241919]]]}}, {"type": "Feature", "properties": {"water": "river", "name": "River Thames", "source_id": "osm/way/97774603", "source": "OpenStreetMap", "licence": "ODbL 1.0"}, "geometry": {"type": "Polygon", "coordinates": [[[-1.0710086, 51.489993], [-1.0692698, 51.4902031], [-1.0673239, 51.4907192], [-1.0616738, 51.4918598], [-1.0556657, 51.4923675], [-1.0520822, 51.4922072], [-1.0506231, 51.4918999], [-1.046445, 51.4905653], [-1.0422332, 51.4890942], [-1.040672, 51.4881609], [-1.0710086, 51.489993]]]}}, {"type": "Feature", "properties": {"water": "river", "name": "", "source_id": "osm/way/97774604", "source": "OpenStreetMap", "licence": "ODbL 1.0"}, "geometry": {"type": "Polygon", "coordinates": [[[-1.036916, 51.4835645], [-1.0372318, 51.4831452], [-1.0372237, 51.4822699], [-1.0371949, 51.48156], [-1.036916, 51.4835645]]]}}, {"type": "Feature", "properties": {"water": "river", "name": "River Thames", "source_id": "osm/way/97774606", "source": "OpenStreetMap", "licence": "ODbL 1.0"}, "geometry": {"type": "Polygon", "coordinates": [[[-1.1152124, 51.6184591], [-1.1153057, 51.617124], [-1.1152829, 51.6166686], [-1.1158508, 51.6148284], [-1.1152124, 51.6184591]]]}}, {"type": "Feature", "properties": {"water": "river", "name": "River Thames", "source_id": "osm/way/97774609", "source": "OpenStreetMap", "licence": "ODbL 1.0"}, "geometry": {"type": "Polygon", "coordinates": [[[-1.0058085, 51.4688314], [-1.0052385, 51.4694882], [-1.0048952, 51.4698692], [-1.0044983, 51.4699795], [-1.0041281, 51.4699795], [-1.003656, 51.4699928], [-1.0032376, 51.4700296], [-1.0029871, 51.469837], [-1.0058085, 51.4688314]]]}}, {"type": "Feature", "properties": {"water": "river", "name": "River Thames", "source_id": "osm/way/97774612", "source": "OpenStreetMap", "licence": "ODbL 1.0"}, "geometry": {"type": "Polygon", "coordinates": [[[-1.0886994, 51.4867129], [-1.0881471, 51.486819], [-1.0880227, 51.4868303], [-1.0886994, 51.4867129]]]}}, {"type": "Feature", "properties": {"water": "river", "name": "River Thames", "source_id": "osm/way/97809426", "source": "OpenStreetMap", "licence": "ODbL 1.0"}, "geometry": {"type": "Polygon", "coordinates": [[[-1.6805661, 51.6899812], [-1.6800838, 51.6900344], [-1.679943, 51.6900287], [-1.6794186, 51.689896], [-1.6791126, 51.6897761], [-1.6805661, 51.6899812]]]}}, {"type": "Feature", "properties": {"water": "river", "name": "River Thames", "source_id": "osm/way/97809428", "source": "OpenStreetMap", "licence": "ODbL 1.0"}, "geometry": {"type": "Polygon", "coordinates": [[[-1.6695932, 51.6814538], [-1.6691205, 51.6814924], [-1.6686443, 51.6815296], [-1.6678516, 51.6815616], [-1.6655677, 51.6816782], [-1.6695932, 51.6814538]]]}}, {"type": "Feature", "properties": {"water": "river", "name": "River Thames", "source_id": "osm/way/97809432", "source": "OpenStreetMap", "licence": "ODbL 1.0"}, "geometry": {"type": "Polygon", "coordinates": [[[-1.7050908, 51.6879772], [-1.7050755, 51.6880858], [-1.704404, 51.688438], [-1.7036866, 51.6886888], [-1.7050908, 51.6879772]]]}}, {"type": "Feature", "properties": {"water": "river", "name": "River Thames", "source_id": "osm/way/97811823", "source": "OpenStreetMap", "licence": "ODbL 1.0"}, "geometry": {"type": "Polygon", "coordinates": [[[-1.363552, 51.7597853], [-1.3642145, 51.760124], [-1.3643861, 51.7603193], [-1.3645175, 51.760469], [-1.3646973, 51.7608744], [-1.3644827, 51.7613525], [-1.363552, 51.7597853]]]}}, {"type": "Feature", "properties": {"water": "river", "name": "River Thames", "source_id": "osm/way/97811824", "source": "OpenStreetMap", "licence": "ODbL 1.0"}, "geometry": {"type": "Polygon", "coordinates": [[[-1.5361308, 51.6989865], [-1.5360071, 51.6989196], [-1.5347761, 51.6982537], [-1.534512, 51.698084], [-1.5338642, 51.6979578], [-1.5328557, 51.6981274], [-1.5322156, 51.6982851], [-1.5361308, 51.6989865]]]}}, {"type": "Feature", "properties": {"water": "river", "name": "Shifford Lock Cut", "source_id": "osm/way/97811825", "source": "OpenStreetMap", "licence": "ODbL 1.0"}, "geometry": {"type": "Polygon", "coordinates": [[[-1.4662605, 51.7064614], [-1.4655591, 51.7065652], [-1.4649529, 51.7068045], [-1.4647339, 51.7069431], [-1.4642939, 51.707173], [-1.4662605, 51.7064614]]]}}, {"type": "Feature", "properties": {"water": "river", "name": "River Thames", "source_id": "osm/way/97837210", "source": "OpenStreetMap", "licence": "ODbL 1.0"}, "geometry": {"type": "Polygon", "coordinates": [[[-1.2989852, 51.779721], [-1.2985853, 51.7796347], [-1.2982342, 51.7795075], [-1.297912, 51.7793701], [-1.2976711, 51.779208], [-1.2974393, 51.7789535], [-1.2972325, 51.7787086], [-1.2973043, 51.7785276], [-1.297392, 51.7783219], [-1.2977256, 51.777728], [-1.2989852, 51.779721]]]}}, {"type": "Feature", "properties": {"water": "river", "name": "River Thames", "source_id": "osm/way/97837211", "source": "OpenStreetMap", "licence": "ODbL 1.0"}, "geometry": {"type": "Polygon", "coordinates": [[[-1.305527, 51.7892566], [-1.3056017, 51.789122], [-1.3057413, 51.788986], [-1.3058744, 51.7888244], [-1.305894, 51.7886462], [-1.305527, 51.7892566]]]}}, {"type": "Feature", "properties": {"water": "river", "name": "River Thames", "source_id": "osm/way/97885908", "source": "OpenStreetMap", "licence": "ODbL 1.0"}, "geometry": {"type": "Polygon", "coordinates": [[[-0.2827887, 51.4857594], [-0.2826794, 51.4857619], [-0.2825265, 51.485745], [-0.2822385, 51.4857314], [-0.2821605, 51.4857244], [-0.2820322, 51.4857006], [-0.2817887, 51.4856278], [-0.2814878, 51.4855068], [-0.2813271, 51.4854193], [-0.2811368, 51.485314], [-0.2809991, 51.4852382], [-0.2808933, 51.4851968], [-0.2807466, 51.4851532], [-0.2806347, 51.485119], [-0.2805817, 51.4851026], [-0.2805411, 51.4850875], [-0.2804963, 51.4850628], [-0.2804542, 51.485034], [-0.2801865, 51.4848537], [-0.2799494, 51.4846985], [-0.2798633, 51.4846252], [-0.2798109, 51.4845375], [-0.2796223, 51.4841907], [-0.2795572, 51.4841084], [-0.2795453, 51.484022], [-0.2827887, 51.4857594]]]}}, {"type": "Feature", "properties": {"water": "river", "name": "River Thames", "source_id": "osm/way/97885909", "source": "OpenStreetMap", "licence": "ODbL 1.0"}, "geometry": {"type": "Polygon", "coordinates": [[[-0.2981532, 51.4834542], [-0.2977639, 51.4839259], [-0.2977044, 51.4840575], [-0.2977318, 51.4841473], [-0.2977655, 51.4842162], [-0.2978176, 51.4842853], [-0.2978133, 51.4843899], [-0.2975923, 51.4847416], [-0.2973788, 51.4850202], [-0.2971143, 51.4853326], [-0.2968772, 51.4855323], [-0.2961482, 51.4859325], [-0.2949573, 51.4863534], [-0.2925218, 51.4871217], [-0.2919639, 51.4872553], [-0.2917274, 51.4872935], [-0.2914339, 51.4873134], [-0.289786, 51.4874023], [-0.2895944, 51.4873989], [-0.2894641, 51.4873823], [-0.2890886, 51.4872887], [-0.2886495, 51.4870976], [-0.2981532, 51.4834542]]]}}, {"type": "Feature", "properties": {"water": "river", "name": "River Thames", "source_id": "osm/way/97885913", "source": "OpenStreetMap", "licence": "ODbL 1.0"}, "geometry": {"type": "Polygon", "coordinates": [[[-0.3161271, 51.4615592], [-0.3161782, 51.4616555], [-0.3162077, 51.4617116], [-0.316208, 51.4617611], [-0.3161923, 51.462036], [-0.3161884, 51.4620721], [-0.3161991, 51.4621097], [-0.3162229, 51.4621485], [-0.3164134, 51.4622838], [-0.3161271, 51.4615592]]]}}, {"type": "Feature", "properties": {"water": "river", "name": "River Thames", "source_id": "osm/way/97885916", "source": "OpenStreetMap", "licence": "ODbL 1.0"}, "geometry": {"type": "Polygon", "coordinates": [[[-0.3072464, 51.4576029], [-0.3085401, 51.4575769], [-0.3093125, 51.4579111], [-0.3105142, 51.4586331], [-0.3116729, 51.4590877], [-0.3126385, 51.4594754], [-0.3139161, 51.4603148], [-0.3072464, 51.4576029]]]}}, {"type": "Feature", "properties": {"water": "river", "name": "", "source_id": "osm/way/97885919", "source": "OpenStreetMap", "licence": "ODbL 1.0"}, "geometry": {"type": "Polygon", "coordinates": [[[-0.3208002, 51.4653877], [-0.3209367, 51.4655632], [-0.3216251, 51.4659791], [-0.3216766, 51.4661333], [-0.321723, 51.4663694], [-0.3217413, 51.4665405], [-0.3217222, 51.4667237], [-0.3216882, 51.4668863], [-0.3217131, 51.4675397], [-0.3215924, 51.4676332], [-0.3215645, 51.4676921], [-0.3215924, 51.4678144], [-0.3216723, 51.4680274], [-0.3216702, 51.4681772], [-0.3216643, 51.4682738], [-0.3216032, 51.4684335], [-0.3217569, 51.4685658], [-0.3217689, 51.4687351], [-0.3217088, 51.4688417], [-0.321719, 51.4690148], [-0.3216407, 51.4693627], [-0.3214136, 51.4698891], [-0.3212408, 51.4701889], [-0.3210927, 51.4703615], [-0.3206719, 51.4706273], [-0.3204479, 51.4707531], [-0.3201346, 51.4708512], [-0.3197994, 51.4709282], [-0.3194147, 51.4709869], [-0.318474, 51.471054], [-0.3208002, 51.4653877]]]}}, {"type": "Feature", "properties": {"water": "river", "name": "River Thames", "source_id": "osm/way/97885923", "source": "OpenStreetMap", "licence": "ODbL 1.0"}, "geometry": {"type": "Polygon", "coordinates": [[[-0.3092085, 51.4478646], [-0.308443, 51.4484871], [-0.3063299, 51.4497821], [-0.3054933, 51.4502767], [-0.3047668, 51.4507524], [-0.3043988, 51.4511569], [-0.3032516, 51.4526374], [-0.3092085, 51.4478646]]]}}, {"type": "Feature", "properties": {"water": "river", "name": "River Thames", "source_id": "osm/way/101545065", "source": "OpenStreetMap", "licence": "ODbL 1.0"}, "geometry": {"type": "Polygon", "coordinates": [[[-1.5337702, 51.6985103], [-1.5322156, 51.6982851], [-1.5313674, 51.6983381], [-1.5297767, 51.6982736], [-1.5283841, 51.6980849], [-1.5276674, 51.6981263], [-1.527039, 51.6981719], [-1.5267756, 51.6982382], [-1.5266435, 51.6983537], [-1.5264205, 51.6988023], [-1.5260408, 51.6992948], [-1.5259556, 51.6994531], [-1.5258702, 51.6995942], [-1.5257119, 51.6996546], [-1.5253391, 51.6996358], [-1.5248776, 51.6995538], [-1.5245056, 51.6993986], [-1.5242462, 51.6993294], [-1.5239169, 51.6993991], [-1.5236309, 51.6995445], [-1.5227477, 51.6999668], [-1.5219511, 51.7001544], [-1.5213846, 51.7003493], [-1.5206148, 51.7005991], [-1.5197151, 51.700772], [-1.5187769, 51.7010752], [-1.5176701, 51.7014902], [-1.5167629, 51.7016353], [-1.5163049, 51.701661], [-1.515825, 51.7016299], [-1.5154607, 51.7015406], [-1.5150064, 51.7013607], [-1.5142618, 51.7011211], [-1.5131843, 51.7009348], [-1.5128698, 51.7008565], [-1.5126632, 51.7007466], [-1.5124951, 51.7002991], [-1.5121553, 51.6997994], [-1.5118514, 51.6996046], [-1.5114272, 51.6994861], [-1.5107757, 51.6994591], [-1.5100561, 51.6994838], [-1.5094154, 51.699534], [-1.5088389, 51.6996085], [-1.5083707, 51.699654], [-1.5078488, 51.6997887], [-1.507444, 51.6999629], [-1.507073, 51.6999159], [-1.5068975, 51.6996742], [-1.5070707, 51.6992923], [-1.5074024, 51.6989341], [-1.5074655, 51.6988224], [-1.5074193, 51.6986865], [-1.5071638, 51.6985263], [-1.5064714, 51.6982834], [-1.5058846, 51.6982628], [-1.5051789, 51.6981068], [-1.5042798, 51.6982803], [-1.5039664, 51.6982027], [-1.5033108, 51.6979074], [-1.5029365, 51.697778], [-1.5027462, 51.6976902], [-1.5025402, 51.6976694], [-1.5023204, 51.6977074], [-1.5020851, 51.6978445], [-1.5017068, 51.6981219], [-1.5012787, 51.6982502], [-1.5007158, 51.6982891], [-1.5000883, 51.6983334], [-1.4991773, 51.6981955], [-1.4986016, 51.6982256], [-1.4981098, 51.6983024], [-1.4975448, 51.6984907], [-1.4972752, 51.6984378], [-1.4970911, 51.6983569], [-1.4970259, 51.6982311], [-1.4971353, 51.6980477], [-1.4973415, 51.697874], [-1.4974317, 51.6977613], [-1.4974072, 51.6976168], [-1.4971517, 51.6974248], [-1.4969445, 51.6971839], [-1.496953, 51.6970051], [-1.4974048, 51.696564], [-1.4972504, 51.6963332], [-1.4967661, 51.6963514], [-1.4961577, 51.6964313], [-1.4958193, 51.6962964], [-1.4952957, 51.6959054], [-1.4950358, 51.695666], [-1.4951266, 51.6954359], [-1.4952798, 51.6953311], [-1.4954716, 51.6952683], [-1.4956926, 51.6951701], [-1.4958541, 51.6950406], [-1.4958864, 51.6948724], [-1.495752, 51.6946687], [-1.4953225, 51.6944771], [-1.4939426, 51.6942818], [-1.4933569, 51.6941912], [-1.492528, 51.6938662], [-1.4921216, 51.693774], [-1.4918206, 51.6938327], [-1.491201, 51.6940665], [-1.4906926, 51.6940563], [-1.4900922, 51.6939263], [-1.4897851, 51.6939271], [-1.4894673, 51.6939946], [-1.4893037, 51.6941255], [-1.5337702, 51.6985103]]]}}, {"type": "Feature", "properties": {"water": "river", "name": "River Thames", "source_id": "osm/way/108626452", "source": "OpenStreetMap", "licence": "ODbL 1.0"}, "geometry": {"type": "Polygon", "coordinates": [[[-0.691077, 51.5088962], [-0.6909651, 51.5089787], [-0.6905744, 51.5090725], [-0.691077, 51.5088962]]]}}, {"type": "Feature", "properties": {"water": "river", "name": "River Thames", "source_id": "osm/way/108626453", "source": "OpenStreetMap", "licence": "ODbL 1.0"}, "geometry": {"type": "Polygon", "coordinates": [[[-0.6897726, 51.5093963], [-0.6895081, 51.5092342], [-0.6887292, 51.5085951], [-0.6897726, 51.5093963]]]}}, {"type": "Feature", "properties": {"water": "river", "name": "River Thames", "source_id": "osm/way/109086806", "source": "OpenStreetMap", "licence": "ODbL 1.0"}, "geometry": {"type": "Polygon", "coordinates": [[[-1.2982382, 51.7769675], [-1.2981964, 51.7768509], [-1.2981547, 51.776759], [-1.2980471, 51.7766402], [-1.2978651, 51.7764815], [-1.29761, 51.7763575], [-1.2982382, 51.7769675]]]}}, {"type": "Feature", "properties": {"water": "river", "name": "River Thames", "source_id": "osm/way/109086809", "source": "OpenStreetMap", "licence": "ODbL 1.0"}, "geometry": {"type": "Polygon", "coordinates": [[[-1.2985521, 51.778549], [-1.2981833, 51.7782124], [-1.2977256, 51.777728], [-1.2985521, 51.778549]]]}}, {"type": "Feature", "properties": {"water": "river", "name": "River Thames", "source_id": "osm/way/109247176", "source": "OpenStreetMap", "licence": "ODbL 1.0"}, "geometry": {"type": "Polygon", "coordinates": [[[-0.6996375, 51.5329495], [-0.6995006, 51.5324257], [-0.6993937, 51.5318422], [-0.6996375, 51.5329495]]]}}, {"type": "Feature", "properties": {"water": "river", "name": "River Thames", "source_id": "osm/way/109247178", "source": "OpenStreetMap", "licence": "ODbL 1.0"}, "geometry": {"type": "Polygon", "coordinates": [[[-0.9183199, 51.472779], [-0.9181909, 51.4728642], [-0.917851, 51.4731026], [-0.9183199, 51.472779]]]}}, {"type": "Feature", "properties": {"water": "river", "name": "River Thames", "source_id": "osm/way/109247179", "source": "OpenStreetMap", "licence": "ODbL 1.0"}, "geometry": {"type": "Polygon", "coordinates": [[[-0.7685253, 51.5671371], [-0.7681025, 51.5670076], [-0.7676949, 51.5669516], [-0.7672805, 51.5669453], [-0.7685253, 51.5671371]]]}}, {"type": "Feature", "properties": {"water": "river", "name": "River Thames", "source_id": "osm/way/109247182", "source": "OpenStreetMap", "licence": "ODbL 1.0"}, "geometry": {"type": "Polygon", "coordinates": [[[-0.640574, 51.4910494], [-0.6398686, 51.4912422], [-0.6383809, 51.4917432], [-0.640574, 51.4910494]]]}}, {"type": "Feature", "properties": {"water": "river", "name": "River Thames", "source_id": "osm/way/109247183", "source": "OpenStreetMap", "licence": "ODbL 1.0"}, "geometry": {"type": "Polygon", "coordinates": [[[-0.8730985, 51.5596806], [-0.8723083, 51.5586631], [-0.87204, 51.5583163], [-0.8715604, 51.5580754], [-0.8730985, 51.5596806]]]}}, {"type": "Feature", "properties": {"water": "river", "name": "River Thames", "source_id": "osm/way/109248852", "source": "OpenStreetMap", "licence": "ODbL 1.0"}, "geometry": {"type": "Polygon", "coordinates": [[[-0.3454891, 51.4045755], [-0.3448445, 51.4043286], [-0.3441312, 51.4041346], [-0.3454891, 51.4045755]]]}}, {"type": "Feature", "properties": {"water": "river", "name": "River Thames", "source_id": "osm/way/109248862", "source": "OpenStreetMap", "licence": "ODbL 1.0"}, "geometry": {"type": "Polygon", "coordinates": [[[-0.5359, 51.4378233], [-0.5353009, 51.4375999], [-0.5347117, 51.4373751], [-0.5338957, 51.4370819], [-0.5315831, 51.436463], [-0.5315569, 51.4364576], [-0.5293298, 51.4359952], [-0.5272311, 51.435613], [-0.5259797, 51.4354937], [-0.5226288, 51.4352888], [-0.5224112, 51.4352755], [-0.521479, 51.4350256], [-0.5187951, 51.43434], [-0.5169082, 51.4332971], [-0.5152831, 51.4326857], [-0.5152744, 51.4326817], [-0.511668, 51.4309985], [-0.511146, 51.4306101], [-0.5359, 51.4378233]]]}}, {"type": "Feature", "properties": {"water": "river", "name": "River Thames", "source_id": "osm/way/109248864", "source": "OpenStreetMap", "licence": "ODbL 1.0"}, "geometry": {"type": "Polygon", "coordinates": [[[-0.5373444, 51.4382557], [-0.5364398, 51.4379456], [-0.5359, 51.4378233], [-0.5373444, 51.4382557]]]}}, {"type": "Feature", "properties": {"water": "river", "name": "River Thames", "source_id": "osm/way/109248868", "source": "OpenStreetMap", "licence": "ODbL 1.0"}, "geometry": {"type": "Polygon", "coordinates": [[[-0.3481965, 51.4060315], [-0.3479976, 51.4058909], [-0.3473233, 51.4054792], [-0.3468182, 51.405227], [-0.3464728, 51.4050545], [-0.3481965, 51.4060315]]]}}, {"type": "Feature", "properties": {"water": "river", "name": "River Thames", "source_id": "osm/way/109248870", "source": "OpenStreetMap", "licence": "ODbL 1.0"}, "geometry": {"type": "Polygon", "coordinates": [[[-0.5691636, 51.4632876], [-0.5691887, 51.4631105], [-0.5692925, 51.4628141], [-0.5693344, 51.4627605], [-0.5696358, 51.4624505], [-0.5697474, 51.4621724], [-0.5697588, 51.4619229], [-0.5691636, 51.4632876]]]}}, {"type": "Feature", "properties": {"water": "river", "name": "River Thames", "source_id": "osm/way/109261372", "source": "OpenStreetMap", "licence": "ODbL 1.0"}, "geometry": {"type": "Polygon", "coordinates": [[[-0.8842585, 51.5273829], [-0.8846443, 51.5279852], [-0.8853247, 51.5284899], [-0.8842585, 51.5273829]]]}}, {"type": "Feature", "properties": {"water": "river", "name": "River Thames", "source_id": "osm/way/109267111", "source": "OpenStreetMap", "licence": "ODbL 1.0"}, "geometry": {"type": "Polygon", "coordinates": [[[-0.5960656, 51.4919464], [-0.5955128, 51.4915776], [-0.5935593, 51.4903217], [-0.5929928, 51.4901881], [-0.5960656, 51.4919464]]]}}, {"type": "Feature", "properties": {"water": "river", "name": "River Thames", "source_id": "osm/way/109273470", "source": "OpenStreetMap", "licence": "ODbL 1.0"}, "geometry": {"type": "Polygon", "coordinates": [[[-0.4564973, 51.3824803], [-0.4561783, 51.3825591], [-0.4560833, 51.3825826], [-0.4564973, 51.3824803]]]}}, {"type": "Feature", "properties": {"water": "river", "name": "River Thames", "source_id": "osm/way/112790176", "source": "OpenStreetMap", "licence": "ODbL 1.0"}, "geometry": {"type": "Polygon", "coordinates": [[[-1.2713156, 51.7486393], [-1.270962, 51.7484394], [-1.270503, 51.748238], [-1.2700752, 51.7480573], [-1.2696887, 51.7478688], [-1.2692217, 51.7476682], [-1.2688727, 51.7474854], [-1.268526, 51.7473128], [-1.2683348, 51.747236], [-1.2681207, 51.7471599], [-1.2679097, 51.7470999], [-1.2676669, 51.7470414], [-1.2672713, 51.7469763], [-1.2672231, 51.7469737], [-1.2671637, 51.7469738], [-1.2671037, 51.7469811], [-1.2663617, 51.74714], [-1.2660619, 51.7471911], [-1.265758, 51.7472303], [-1.2655673, 51.7472392], [-1.2653984, 51.7472388], [-1.2652424, 51.7472216], [-1.265031, 51.7471931], [-1.2648727, 51.7471649], [-1.2647621, 51.7471312], [-1.2646867, 51.7470931], [-1.2646092, 51.7470382], [-1.2645583, 51.7469819], [-1.2645282, 51.7468942], [-1.2645308, 51.7467914], [-1.2645413, 51.7466952], [-1.264533, 51.7465858], [-1.2644903, 51.7465026], [-1.2644289, 51.7464274], [-1.2642852, 51.7463389], [-1.2641074, 51.7462543], [-1.2639069, 51.7462057], [-1.2713156, 51.7486393]]]}}, {"type": "Feature", "properties": {"water": "river", "name": "River Thames", "source_id": "osm/way/116646488", "source": "OpenStreetMap", "licence": "ODbL 1.0"}, "geometry": {"type": "Polygon", "coordinates": [[[-1.5713302, 51.6996418], [-1.5710101, 51.6994889], [-1.5704433, 51.6994518], [-1.5691014, 51.6995907], [-1.5681667, 51.6997139], [-1.5676446, 51.6997363], [-1.5670793, 51.6996396], [-1.5667626, 51.6994731], [-1.5664793, 51.6992762], [-1.5658171, 51.6987362], [-1.5656131, 51.6986879], [-1.5653319, 51.6987181], [-1.5646639, 51.6990831], [-1.5643398, 51.6991882], [-1.5639172, 51.6992122], [-1.5636318, 51.6991799], [-1.5633485, 51.6989739], [-1.5630975, 51.6987659], [-1.5627373, 51.6987143], [-1.5624014, 51.6987732], [-1.5621263, 51.6990424], [-1.5618064, 51.699275], [-1.5608496, 51.6995948], [-1.5604181, 51.6996161], [-1.5601157, 51.6994967], [-1.5601368, 51.6991696], [-1.5713302, 51.6996418]]]}}, {"type": "Feature", "properties": {"water": "river", "name": "", "source_id": "osm/way/117822662", "source": "OpenStreetMap", "licence": "ODbL 1.0"}, "geometry": {"type": "Polygon", "coordinates": [[[-1.2725213, 51.7524403], [-1.2726616, 51.7524411], [-1.2727516, 51.7524416], [-1.2727835, 51.7524418], [-1.2725213, 51.7524403]]]}}, {"type": "Feature", "properties": {"water": "river", "name": "River Thames", "source_id": "osm/way/126215498", "source": "OpenStreetMap", "licence": "ODbL 1.0"}, "geometry": {"type": "Polygon", "coordinates": [[[-1.165214, 51.6346349], [-1.1643358, 51.6346678], [-1.1610255, 51.6352592], [-1.1598125, 51.6356201], [-1.1587053, 51.6359877], [-1.1570917, 51.6361102], [-1.1553799, 51.6360975], [-1.1547168, 51.6358541], [-1.1538473, 51.6355349], [-1.1533123, 51.6352101], [-1.1530924, 51.6349204], [-1.1527681, 51.63465], [-1.1524808, 51.6345442], [-1.1519371, 51.6344475], [-1.165214, 51.6346349]]]}}, {"type": "Feature", "properties": {"water": "river", "name": "River Thames", "source_id": "osm/way/126215499", "source": "OpenStreetMap", "licence": "ODbL 1.0"}, "geometry": {"type": "Polygon", "coordinates": [[[-1.1152754, 51.6072705], [-1.1172252, 51.6036192], [-1.1177183, 51.6030095], [-1.1198795, 51.6012775], [-1.1203476, 51.6007052], [-1.1205232, 51.6002995], [-1.1207811, 51.5989738], [-1.120872, 51.5987713], [-1.1213676, 51.5976672], [-1.1217689, 51.5968979], [-1.1218035, 51.5966739], [-1.1218324, 51.596483], [-1.1219466, 51.5953616], [-1.1223167, 51.5941503], [-1.1225622, 51.5935426], [-1.1228773, 51.5928639], [-1.1232809, 51.5921645], [-1.123808, 51.5911292], [-1.1237598, 51.5897928], [-1.1232429, 51.5881973], [-1.12466, 51.5858683], [-1.1251908, 51.5843022], [-1.1261782, 51.5813699], [-1.1261421, 51.5811381], [-1.1261335, 51.5810827], [-1.1259246, 51.5797399], [-1.125884, 51.577059], [-1.1258769, 51.5765899], [-1.1258755, 51.5764957], [-1.1258365, 51.5739088], [-1.1254054, 51.5712474], [-1.1257797, 51.5701411], [-1.1286455, 51.56886], [-1.1293657, 51.5672433], [-1.1331946, 51.565112], [-1.1338712, 51.5648596], [-1.1360913, 51.5640316], [-1.1385661, 51.5634038], [-1.1415001, 51.5610131], [-1.1414485, 51.5604661], [-1.1415052, 51.5600974], [-1.1418995, 51.5594855], [-1.1421754, 51.5588575], [-1.1428765, 51.5571736], [-1.1445427, 51.5561594], [-1.1457018, 51.5548916], [-1.1468971, 51.5527183], [-1.1470681, 51.5518592], [-1.1467522, 51.5506537], [-1.1418462, 51.5438039], [-1.1404758, 51.5429319], [-1.1382671, 51.5414156], [-1.1370654, 51.5405482], [-1.1366417, 51.5400888], [-1.136435, 51.5398647], [-1.1343586, 51.5360895], [-1.1346946, 51.5328724], [-1.1347814, 51.5320407], [-1.1152754, 51.6072705]]]}}, {"type": "Feature", "properties": {"water": "river", "name": "River Thames", "source_id": "osm/way/126215817", "source": "OpenStreetMap", "licence": "ODbL 1.0"}, "geometry": {"type": "Polygon", "coordinates": [[[-1.1519371, 51.6344475], [-1.1519058, 51.6344377], [-1.1516333, 51.6343525], [-1.149746, 51.6341296], [-1.1493909, 51.6340659], [-1.1489618, 51.6339315], [-1.1485462, 51.633672], [-1.1482033, 51.633353], [-1.1478306, 51.6328552], [-1.1477696, 51.6326499], [-1.1476675, 51.6323065], [-1.1478183, 51.6318034], [-1.1486736, 51.6306401], [-1.1486565, 51.6292544], [-1.1482459, 51.6284161], [-1.1474696, 51.6278528], [-1.1473735, 51.6277831], [-1.1463009, 51.6276128], [-1.1451188, 51.6277392], [-1.1439688, 51.627867], [-1.1434302, 51.6277553], [-1.1432386, 51.6270389], [-1.1432944, 51.626815], [-1.1435519, 51.6265715], [-1.1441079, 51.6260937], [-1.1442192, 51.6258018], [-1.1441612, 51.6255003], [-1.1439081, 51.6251936], [-1.1419715, 51.6245702], [-1.1411138, 51.6242051], [-1.1405503, 51.624122], [-1.1396874, 51.6241316], [-1.1356353, 51.6235256], [-1.1519371, 51.6344475]]]}}, {"type": "Feature", "properties": {"water": "river", "name": "River Thames", "source_id": "osm/way/138964778", "source": "OpenStreetMap", "licence": "ODbL 1.0"}, "geometry": {"type": "Polygon", "coordinates": [[[-1.121733, 51.6214881], [-1.11936, 51.620893], [-1.1175137, 51.6202591], [-1.1162844, 51.6197835], [-1.1153465, 51.6191966], [-1.1152303, 51.6190091], [-1.1151794, 51.6187626], [-1.1152124, 51.6184591], [-1.121733, 51.6214881]]]}}, {"type": "Feature", "properties": {"water": "river", "name": "River Thames", "source_id": "osm/way/140594383", "source": "OpenStreetMap", "licence": "ODbL 1.0"}, "geometry": {"type": "Polygon", "coordinates": [[[-0.3171966, 51.4627612], [-0.3174186, 51.46287], [-0.3175951, 51.462896], [-0.317851, 51.4629341], [-0.3181035, 51.4629921], [-0.3185414, 51.4631251], [-0.3171966, 51.4627612]]]}}, {"type": "Feature", "properties": {"water": "river", "name": "River Thames", "source_id": "osm/way/141406145", "source": "OpenStreetMap", "licence": "ODbL 1.0"}, "geometry": {"type": "Polygon", "coordinates": [[[-1.2574285, 51.6669076], [-1.25886, 51.6671903], [-1.2595708, 51.6679044], [-1.2606655, 51.6692003], [-1.2619285, 51.6692797], [-1.2627868, 51.6700116], [-1.2630308, 51.6701698], [-1.2633793, 51.670269], [-1.2644751, 51.6704123], [-1.2658685, 51.6705058], [-1.2674242, 51.6706819], [-1.2574285, 51.6669076]]]}}, {"type": "Feature", "properties": {"water": "river", "name": "River Thames", "source_id": "osm/way/141513498", "source": "OpenStreetMap", "licence": "ODbL 1.0"}, "geometry": {"type": "Polygon", "coordinates": [[[-0.7048963, 51.5619281], [-0.7046071, 51.5617848], [-0.7042264, 51.5616247], [-0.7038402, 51.5615313], [-0.7034217, 51.5615247], [-0.7028684, 51.561581], [-0.7024646, 51.5616909], [-0.7016515, 51.5617714], [-0.7010238, 51.5618281], [-0.7004499, 51.5618548], [-0.6998863, 51.5618282], [-0.699329, 51.5618126], [-0.6988586, 51.5618103], [-0.6984969, 51.5617773], [-0.6982137, 51.561715], [-0.6979491, 51.5616418], [-0.6976964, 51.5615657], [-0.6968825, 51.5612045], [-0.696271, 51.560891], [-0.6958664, 51.560679], [-0.6954717, 51.5604617], [-0.6952571, 51.5603688], [-0.6950318, 51.5603233], [-0.6948556, 51.5602934], [-0.6946724, 51.5602774], [-0.6942479, 51.5602785], [-0.6938903, 51.5603063], [-0.6936087, 51.5603568], [-0.6934092, 51.5603762], [-0.6932155, 51.5603636], [-0.6928482, 51.5602866], [-0.7048963, 51.5619281]]]}}, {"type": "Feature", "properties": {"water": "canal", "name": "Cookham Cut", "source_id": "osm/way/141513502", "source": "OpenStreetMap", "licence": "ODbL 1.0"}, "geometry": {"type": "Polygon", "coordinates": [[[-0.7048963, 51.5619281], [-0.7045858, 51.5619749], [-0.7040796, 51.5620971], [-0.7036002, 51.5622226], [-0.703116, 51.5623274], [-0.7019941, 51.5625714], [-0.7015437, 51.5626718], [-0.7012648, 51.562719], [-0.7009179, 51.5627494], [-0.7004137, 51.5627594], [-0.6997587, 51.5627448], [-0.6993927, 51.562714], [-0.6990872, 51.5626652], [-0.6988138, 51.5626036], [-0.6984912, 51.5625172], [-0.6976538, 51.5622402], [-0.6972161, 51.562107], [-0.6954049, 51.5613986], [-0.7048963, 51.5619281]]]}}, {"type": "Feature", "properties": {"water": "river", "name": "River Thames", "source_id": "osm/way/141513503", "source": "OpenStreetMap", "licence": "ODbL 1.0"}, "geometry": {"type": "Polygon", "coordinates": [[[-0.7057787, 51.562236], [-0.7054227, 51.5621083], [-0.7048963, 51.5619281], [-0.7057787, 51.562236]]]}}, {"type": "Feature", "properties": {"water": "canal", "name": "Cookham Cut", "source_id": "osm/way/141513510", "source": "OpenStreetMap", "licence": "ODbL 1.0"}, "geometry": {"type": "Polygon", "coordinates": [[[-0.6947281, 51.5611247], [-0.6937912, 51.5607584], [-0.6933769, 51.560627], [-0.6930436, 51.5605415], [-0.6947281, 51.5611247]]]}}, {"type": "Feature", "properties": {"water": "river", "name": "River Thames", "source_id": "osm/way/143744917", "source": "OpenStreetMap", "licence": "ODbL 1.0"}, "geometry": {"type": "Polygon", "coordinates": [[[-0.3232538, 51.4313955], [-0.3242654, 51.4318468], [-0.3247762, 51.4320745], [-0.3255073, 51.4324046], [-0.3232538, 51.4313955]]]}}, {"type": "Feature", "properties": {"water": "river", "name": "River Thames", "source_id": "osm/way/143744922", "source": "OpenStreetMap", "licence": "ODbL 1.0"}, "geometry": {"type": "Polygon", "coordinates": [[[-0.3233793, 51.4311951], [-0.324018, 51.4313816], [-0.3240965, 51.4314045], [-0.3233793, 51.4311951]]]}}, {"type": "Feature", "properties": {"water": "river", "name": "Lock Cut", "source_id": "osm/way/145748480", "source": "OpenStreetMap", "licence": "ODbL 1.0"}, "geometry": {"type": "Polygon", "coordinates": [[[-0.6070273, 51.4867347], [-0.6062548, 51.4871022], [-0.6054287, 51.4881043], [-0.604506, 51.4896475], [-0.604394, 51.4908528], [-0.6043124, 51.4911196], [-0.6070273, 51.4867347]]]}}, {"type": "Feature", "properties": {"water": "river", "name": "River Thames", "source_id": "osm/way/148473739", "source": "OpenStreetMap", "licence": "ODbL 1.0"}, "geometry": {"type": "Polygon", "coordinates": [[[-0.4613961, 51.3819088], [-0.4609988, 51.3817051], [-0.4605512, 51.3814533], [-0.4601079, 51.3812283], [-0.4597249, 51.3810759], [-0.459083, 51.3809408], [-0.4587393, 51.3809214], [-0.4581142, 51.3809469], [-0.4576957, 51.3810141], [-0.4574091, 51.3811437], [-0.4613961, 51.3819088]]]}}, {"type": "Feature", "properties": {"water": "river", "name": "River Thames", "source_id": "osm/way/148473743", "source": "OpenStreetMap", "licence": "ODbL 1.0"}, "geometry": {"type": "Polygon", "coordinates": [[[-0.468307, 51.3818947], [-0.46785, 51.3820525], [-0.4673344, 51.3822157], [-0.4666155, 51.3824789], [-0.4660782, 51.3826818], [-0.4655066, 51.3828467], [-0.4649363, 51.3829569], [-0.4644955, 51.3829791], [-0.4640484, 51.382922], [-0.4634768, 51.3828047], [-0.4629789, 51.3826382], [-0.4625966, 51.3824757], [-0.4620197, 51.3822129], [-0.468307, 51.3818947]]]}}, {"type": "Feature", "properties": {"water": "river", "name": "River Thames", "source_id": "osm/way/148473754", "source": "OpenStreetMap", "licence": "ODbL 1.0"}, "geometry": {"type": "Polygon", "coordinates": [[[-0.4864839, 51.393931], [-0.4864427, 51.3934448], [-0.4864613, 51.3928889], [-0.4865334, 51.3925456], [-0.4864839, 51.393931]]]}}, {"type": "Feature", "properties": {"water": "river", "name": "River Thames", "source_id": "osm/way/148473756", "source": "OpenStreetMap", "licence": "ODbL 1.0"}, "geometry": {"type": "Polygon", "coordinates": [[[-0.4860779, 51.3905522], [-0.4860274, 51.3903367], [-0.4860832, 51.3900103], [-0.4862871, 51.389576], [-0.4860779, 51.3905522]]]}}, {"type": "Feature", "properties": {"water": "river", "name": "River Thames", "source_id": "osm/way/148473759", "source": "OpenStreetMap", "licence": "ODbL 1.0"}, "geometry": {"type": "Polygon", "coordinates": [[[-0.5017268, 51.4141307], [-0.5015685, 51.4139758], [-0.5012302, 51.4138767], [-0.5008443, 51.4137416], [-0.5005695, 51.413652], [-0.5017268, 51.4141307]]]}}, {"type": "Feature", "properties": {"water": "river", "name": "River Thames", "source_id": "osm/way/148473762", "source": "OpenStreetMap", "licence": "ODbL 1.0"}, "geometry": {"type": "Polygon", "coordinates": [[[-0.5016527, 51.4146792], [-0.5013562, 51.4145614], [-0.5009739, 51.4143911], [-0.5007954, 51.4143315], [-0.5004977, 51.4142322], [-0.4999637, 51.4141432], [-0.4995345, 51.4141089], [-0.5016527, 51.4146792]]]}}, {"type": "Feature", "properties": {"water": "river", "name": "River Thames", "source_id": "osm/way/148473763", "source": "OpenStreetMap", "licence": "ODbL 1.0"}, "geometry": {"type": "Polygon", "coordinates": [[[-0.4865334, 51.3925456], [-0.486431, 51.3920552], [-0.4863175, 51.3914981], [-0.4862138, 51.3910987], [-0.4865334, 51.3925456]]]}}, {"type": "Feature", "properties": {"water": "river", "name": "River Thames", "source_id": "osm/way/148473764", "source": "OpenStreetMap", "licence": "ODbL 1.0"}, "geometry": {"type": "Polygon", "coordinates": [[[-0.4870612, 51.3917763], [-0.4868932, 51.3911867], [-0.4866622, 51.3904464], [-0.48651, 51.389991], [-0.4862871, 51.389576], [-0.4870612, 51.3917763]]]}}, {"type": "Feature", "properties": {"water": "river", "name": "River Thames", "source_id": "osm/way/148473765", "source": "OpenStreetMap", "licence": "ODbL 1.0"}, "geometry": {"type": "Polygon", "coordinates": [[[-0.511146, 51.4306101], [-0.5106286, 51.4300256], [-0.5102543, 51.4293602], [-0.5101058, 51.4289494], [-0.5099604, 51.4283939], [-0.5098893, 51.4278076], [-0.5097253, 51.4270014], [-0.5096727, 51.4264555], [-0.509713, 51.4256473], [-0.5097408, 51.4250744], [-0.509846, 51.4242469], [-0.5099388, 51.4238553], [-0.5103316, 51.4230664], [-0.5106379, 51.4223835], [-0.511269, 51.4216351], [-0.5117608, 51.4209946], [-0.5123331, 51.4202133], [-0.512593, 51.4196517], [-0.5127439, 51.4193257], [-0.5129262, 51.4188972], [-0.5129671, 51.4183482], [-0.511146, 51.4306101]]]}}, {"type": "Feature", "properties": {"water": "river", "name": "River Thames", "source_id": "osm/way/148678170", "source": "OpenStreetMap", "licence": "ODbL 1.0"}, "geometry": {"type": "Polygon", "coordinates": [[[-0.5625401, 51.4681753], [-0.5625212, 51.4677421], [-0.5625512, 51.4674708], [-0.5626958, 51.4670516], [-0.5629487, 51.4667561], [-0.5632785, 51.4665282], [-0.5645974, 51.4660188], [-0.5654557, 51.4656671], [-0.5663003, 51.4652478], [-0.5666075, 51.4650311], [-0.5670998, 51.4645133], [-0.5674766, 51.4640074], [-0.5677277, 51.4636156], [-0.5681252, 51.4631823], [-0.5685136, 51.4627658], [-0.5686741, 51.4626106], [-0.5689157, 51.4623352], [-0.5693764, 51.46202], [-0.5697588, 51.4619229], [-0.5625401, 51.4681753]]]}}, {"type": "Feature", "properties": {"water": "river", "name": "River Thames", "source_id": "osm/way/148678172", "source": "OpenStreetMap", "licence": "ODbL 1.0"}, "geometry": {"type": "Polygon", "coordinates": [[[-0.5692324, 51.4642953], [-0.5691189, 51.4641799], [-0.5688908, 51.4641109], [-0.5687621, 51.4640364], [-0.5686604, 51.463883], [-0.5685099, 51.4635465], [-0.5684594, 51.4633469], [-0.5684256, 51.4631063], [-0.5685136, 51.4627658], [-0.5692324, 51.4642953]]]}}, {"type": "Feature", "properties": {"water": "river", "name": "River Thames", "source_id": "osm/way/148725383", "source": "OpenStreetMap", "licence": "ODbL 1.0"}, "geometry": {"type": "Polygon", "coordinates": [[[-0.4521978, 51.3827224], [-0.4518644, 51.3827136], [-0.4513852, 51.3829457], [-0.4509369, 51.3832787], [-0.4505726, 51.3836859], [-0.4503219, 51.3841019], [-0.4502754, 51.3844857], [-0.4502224, 51.3848759], [-0.4503, 51.385171], [-0.4505842, 51.3855967], [-0.4512301, 51.3860611], [-0.4519794, 51.3867964], [-0.4521448, 51.3872414], [-0.4519639, 51.3876026], [-0.4511888, 51.3878831], [-0.4506824, 51.387967], [-0.4502069, 51.3879541], [-0.4496178, 51.3877929], [-0.4492354, 51.3875961], [-0.4487187, 51.3873285], [-0.4483156, 51.3870834], [-0.4476748, 51.3869641], [-0.4470909, 51.3868222], [-0.4465586, 51.3867448], [-0.446016, 51.3867641], [-0.4453184, 51.3868383], [-0.4448482, 51.3869866], [-0.4441454, 51.3872124], [-0.4437837, 51.3875478], [-0.443608, 51.3878477], [-0.4437061, 51.3883991], [-0.4435976, 51.3889699], [-0.4432876, 51.3893891], [-0.442962, 51.389689], [-0.442683, 51.3897986], [-0.4421817, 51.3898083], [-0.4417476, 51.389718], [-0.441205, 51.3894794], [-0.4406314, 51.3891376], [-0.4399028, 51.3885474], [-0.4390915, 51.3878477], [-0.4385282, 51.3872801], [-0.4381303, 51.3866771], [-0.4378926, 51.3860901], [-0.4377893, 51.3856548], [-0.4374947, 51.3852452], [-0.4369211, 51.3846969], [-0.4363062, 51.3844131], [-0.435531, 51.3842712], [-0.435035, 51.3842358], [-0.4346478, 51.3842495], [-0.4341853, 51.3842898], [-0.4330379, 51.3846107], [-0.4521978, 51.3827224]]]}}, {"type": "Feature", "properties": {"water": "river", "name": "River Thames", "source_id": "osm/way/148725386", "source": "OpenStreetMap", "licence": "ODbL 1.0"}, "geometry": {"type": "Polygon", "coordinates": [[[-0.4560833, 51.3825826], [-0.4555583, 51.3829685], [-0.4549744, 51.3832394], [-0.4541758, 51.3832485], [-0.4533435, 51.3831358], [-0.4527362, 51.3829483], [-0.4521978, 51.3827224], [-0.4560833, 51.3825826]]]}}, {"type": "Feature", "properties": {"water": "river", "name": "River Thames", "source_id": "osm/way/148725387", "source": "OpenStreetMap", "licence": "ODbL 1.0"}, "geometry": {"type": "Polygon", "coordinates": [[[-0.4560833, 51.3825826], [-0.4553656, 51.3826253], [-0.4547554, 51.3825866], [-0.4539442, 51.3825455], [-0.453016, 51.3825387], [-0.4523072, 51.3826139], [-0.4521978, 51.3827224], [-0.4560833, 51.3825826]]]}}, {"type": "Feature", "properties": {"water": "river", "name": "River Thames", "source_id": "osm/way/150944087", "source": "OpenStreetMap", "licence": "ODbL 1.0"}, "geometry": {"type": "Polygon", "coordinates": [[[-0.5697588, 51.4619229], [-0.5698698, 51.4617876], [-0.5700715, 51.4614741], [-0.5704647, 51.4609523], [-0.5710743, 51.4605796], [-0.5722138, 51.4601359], [-0.5729202, 51.4597844], [-0.5732621, 51.4594969], [-0.5736837, 51.4589822], [-0.5738489, 51.458297], [-0.5739515, 51.4572924], [-0.5740825, 51.4560925], [-0.5741053, 51.4555635], [-0.5739893, 51.4549045], [-0.5739558, 51.4541756], [-0.5739287, 51.4534689], [-0.5737755, 51.4531094], [-0.5736118, 51.4527656], [-0.5734786, 51.4525316], [-0.5732222, 51.4521765], [-0.5725157, 51.4515268], [-0.5718833, 51.451083], [-0.5711256, 51.4508131], [-0.5705045, 51.4506782], [-0.569724, 51.4505575], [-0.5687611, 51.4503764], [-0.5681401, 51.4501492], [-0.5673311, 51.4496663], [-0.5664822, 51.4489988], [-0.5655877, 51.4484129], [-0.5650692, 51.4478661], [-0.564464, 51.4471216], [-0.5643115, 51.4468151], [-0.5635025, 51.44597], [-0.5628245, 51.4455154], [-0.5620667, 51.4451603], [-0.5608304, 51.4448372], [-0.559832, 51.4445413], [-0.5595088, 51.4444159], [-0.559275, 51.4442832], [-0.5586825, 51.443882], [-0.55809, 51.4433742], [-0.5575544, 51.4428806], [-0.5571499, 51.4424615], [-0.5564776, 51.441904], [-0.5558509, 51.4416021], [-0.5550362, 51.441382], [-0.5543354, 51.4414033], [-0.5536802, 51.4417158], [-0.5533554, 51.4421206], [-0.5531218, 51.442561], [-0.5528142, 51.4429764], [-0.5523926, 51.4432889], [-0.5518741, 51.443534], [-0.5512531, 51.443573], [-0.5505146, 51.4434831], [-0.5497352, 51.4432888], [-0.549309, 51.4430054], [-0.5489093, 51.4426377], [-0.5486697, 51.442173], [-0.5481014, 51.4418321], [-0.5470715, 51.4414824], [-0.5459065, 51.4412344], [-0.5445285, 51.4408669], [-0.5436641, 51.4405458], [-0.5426462, 51.4401585], [-0.541902, 51.439927], [-0.5417516, 51.4398802], [-0.5409911, 51.4396006], [-0.5402013, 51.4393781], [-0.5396363, 51.4390188], [-0.538336, 51.4385752], [-0.5697588, 51.4619229]]]}}, {"type": "Feature", "properties": {"water": "river", "name": "River Thames", "source_id": "osm/way/152470707", "source": "OpenStreetMap", "licence": "ODbL 1.0"}, "geometry": {"type": "Polygon", "coordinates": [[[-0.3902956, 51.4095677], [-0.3898223, 51.4098818], [-0.3895005, 51.410043], [-0.388796, 51.4100749], [-0.3882866, 51.4100886], [-0.388044, 51.4100626], [-0.3879745, 51.4100552], [-0.3877942, 51.4100156], [-0.3877113, 51.4099655], [-0.3876381, 51.4098651], [-0.3872733, 51.4093439], [-0.3902956, 51.4095677]]]}}, {"type": "Feature", "properties": {"water": "river", "name": "River Thames", "source_id": "osm/way/160346780", "source": "OpenStreetMap", "licence": "ODbL 1.0"}, "geometry": {"type": "Polygon", "coordinates": [[[-1.1412505, 51.5233957], [-1.1412688, 51.5231702], [-1.14159, 51.5226838], [-1.1417264, 51.5224388], [-1.142022, 51.5217508], [-1.1425685, 51.5212253], [-1.1434345, 51.5204336], [-1.1435433, 51.5201071], [-1.1434991, 51.5195829], [-1.1429854, 51.5174501], [-1.1425929, 51.5163881], [-1.1421949, 51.5157671], [-1.1415728, 51.515149], [-1.1409396, 51.5147737], [-1.1400561, 51.5144169], [-1.1387453, 51.5139293], [-1.135071, 51.511503], [-1.1347461, 51.5113333], [-1.1343759, 51.5111712], [-1.1339148, 51.511053], [-1.1334344, 51.5109896], [-1.1329812, 51.5110362], [-1.1318976, 51.51135], [-1.1312689, 51.5114341], [-1.1273861, 51.5116583], [-1.1269355, 51.5116371], [-1.1262703, 51.5115369], [-1.1257897, 51.511504], [-1.1248595, 51.5115069], [-1.1239214, 51.5115847], [-1.1228599, 51.5117169], [-1.120032, 51.5115618], [-1.1187009, 51.51144], [-1.1172501, 51.5110796], [-1.1155262, 51.5104502], [-1.1133732, 51.5092974], [-1.112585, 51.5086777], [-1.1118068, 51.5079752], [-1.1096053, 51.5050052], [-1.1091472, 51.504292], [-1.1053051, 51.4957], [-1.1049618, 51.4950053], [-1.1039533, 51.492654], [-1.1022867, 51.4904765], [-1.1013784, 51.4899152], [-1.0958423, 51.4880714], [-1.0898622, 51.4864901], [-1.1412505, 51.5233957]]]}}, {"type": "Feature", "properties": {"water": "river", "name": "River Thames", "source_id": "osm/way/160583928", "source": "OpenStreetMap", "licence": "ODbL 1.0"}, "geometry": {"type": "Polygon", "coordinates": [[[-0.5681401, 51.4501492], [-0.5666474, 51.449727], [-0.5661769, 51.449494], [-0.5653293, 51.4488554], [-0.5649522, 51.448383], [-0.564464, 51.4471216], [-0.5681401, 51.4501492]]]}}, {"type": "Feature", "properties": {"water": "river", "name": "River Thames", "source_id": "osm/way/162961316", "source": "OpenStreetMap", "licence": "ODbL 1.0"}, "geometry": {"type": "Polygon", "coordinates": [[[-0.4071633, 51.4048104], [-0.4069776, 51.4049311], [-0.4067866, 51.4050554], [-0.4064904, 51.4051492], [-0.4071633, 51.4048104]]]}}, {"type": "Feature", "properties": {"water": "river", "name": "River Thames", "source_id": "osm/way/162961319", "source": "OpenStreetMap", "licence": "ODbL 1.0"}, "geometry": {"type": "Polygon", "coordinates": [[[-0.4058472, 51.4052823], [-0.4055607, 51.4053316], [-0.405133, 51.405297], [-0.4058472, 51.4052823]]]}}, {"type": "Feature", "properties": {"water": "river", "name": "River Thames", "source_id": "osm/way/166157228", "source": "OpenStreetMap", "licence": "ODbL 1.0"}, "geometry": {"type": "Polygon", "coordinates": [[[0.3169213, 51.4693404], [0.3170034, 51.4693136], [0.3175038, 51.4691292], [0.3176832, 51.4690609], [0.3189544, 51.4685735], [0.3197214, 51.4682229], [0.3205084, 51.4677855], [0.3206483, 51.4677045], [0.3208349, 51.4675794], [0.32095, 51.4674935], [0.3211917, 51.4672909], [0.3215356, 51.4670314], [0.3221589, 51.4665329], [0.3224142, 51.4663287], [0.3224694, 51.4662808], [0.3226318, 51.4661346], [0.3227415, 51.4660263], [0.3229401, 51.4658263], [0.3232097, 51.4655773], [0.3235614, 51.465189], [0.3240553, 51.4647358], [0.3243983, 51.4644026], [0.3246235, 51.4641598], [0.3250258, 51.4637462], [0.3258739, 51.4627294], [0.327116, 51.4611102], [0.3280227, 51.4598871], [0.3289915, 51.4585567], [0.3290278, 51.4585074], [0.3294376, 51.4579606], [0.3300226, 51.4570109], [0.3303696, 51.4564752], [0.3305343, 51.4561761], [0.3310638, 51.4554092], [0.3317351, 51.4543743], [0.3319982, 51.4540291], [0.3324842, 51.4532829], [0.3326536, 51.4530484], [0.3328409, 51.452827], [0.3333464, 51.4524932], [0.333455, 51.4524155], [0.333645, 51.4522795], [0.3341329, 51.4519694], [0.3342622, 51.4519075], [0.3343944, 51.4518464], [0.334824, 51.4516625], [0.3351519, 51.4515453], [0.3363626, 51.4510688], [0.3367626, 51.450926], [0.3374129, 51.4506657], [0.3377816, 51.4505027], [0.338077, 51.4504249], [0.3384531, 51.4502915], [0.3388526, 51.4501945], [0.3392619, 51.4500658], [0.3399733, 51.4498753], [0.3403756, 51.4498331], [0.3413545, 51.4496679], [0.3421294, 51.4495661], [0.3430519, 51.4494235], [0.3435791, 51.449377], [0.344418, 51.4492307], [0.3458705, 51.4490677], [0.3464765, 51.4489863], [0.347654, 51.4488764], [0.348554, 51.4488017], [0.3488695, 51.4487513], [0.3491399, 51.4487468], [0.3504222, 51.4486338], [0.3513587, 51.4485683], [0.3525628, 51.4484731], [0.3528425, 51.4484558], [0.3534095, 51.4484264], [0.3539209, 51.4484071], [0.3548168, 51.4483918], [0.355969, 51.4483468], [0.3169213, 51.4693404]]]}}, {"type": "Feature", "properties": {"water": "river", "name": "River Thames", "source_id": "osm/way/166157233", "source": "OpenStreetMap", "licence": "ODbL 1.0"}, "geometry": {"type": "Polygon", "coordinates": [[[0.355969, 51.4483468], [0.3588717, 51.4482905], [0.3601449, 51.4482784], [0.3606677, 51.4482858], [0.3612427, 51.4483012], [0.3618792, 51.4483073], [0.3629183, 51.4482791], [0.3637477, 51.4482867], [0.3651441, 51.4483206], [0.3674234, 51.4483384], [0.3688872, 51.4483673], [0.3696011, 51.4483851], [0.355969, 51.4483468]]]}}, {"type": "Feature", "properties": {"water": "river", "name": "River Thames", "source_id": "osm/way/166157235", "source": "OpenStreetMap", "licence": "ODbL 1.0"}, "geometry": {"type": "Polygon", "coordinates": [[[0.4370494, 51.4546581], [0.438168, 51.4549316], [0.4388439, 51.4550812], [0.4396232, 51.455306], [0.4406864, 51.4556454], [0.441003, 51.4557791], [0.4412041, 51.4558793], [0.441473, 51.4560346], [0.4418055, 51.4562507], [0.4420242, 51.4564108], [0.4422497, 51.4565886], [0.4425292, 51.4568364], [0.4427507, 51.4570755], [0.4428977, 51.4571858], [0.4429793, 51.4572596], [0.4433159, 51.4576861], [0.4439275, 51.4584899], [0.4443025, 51.4589345], [0.4445701, 51.4593345], [0.4451585, 51.4601352], [0.4457324, 51.4609866], [0.445881, 51.4611805], [0.446062, 51.461415], [0.4467542, 51.4626219], [0.447092, 51.4634458], [0.4370494, 51.4546581]]]}}, {"type": "Feature", "properties": {"water": "river", "name": "River Thames", "source_id": "osm/way/166513262", "source": "OpenStreetMap", "licence": "ODbL 1.0"}, "geometry": {"type": "Polygon", "coordinates": [[[0.447092, 51.4634458], [0.447536, 51.464343], [0.4488821, 51.4675322], [0.4491702, 51.4682147], [0.4492329, 51.4683915], [0.4500769, 51.4707859], [0.4507792, 51.4727398], [0.451331, 51.4743561], [0.4520888, 51.4769123], [0.452394, 51.4777153], [0.4528531, 51.4787831], [0.4532083, 51.47947], [0.4539033, 51.480585], [0.4542103, 51.4811245], [0.4544791, 51.4815712], [0.4555636, 51.483018], [0.4558702, 51.4834163], [0.4571508, 51.4849975], [0.4574373, 51.4853161], [0.4579797, 51.4858398], [0.4583694, 51.4862301], [0.458503, 51.4863568], [0.458638, 51.4864834], [0.4596275, 51.4872577], [0.4607518, 51.4880714], [0.4621544, 51.4890519], [0.4628102, 51.4895337], [0.4633349, 51.4899192], [0.464576, 51.490788], [0.4657215, 51.4916192], [0.4675935, 51.4929638], [0.4677805, 51.4931461], [0.4679945, 51.4932927], [0.4681844, 51.4934218], [0.4686909, 51.4937025], [0.4692338, 51.4939644], [0.4707115, 51.4945691], [0.4710691, 51.4947082], [0.4725629, 51.4952343], [0.4726554, 51.4952665], [0.4727985, 51.4953013], [0.4729951, 51.4953682], [0.4735574, 51.4955353], [0.4741046, 51.4956883], [0.4743857, 51.4957444], [0.4745229, 51.4957766], [0.4752782, 51.4959702], [0.4757008, 51.4960575], [0.4765168, 51.4962004], [0.4768593, 51.4962723], [0.4795382, 51.496731], [0.4807924, 51.4969571], [0.481605, 51.4970892], [0.4822921, 51.4972186], [0.4832354, 51.4973686], [0.4835482, 51.497424], [0.484183, 51.4975463], [0.4863297, 51.4979136], [0.4877663, 51.498179], [0.4891939, 51.4984644], [0.4899802, 51.4986159], [0.4923843, 51.4991044], [0.492841, 51.499181], [0.4937252, 51.4992773], [0.494711, 51.4993607], [0.4952016, 51.4993745], [0.4954833, 51.4993874], [0.4963088, 51.4994382], [0.4973706, 51.4994866], [0.4984091, 51.4995059], [0.4989015, 51.499526], [0.5001197, 51.4995378], [0.5014209, 51.4994866], [0.5019941, 51.4994798], [0.5031321, 51.4994222], [0.447092, 51.4634458]]]}}, {"type": "Feature", "properties": {"water": "river", "name": "River Thames", "source_id": "osm/way/166513264", "source": "OpenStreetMap", "licence": "ODbL 1.0"}, "geometry": {"type": "Polygon", "coordinates": [[[0.5504262, 51.5023204], [0.552493, 51.5020191], [0.5529906, 51.502002], [0.5537697, 51.5019922], [0.555015, 51.5019975], [0.5553894, 51.502019], [0.5556624, 51.5020301], [0.5559364, 51.5020341], [0.5563008, 51.5020306], [0.5564976, 51.5020245], [0.5565942, 51.5020215], [0.5568858, 51.5020035], [0.5572516, 51.5019748], [0.5580136, 51.5019699], [0.5586556, 51.5019577], [0.5591117, 51.501945], [0.5603553, 51.5018945], [0.5609787, 51.5018844], [0.5616031, 51.5018915], [0.5619062, 51.5019011], [0.562552, 51.5019301], [0.5629755, 51.501928], [0.5632757, 51.5019098], [0.5635264, 51.5018845], [0.5638223, 51.5018421], [0.5642428, 51.50176], [0.5643414, 51.5017453], [0.5648312, 51.5016914], [0.5653578, 51.501652], [0.5656526, 51.5016402], [0.566047, 51.5016324], [0.5664462, 51.5016345], [0.5674647, 51.5016041], [0.5680128, 51.5016128], [0.5682964, 51.5016083], [0.5686286, 51.5015966], [0.5690536, 51.5015693], [0.569637, 51.5015133], [0.5698263, 51.5014984], [0.5701983, 51.5014758], [0.5705579, 51.5014644], [0.5709181, 51.5014628], [0.571296, 51.5014707], [0.5721117, 51.5015229], [0.572591, 51.5015897], [0.5732566, 51.5016651], [0.5735564, 51.5016918], [0.5741524, 51.5017326], [0.5747021, 51.5017448], [0.5749887, 51.5017412], [0.5753454, 51.5017298], [0.5771636, 51.5017492], [0.5777801, 51.501822], [0.5781279, 51.5018566], [0.5784769, 51.5018858], [0.5787891, 51.5019023], [0.5794814, 51.5019132], [0.5798948, 51.5019113], [0.5804879, 51.5019], [0.5811447, 51.5019215], [0.5816424, 51.5019313], [0.5823906, 51.5019355], [0.5504262, 51.5023204]]]}}, {"type": "Feature", "properties": {"water": "river", "name": "River Thames", "source_id": "osm/way/170246024", "source": "OpenStreetMap", "licence": "ODbL 1.0"}, "geometry": {"type": "Polygon", "coordinates": [[[-0.4613961, 51.3819088], [-0.4608307, 51.3818981], [-0.4602026, 51.3819471], [-0.4595526, 51.3819825], [-0.4591106, 51.3820024], [-0.4590279, 51.3820144], [-0.4613961, 51.3819088]]]}}, {"type": "Feature", "properties": {"water": "river", "name": "River Thames", "source_id": "osm/way/170246025", "source": "OpenStreetMap", "licence": "ODbL 1.0"}, "geometry": {"type": "Polygon", "coordinates": [[[-0.4574091, 51.3811437], [-0.4572183, 51.3814235], [-0.4569299, 51.3819889], [-0.4567277, 51.3822333], [-0.4564973, 51.3824803], [-0.4574091, 51.3811437]]]}}, {"type": "Feature", "properties": {"water": "river", "name": "River Thames", "source_id": "osm/way/171687163", "source": "OpenStreetMap", "licence": "ODbL 1.0"}, "geometry": {"type": "Polygon", "coordinates": [[[-1.9378771, 51.6466002], [-1.9377685, 51.6466266], [-1.9376436, 51.6466515], [-1.9375166, 51.6466655], [-1.9373745, 51.6466775], [-1.9372688, 51.6466808], [-1.9371639, 51.6466792], [-1.9370457, 51.6466786], [-1.9366844, 51.6466726], [-1.936332, 51.6466766], [-1.9362746, 51.6466647], [-1.93621, 51.6465984], [-1.9361442, 51.6465181], [-1.9360534, 51.6461762], [-1.9359404, 51.6457475], [-1.9358288, 51.645563], [-1.9357101, 51.6453606], [-1.9355729, 51.6451134], [-1.9353748, 51.6449728], [-1.935108, 51.6448114], [-1.9346636, 51.6444509], [-1.9342724, 51.644069], [-1.9340354, 51.6438556], [-1.9338454, 51.6436851], [-1.9337175, 51.6435461], [-1.933398, 51.6431935], [-1.9332425, 51.6429888], [-1.9331214, 51.6427948], [-1.9329858, 51.6426685], [-1.9328162, 51.6424942], [-1.9326566, 51.642333], [-1.9324219, 51.6420484], [-1.9319948, 51.6415381], [-1.9317722, 51.6412568], [-1.9313891, 51.64075], [-1.931116, 51.6403531], [-1.9310638, 51.6403106], [-1.9310257, 51.6403123], [-1.9308955, 51.6403324], [-1.9306079, 51.6403852], [-1.9304306, 51.6404118], [-1.9302095, 51.6404481], [-1.9300395, 51.6404604], [-1.9299076, 51.6404592], [-1.9298142, 51.6404567], [-1.9295976, 51.6404343], [-1.9294464, 51.6404091], [-1.929333, 51.6403745], [-1.9292604, 51.6403437], [-1.9290885, 51.6402544], [-1.9289749, 51.6401854], [-1.9288877, 51.6401439], [-1.9288139, 51.6401176], [-1.9287427, 51.6401032], [-1.9286897, 51.6401024], [-1.9286382, 51.6401077], [-1.9285936, 51.6401237], [-1.9285694, 51.6401526], [-1.9285742, 51.6401986], [-1.9285832, 51.6402355], [-1.9286158, 51.6402935], [-1.9286698, 51.6403409], [-1.9287375, 51.6404042], [-1.9288007, 51.6404804], [-1.9288548, 51.6405651], [-1.928861, 51.6406235], [-1.9288683, 51.6406782], [-1.9288676, 51.6407401], [-1.9288514, 51.6407979], [-1.9288217, 51.6408341], [-1.9287638, 51.6408565], [-1.928687, 51.6408704], [-1.9286204, 51.6408597], [-1.928538, 51.6408507], [-1.9283823, 51.6408475], [-1.928206, 51.6408508], [-1.9280843, 51.6408459], [-1.9279924, 51.6408366], [-1.9278935, 51.6408174], [-1.927796, 51.6408001], [-1.9276958, 51.6407869], [-1.9275683, 51.6407841], [-1.9273655, 51.6407975], [-1.9271355, 51.6408341], [-1.9269855, 51.6408749], [-1.9268878, 51.6409139], [-1.9268223, 51.6409436], [-1.9266925, 51.6409848], [-1.9266041, 51.6409856], [-1.9265396, 51.6409864], [-1.9264055, 51.6409716], [-1.9263307, 51.640952], [-1.9262347, 51.6408965], [-1.9261625, 51.6408347], [-1.9261427, 51.6407937], [-1.9261431, 51.6407444], [-1.9261722, 51.640707], [-1.9262147, 51.6406711], [-1.926245, 51.6406213], [-1.9262628, 51.6405758], [-1.9262142, 51.6405165], [-1.9261469, 51.6404771], [-1.9260555, 51.6404539], [-1.925945, 51.6404409], [-1.92583, 51.6404275], [-1.9257525, 51.6404105], [-1.9256922, 51.6403788], [-1.9256562, 51.640346], [-1.9256315, 51.6402939], [-1.925599, 51.6402397], [-1.9255622, 51.6401939], [-1.9255254, 51.6401743], [-1.9254628, 51.6401668], [-1.9253921, 51.6401854], [-1.9253328, 51.6402043], [-1.9252719, 51.6402304], [-1.92522, 51.6402362], [-1.9251573, 51.6402321], [-1.9251056, 51.640216], [-1.9250664, 51.640191], [-1.9250127, 51.6401295], [-1.9249719, 51.640055], [-1.9249556, 51.6399741], [-1.9249323, 51.6399152], [-1.9248901, 51.6398604], [-1.9247832, 51.6398023], [-1.9246727, 51.6397545], [-1.9245665, 51.6397114], [-1.924506, 51.6396634], [-1.9244693, 51.6396014], [-1.9244392, 51.6395308], [-1.9243997, 51.6394256], [-1.9243459, 51.6393243], [-1.9242738, 51.6392332], [-1.9242008, 51.6391579], [-1.9241163, 51.6390968], [-1.9239862, 51.6390516], [-1.9238854, 51.6390408], [-1.9237719, 51.6390264], [-1.9236757, 51.6389922], [-1.9236183, 51.638958], [-1.9235517, 51.6389043], [-1.9234386, 51.6388132], [-1.9230658, 51.6385286], [-1.9228252, 51.6383882], [-1.9225991, 51.6382666], [-1.9222132, 51.6380001], [-1.9221729, 51.6379484], [-1.9378771, 51.6466002]]]}}, {"type": "Feature", "properties": {"water": "river", "name": "River Thames", "source_id": "osm/way/174971215", "source": "OpenStreetMap", "licence": "ODbL 1.0"}, "geometry": {"type": "Polygon", "coordinates": [[[0.608953, 51.501109], [0.6122364, 51.5010233], [0.6141344, 51.5009617], [0.6183521, 51.5008248], [0.6216872, 51.5007602], [0.6226549, 51.5007502], [0.6238787, 51.500757], [0.6244931, 51.5007658], [0.6251018, 51.5007764], [0.6259764, 51.5008], [0.6271981, 51.5008473], [0.6278093, 51.5008758], [0.6284177, 51.5009063], [0.6291291, 51.5009479], [0.6303998, 51.5010435], [0.6316668, 51.5011499], [0.6328348, 51.501264], [0.6334627, 51.5013327], [0.6347248, 51.5014779], [0.6353532, 51.5015564], [0.6686851, 51.5032063], [0.6710656, 51.5033266], [0.6734872, 51.5034594], [0.6744895, 51.5034977], [0.6760849, 51.5035728], [0.6778926, 51.5036817], [0.608953, 51.501109]]]}}, {"type": "Feature", "properties": {"water": "river", "name": "River Thames", "source_id": "osm/way/174994022", "source": "OpenStreetMap", "licence": "ODbL 1.0"}, "geometry": {"type": "Polygon", "coordinates": [[[0.5823906, 51.5019355], [0.5827014, 51.5019277], [0.5829868, 51.5019304], [0.5832443, 51.5019221], [0.5835223, 51.5019204], [0.5838008, 51.5019269], [0.5839944, 51.5019361], [0.5844142, 51.5019691], [0.5846738, 51.5019733], [0.5848047, 51.5019695], [0.5850484, 51.5019471], [0.5852713, 51.5019134], [0.585981, 51.5018491], [0.5862259, 51.5018219], [0.5868187, 51.501756], [0.5873156, 51.5017262], [0.5876841, 51.5017189], [0.588206, 51.5018261], [0.5888445, 51.5019802], [0.5891751, 51.5020673], [0.5894915, 51.5021584], [0.5897806, 51.5022509], [0.5901659, 51.5023863], [0.5902625, 51.5024129], [0.5903966, 51.5024406], [0.5905142, 51.5024559], [0.5906169, 51.5024618], [0.5907235, 51.5024621], [0.59091, 51.5024472], [0.592036, 51.5021525], [0.5924523, 51.502048], [0.5929404, 51.5019904], [0.5933189, 51.5019569], [0.5938271, 51.5019222], [0.594077, 51.5019086], [0.5945302, 51.501895], [0.5958161, 51.5018287], [0.5972734, 51.5017353], [0.5985532, 51.5016368], [0.5996028, 51.5015452], [0.602522, 51.5013896], [0.604636, 51.5012887], [0.606814, 51.5011746], [0.608953, 51.501109], [0.5823906, 51.5019355]]]}}, {"type": "Feature", "properties": {"water": "river", "name": "River Thames", "source_id": "osm/way/174994624", "source": "OpenStreetMap", "licence": "ODbL 1.0"}, "geometry": {"type": "Polygon", "coordinates": [[[0.5273855, 51.5023652], [0.527717, 51.5024175], [0.5283727, 51.5024977], [0.5285872, 51.5025192], [0.5289967, 51.5025508], [0.5299837, 51.5025997], [0.5304793, 51.502625], [0.5307898, 51.5026371], [0.5319475, 51.5026724], [0.5337739, 51.5027364], [0.5344081, 51.5027389], [0.5345411, 51.5027468], [0.5348971, 51.5027741], [0.5352606, 51.5028068], [0.5356204, 51.5028502], [0.5360721, 51.5029133], [0.5374068, 51.5029978], [0.5386855, 51.5031356], [0.5397636, 51.5031131], [0.5402825, 51.5031154], [0.5407302, 51.5031074], [0.5414583, 51.5030847], [0.5419673, 51.5030689], [0.5423905, 51.5030598], [0.5428802, 51.5030563], [0.5433718, 51.5030601], [0.5440095, 51.5030732], [0.5447344, 51.5029972], [0.5451489, 51.5029621], [0.5457332, 51.5029216], [0.5461103, 51.5028369], [0.5463755, 51.5027853], [0.546644, 51.5027426], [0.5468958, 51.5027093], [0.5471494, 51.5026831], [0.547425, 51.5026636], [0.5478433, 51.5026455], [0.5480137, 51.5026274], [0.549372, 51.5024621], [0.5504262, 51.5023204], [0.5273855, 51.5023652]]]}}, {"type": "Feature", "properties": {"water": "river", "name": "River Thames", "source_id": "osm/way/175128712", "source": "OpenStreetMap", "licence": "ODbL 1.0"}, "geometry": {"type": "Polygon", "coordinates": [[[0.1578741, 51.5087685], [0.1600576, 51.5087121], [0.1600591, 51.508712], [0.1605136, 51.5086641], [0.1607729, 51.5086305], [0.1611261, 51.5085719], [0.161473, 51.5085034], [0.1617271, 51.5084511], [0.1625255, 51.50827], [0.1635886, 51.5080175], [0.1639011, 51.5079209], [0.1648375, 51.5076104], [0.165157, 51.5075101], [0.165661, 51.5073506], [0.1669104, 51.5069256], [0.1675063, 51.5066987], [0.1679332, 51.5065235], [0.1684979, 51.5062766], [0.1689419, 51.5060678], [0.1691826, 51.5059474], [0.1696636, 51.5056975], [0.1698967, 51.5055682], [0.1703465, 51.5053008], [0.1707179, 51.5050503], [0.1725825, 51.5036542], [0.172798, 51.5034596], [0.1730054, 51.5032863], [0.1734643, 51.5028366], [0.1741271, 51.5021687], [0.174364, 51.5019098], [0.174633, 51.5015973], [0.1748257, 51.5013464], [0.1749505, 51.5011543], [0.1754574, 51.5003005], [0.1756885, 51.4998613], [0.1757216, 51.4997983], [0.1758868, 51.4992125], [0.1759074, 51.4991599], [0.1760659, 51.498737], [0.1760673, 51.498737], [0.1762622, 51.4982918], [0.1763109, 51.4981947], [0.1765713, 51.4977627], [0.1766184, 51.4976629], [0.1768897, 51.4970365], [0.1770141, 51.4966241], [0.1771909, 51.4957701], [0.1776859, 51.4938832], [0.1778206, 51.4933231], [0.1778896, 51.493079], [0.1780467, 51.4925959], [0.1782435, 51.4921021], [0.1783505, 51.4918384], [0.1785269, 51.4914592], [0.179012, 51.4904547], [0.1795693, 51.4895747], [0.1800183, 51.4889611], [0.1805492, 51.4882831], [0.1808254, 51.4880028], [0.1810281, 51.4878146], [0.181653, 51.4873255], [0.1821431, 51.4869719], [0.1824378, 51.4867767], [0.1826584, 51.4866323], [0.1833349, 51.4862285], [0.1839963, 51.4859033], [0.1848166, 51.4855265], [0.1851487, 51.4853917], [0.18545, 51.4852772], [0.1861296, 51.4850307], [0.1863521, 51.4849556], [0.1868716, 51.4847939], [0.1872697, 51.4846543], [0.1874571, 51.4845977], [0.1876009, 51.4845626], [0.1881774, 51.4844494], [0.1883753, 51.4844313], [0.1894335, 51.4843324], [0.1899707, 51.4842702], [0.1902546, 51.4842442], [0.1919728, 51.4841501], [0.1955595, 51.4841864], [0.1963055, 51.4842138], [0.197133, 51.4842585], [0.1983471, 51.4843464], [0.1987515, 51.4843693], [0.1990148, 51.4843923], [0.199277, 51.4844233], [0.200446, 51.4845912], [0.2025931, 51.4849708], [0.2033691, 51.4850812], [0.2051204, 51.4853163], [0.207697, 51.4856977], [0.2081271, 51.4857462], [0.2082761, 51.4857587], [0.2086907, 51.4857842], [0.2095967, 51.4858148], [0.2103069, 51.485877], [0.1578741, 51.5087685]]]}}, {"type": "Feature", "properties": {"water": "river", "name": "River Thames", "source_id": "osm/way/175128717", "source": "OpenStreetMap", "licence": "ODbL 1.0"}, "geometry": {"type": "Polygon", "coordinates": [[[0.1182863, 51.5135776], [0.1193047, 51.5139673], [0.1199796, 51.5142249], [0.1204381, 51.514383], [0.1207673, 51.5144895], [0.1211034, 51.5145886], [0.1215823, 51.5147202], [0.1218215, 51.5147816], [0.1222369, 51.514881], [0.1224666, 51.5149404], [0.1229357, 51.5150617], [0.1233723, 51.5151519], [0.1238622, 51.515241], [0.1243963, 51.5153222], [0.1252112, 51.5154252], [0.1252691, 51.5154314], [0.1252806, 51.5154311], [0.1262955, 51.5154667], [0.127008, 51.5155068], [0.1277141, 51.5155345], [0.128229, 51.5155422], [0.1288065, 51.5155327], [0.1290022, 51.5155255], [0.130527, 51.5154313], [0.131793, 51.5152878], [0.1326958, 51.5152066], [0.1335944, 51.5150041], [0.135454, 51.5146777], [0.135926, 51.5145948], [0.1368466, 51.5143703], [0.1379901, 51.5140742], [0.1390422, 51.5137664], [0.1399249, 51.5134103], [0.1408721, 51.5130486], [0.1423318, 51.5124878], [0.1434507, 51.5120078], [0.1445393, 51.5115895], [0.1468592, 51.5107215], [0.1480934, 51.5103653], [0.1491987, 51.510087], [0.1499393, 51.5098998], [0.1507416, 51.5097483], [0.1511049, 51.5096797], [0.1512812, 51.5096425], [0.1526117, 51.5093616], [0.1532595, 51.5092544], [0.1546695, 51.5090837], [0.1564048, 51.5088728], [0.1578741, 51.5087685], [0.1182863, 51.5135776]]]}}, {"type": "Feature", "properties": {"water": "river", "name": "Hedsor Water", "source_id": "osm/way/175796176", "source": "OpenStreetMap", "licence": "ODbL 1.0"}, "geometry": {"type": "Polygon", "coordinates": [[[-0.6941959, 51.5621725], [-0.6937026, 51.5615169], [-0.6931658, 51.5607673], [-0.6930436, 51.5605415], [-0.6941959, 51.5621725]]]}}, {"type": "Feature", "properties": {"water": "river", "name": "River Thames", "source_id": "osm/way/175796181", "source": "OpenStreetMap", "licence": "ODbL 1.0"}, "geometry": {"type": "Polygon", "coordinates": [[[-0.6930436, 51.5605415], [-0.692977, 51.5604634], [-0.6928482, 51.5602866], [-0.6926289, 51.5600698], [-0.692209, 51.5593206], [-0.6917218, 51.5583494], [-0.6915417, 51.5579392], [-0.691427, 51.5575648], [-0.6913664, 51.5573654], [-0.691222, 51.5568161], [-0.6912143, 51.5565814], [-0.6911706, 51.555507], [-0.6911019, 51.5538151], [-0.6911738, 51.5529653], [-0.6913406, 51.551327], [-0.6913953, 51.5508268], [-0.69146, 51.5505829], [-0.6914906, 51.5504214], [-0.6915221, 51.5501286], [-0.6915267, 51.5499659], [-0.6915205, 51.5498301], [-0.6914931, 51.5496814], [-0.69138, 51.5493483], [-0.6913127, 51.5490823], [-0.6912821, 51.5488896], [-0.6912884, 51.5486729], [-0.6913863, 51.5480733], [-0.691439, 51.5477943], [-0.6915351, 51.5474618], [-0.691669, 51.5470685], [-0.6919857, 51.5460802], [-0.6920493, 51.5457231], [-0.6920835, 51.5455382], [-0.692205, 51.5450216], [-0.6923951, 51.5445768], [-0.6925275, 51.544287], [-0.6926966, 51.5440218], [-0.6930436, 51.5605415]]]}}, {"type": "Feature", "properties": {"water": "river", "name": "River Thames", "source_id": "osm/way/175796183", "source": "OpenStreetMap", "licence": "ODbL 1.0"}, "geometry": {"type": "Polygon", "coordinates": [[[-0.6973815, 51.5386315], [-0.6974924, 51.5384345], [-0.6978252, 51.5377872], [-0.6979699, 51.5374678], [-0.6980423, 51.5372546], [-0.6980851, 51.5370689], [-0.6981044, 51.5369468], [-0.6981108, 51.5368246], [-0.6980924, 51.5366608], [-0.6980501, 51.5365263], [-0.6979597, 51.5363086], [-0.6978372, 51.5360537], [-0.6977714, 51.5358821], [-0.6977611, 51.5358388], [-0.6977505, 51.5357569], [-0.6977395, 51.5353854], [-0.6976853, 51.5351123], [-0.69768, 51.5350448], [-0.6976891, 51.5348786], [-0.6977106, 51.5347799], [-0.6977535, 51.5346428], [-0.6977829, 51.5345703], [-0.6979091, 51.5343433], [-0.6982638, 51.5337349], [-0.6984215, 51.533479], [-0.6987007, 51.5330258], [-0.6973815, 51.5386315]]]}}, {"type": "Feature", "properties": {"water": "river", "name": "River Thames", "source_id": "osm/way/175796235", "source": "OpenStreetMap", "licence": "ODbL 1.0"}, "geometry": {"type": "Polygon", "coordinates": [[[-0.6987007, 51.5330258], [-0.6989661, 51.5325656], [-0.6992209, 51.5321234], [-0.6993937, 51.5318422], [-0.6994492, 51.5317518], [-0.6995979, 51.5315413], [-0.6996908, 51.5313696], [-0.6997403, 51.5312488], [-0.6997813, 51.5311279], [-0.6998026, 51.5310382], [-0.6998152, 51.5309475], [-0.6998289, 51.5307723], [-0.6998355, 51.5306402], [-0.6997814, 51.5296494], [-0.7000602, 51.5289261], [-0.7001587, 51.5287087], [-0.7002369, 51.5285927], [-0.7004447, 51.5283324], [-0.7006222, 51.5280745], [-0.7007694, 51.5278154], [-0.7008294, 51.527683], [-0.700867, 51.5275764], [-0.7008851, 51.5274975], [-0.7009028, 51.5271802], [-0.7008785, 51.5268359], [-0.7011512, 51.5257268], [-0.7011779, 51.5254299], [-0.7013968, 51.5251448], [-0.7015567, 51.5249334], [-0.7018215, 51.5246826], [-0.7018954, 51.5245674], [-0.7019445, 51.5244618], [-0.7020494, 51.524168], [-0.7020592, 51.5241268], [-0.7020702, 51.5239453], [-0.7020638, 51.5237627], [-0.7020489, 51.5236276], [-0.7020274, 51.5235222], [-0.7019537, 51.5232759], [-0.7018312, 51.5229697], [-0.7017018, 51.5226032], [-0.7016851, 51.5225329], [-0.7016463, 51.5223256], [-0.7015897, 51.5217819], [-0.7015554, 51.5215693], [-0.701526, 51.5212839], [-0.7015183, 51.5209979], [-0.7015356, 51.5206933], [-0.7016055, 51.5203128], [-0.7015639, 51.5196496], [-0.7015741, 51.5191884], [-0.7016045, 51.5186762], [-0.7016213, 51.518591], [-0.7018057, 51.5178341], [-0.7018195, 51.5177941], [-0.6987007, 51.5330258]]]}}, {"type": "Feature", "properties": {"water": "river", "name": "River Thames", "source_id": "osm/way/175804419", "source": "OpenStreetMap", "licence": "ODbL 1.0"}, "geometry": {"type": "Polygon", "coordinates": [[[-0.6887292, 51.5085951], [-0.6886041, 51.5085362], [-0.688485, 51.5084701], [-0.6875465, 51.5079327], [-0.6866169, 51.5073881], [-0.6863835, 51.5072354], [-0.6863018, 51.5071706], [-0.6887292, 51.5085951]]]}}, {"type": "Feature", "properties": {"water": "river", "name": "River Thames", "source_id": "osm/way/175804426", "source": "OpenStreetMap", "licence": "ODbL 1.0"}, "geometry": {"type": "Polygon", "coordinates": [[[-0.6924349, 51.5102218], [-0.692179, 51.5099015], [-0.6918986, 51.5097284], [-0.6915663, 51.5095062], [-0.691443, 51.5094365], [-0.6912867, 51.5093583], [-0.6909024, 51.5091922], [-0.6907171, 51.5091209], [-0.6905744, 51.5090725], [-0.6904128, 51.5090311], [-0.69003, 51.5089603], [-0.6898898, 51.5089255], [-0.6894156, 51.5087781], [-0.6890075, 51.508689], [-0.6888646, 51.508647], [-0.6887292, 51.5085951], [-0.6924349, 51.5102218]]]}}, {"type": "Feature", "properties": {"water": "river", "name": "River Thames", "source_id": "osm/way/183633366", "source": "OpenStreetMap", "licence": "ODbL 1.0"}, "geometry": {"type": "Polygon", "coordinates": [[[0.0997062, 51.511899], [0.1008787, 51.5119167], [0.1024039, 51.5117374], [0.103479, 51.5116426], [0.1046429, 51.5115983], [0.1057514, 51.5115397], [0.1061196, 51.5115241], [0.1066173, 51.5115035], [0.1071794, 51.5115051], [0.1076628, 51.5115171], [0.1079809, 51.5115392], [0.1081879, 51.5115598], [0.108917, 51.5116501], [0.1097884, 51.511763], [0.1102294, 51.5118252], [0.1111812, 51.5120572], [0.1120114, 51.5122761], [0.1124253, 51.5123747], [0.1137711, 51.5126796], [0.1144872, 51.5128322], [0.1151418, 51.5129616], [0.1160688, 51.5130923], [0.1165885, 51.5131423], [0.1176921, 51.5134119], [0.1182863, 51.5135776], [0.0997062, 51.511899]]]}}, {"type": "Feature", "properties": {"water": "river", "name": "River Thames", "source_id": "osm/way/183633367", "source": "OpenStreetMap", "licence": "ODbL 1.0"}, "geometry": {"type": "Polygon", "coordinates": [[[0.0371005, 51.4968729], [0.0372873, 51.4968875], [0.0379938, 51.4969428], [0.0385134, 51.4969959], [0.0391946, 51.4971207], [0.0398136, 51.497172], [0.0401463, 51.4972031], [0.0404843, 51.4972224], [0.0413341, 51.4972489], [0.0421506, 51.4972716], [0.0428204, 51.4973013], [0.0437575, 51.497347], [0.0441894, 51.4973728], [0.0446256, 51.4973652], [0.045844, 51.4973232], [0.0471137, 51.4972678], [0.0479539, 51.4972414], [0.0488653, 51.4971958], [0.049514, 51.4971728], [0.0501396, 51.4970827], [0.050819, 51.4970052], [0.0514333, 51.4969531], [0.0517808, 51.4969272], [0.0523638, 51.4968829], [0.052806, 51.4968499], [0.0531763, 51.4968192], [0.0534407, 51.496802], [0.0539418, 51.4967644], [0.0547418, 51.496709], [0.0566298, 51.4965635], [0.0582069, 51.4964576], [0.0586278, 51.4964313], [0.0592614, 51.4964229], [0.0598207, 51.4964378], [0.0607678, 51.4964747], [0.0615316, 51.4965107], [0.0618768, 51.4965298], [0.0624746, 51.4965607], [0.0629785, 51.4965851], [0.0639063, 51.496647], [0.0661909, 51.4967668], [0.0681579, 51.4969669], [0.0715296, 51.4974847], [0.0731584, 51.4978498], [0.0731875, 51.4978565], [0.0734281, 51.4979188], [0.0739157, 51.4980603], [0.0743021, 51.498192], [0.0748623, 51.4983772], [0.0754005, 51.4986159], [0.0757819, 51.4987971], [0.0761023, 51.4989677], [0.0766109, 51.4992222], [0.0770956, 51.4994896], [0.0773863, 51.4996715], [0.0777092, 51.499896], [0.0779888, 51.5001204], [0.0784536, 51.5004872], [0.0785424, 51.500571], [0.0787036, 51.5007237], [0.0791189, 51.5011112], [0.0796319, 51.5015571], [0.0802705, 51.5021627], [0.0815052, 51.5034865], [0.0827483, 51.5047437], [0.0827696, 51.5047685], [0.083119, 51.505193], [0.0836216, 51.5057857], [0.0839788, 51.5063513], [0.0842554, 51.5067601], [0.0845918, 51.5071534], [0.0847667, 51.5073229], [0.0849473, 51.5074906], [0.0854204, 51.5078464], [0.0859067, 51.5082397], [0.0870519, 51.5090503], [0.0877179, 51.5094647], [0.088048, 51.5096854], [0.0882794, 51.5097982], [0.0898578, 51.5105623], [0.0900754, 51.5106574], [0.0907378, 51.510928], [0.0909455, 51.5109944], [0.091227, 51.5110685], [0.0915471, 51.5111338], [0.0924266, 51.5113304], [0.0931611, 51.511445], [0.09358, 51.5114986], [0.0939989, 51.5115505], [0.0948126, 51.5116322], [0.095451, 51.5116631], [0.0962127, 51.5116782], [0.0965669, 51.5117025], [0.0972247, 51.5117539], [0.0983893, 51.5118443], [0.0997062, 51.511899], [0.0371005, 51.4968729]]]}}, {"type": "Feature", "properties": {"water": "river", "name": "River Thames", "source_id": "osm/way/183633368", "source": "OpenStreetMap", "licence": "ODbL 1.0"}, "geometry": {"type": "Polygon", "coordinates": [[[-0.0234358, 51.4868022], [-0.0227209, 51.4864817], [-0.021081, 51.485775], [-0.0200204, 51.4853875], [-0.019473, 51.4852235], [-0.0188246, 51.4850392], [-0.0181654, 51.4848758], [-0.0176503, 51.4847728], [-0.0167464, 51.4846752], [-0.0160435, 51.4846161], [-0.0152974, 51.4845754], [-0.0144658, 51.4845407], [-0.0133682, 51.4845245], [-0.0124727, 51.4845553], [-0.0114284, 51.4846332], [-0.0105966, 51.4847424], [-0.0097557, 51.4848902], [-0.0082609, 51.485158], [-0.0069191, 51.4854605], [-0.0057532, 51.4858088], [-0.004774, 51.4861885], [-0.0038949, 51.4866071], [-0.0029432, 51.4871762], [-0.0021854, 51.4876832], [-0.0017456, 51.4880154], [-0.0014765, 51.4883066], [-0.0011778, 51.4887125], [-0.0007848, 51.4893199], [-0.000581, 51.4898435], [-0.0004758, 51.4903057], [-0.0004492, 51.4909132], [-0.0004659, 51.4911975], [-0.000581, 51.4919157], [-0.0008326, 51.4926571], [-0.0012888, 51.4934745], [-0.0017432, 51.4941127], [-0.0024698, 51.4951077], [-0.0028796, 51.4956383], [-0.0036028, 51.4967001], [-0.004115, 51.4975751], [-0.0045252, 51.4983381], [-0.004901, 51.4991837], [-0.0050856, 51.5001209], [-0.0050492, 51.5011199], [-0.0050366, 51.5014644], [-0.0048695, 51.5019956], [-0.0046897, 51.5025339], [-0.0045105, 51.5029409], [-0.0043261, 51.5032381], [-0.004052, 51.5036309], [-0.0036727, 51.5040638], [-0.0032226, 51.5045078], [-0.0027687, 51.5049372], [-0.0022473, 51.5053095], [-0.0018288, 51.5056056], [-0.0013176, 51.5058694], [-0.0009188, 51.5060586], [-0.000309, 51.506275], [0.000481, 51.5064983], [0.0015722, 51.5066757], [0.0026978, 51.5067709], [0.0036097, 51.5067682], [0.0041793, 51.5066976], [0.0051742, 51.5064285], [0.0059651, 51.5061623], [0.0073208, 51.5056301], [0.0075979, 51.5055102], [-0.0234358, 51.4868022]]]}}, {"type": "Feature", "properties": {"water": "river", "name": "River Thames", "source_id": "osm/way/193660577", "source": "OpenStreetMap", "licence": "ODbL 1.0"}, "geometry": {"type": "Polygon", "coordinates": [[[-0.299119, 51.4828817], [-0.2985318, 51.4831903], [-0.2981532, 51.4834542], [-0.2973422, 51.4840195], [-0.2959355, 51.4849375], [-0.2955621, 51.4851647], [-0.2951408, 51.4853794], [-0.2945712, 51.485576], [-0.2944536, 51.4856183], [-0.2939803, 51.4857884], [-0.2930587, 51.4860484], [-0.2916463, 51.4864075], [-0.2890688, 51.4867953], [-0.2881606, 51.4870076], [-0.299119, 51.4828817]]]}}, {"type": "Feature", "properties": {"water": "river", "name": "River Thames", "source_id": "osm/way/194172488", "source": "OpenStreetMap", "licence": "ODbL 1.0"}, "geometry": {"type": "Polygon", "coordinates": [[[-0.3144524, 51.4282493], [-0.315879, 51.4289151], [-0.3181965, 51.4298784], [-0.3189597, 51.4301217], [-0.3223554, 51.4309443], [-0.322807, 51.4311038], [-0.3144524, 51.4282493]]]}}, {"type": "Feature", "properties": {"water": "river", "name": "River Thames", "source_id": "osm/way/194172489", "source": "OpenStreetMap", "licence": "ODbL 1.0"}, "geometry": {"type": "Polygon", "coordinates": [[[-0.312491, 51.3974793], [-0.3112227, 51.3979601], [-0.3106354, 51.3984374], [-0.3100071, 51.3991582], [-0.309723, 51.3999248], [-0.312491, 51.3974793]]]}}, {"type": "Feature", "properties": {"water": "river", "name": "River Thames", "source_id": "osm/way/195565839", "source": "OpenStreetMap", "licence": "ODbL 1.0"}, "geometry": {"type": "Polygon", "coordinates": [[[-1.8767291, 51.6515747], [-1.8766651, 51.651549], [-1.8757216, 51.6515042], [-1.8751765, 51.6514653], [-1.8749165, 51.651442], [-1.8747405, 51.6513602], [-1.874542, 51.6511804], [-1.874402, 51.6509267], [-1.8742032, 51.6507826], [-1.8736588, 51.6506025], [-1.8725142, 51.6501874], [-1.8713663, 51.6497618], [-1.8706719, 51.6494202], [-1.8700356, 51.649075], [-1.8694791, 51.6486659], [-1.8679091, 51.6478692], [-1.8670634, 51.6474292], [-1.8661643, 51.6470445], [-1.8655043, 51.6467699], [-1.8654723, 51.6467566], [-1.8651242, 51.6466495], [-1.8646797, 51.6465684], [-1.864249, 51.6464009], [-1.8638755, 51.6463428], [-1.8635996, 51.6463801], [-1.8634084, 51.6464907], [-1.8631641, 51.6466504], [-1.862904, 51.6466841], [-1.8626863, 51.6466166], [-1.8624277, 51.6465127], [-1.8622507, 51.6465115], [-1.8618168, 51.6466199], [-1.8612103, 51.6467479], [-1.8609258, 51.6467508], [-1.8608339, 51.6467518], [-1.8604663, 51.6466766], [-1.8601216, 51.6466016], [-1.8598977, 51.6466804], [-1.8597102, 51.6467329], [-1.8595651, 51.6467367], [-1.859432, 51.6466954], [-1.8592421, 51.6464571], [-1.8590501, 51.6463823], [-1.8588772, 51.646315], [-1.858192, 51.6461549], [-1.8578948, 51.6460156], [-1.8577257, 51.6457408], [-1.8576333, 51.6454265], [-1.8574601, 51.6451828], [-1.8570639, 51.6449679], [-1.8567645, 51.6448037], [-1.8561535, 51.6446648], [-1.8556933, 51.6445285], [-1.8553026, 51.6444428], [-1.8546552, 51.6444589], [-1.8541576, 51.6446022], [-1.8767291, 51.6515747]]]}}, {"type": "Feature", "properties": {"water": "river", "name": "River Thames", "source_id": "osm/way/197709455", "source": "OpenStreetMap", "licence": "ODbL 1.0"}, "geometry": {"type": "Polygon", "coordinates": [[[-0.0299165, 51.4935331], [-0.0298151, 51.4930307], [-0.029007, 51.491626], [-0.027846, 51.4900552], [-0.0272851, 51.4894343], [-0.0265986, 51.4888535], [-0.024693, 51.4874842], [-0.0234358, 51.4868022], [-0.0299165, 51.4935331]]]}}, {"type": "Feature", "properties": {"water": "river", "name": "River Thames", "source_id": "osm/way/197772035", "source": "OpenStreetMap", "licence": "ODbL 1.0"}, "geometry": {"type": "Polygon", "coordinates": [[[-0.1046288, 51.5098665], [-0.1043694, 51.509862], [-0.1041472, 51.5098594], [-0.1046288, 51.5098665]]]}}, {"type": "Feature", "properties": {"water": "river", "name": "River Thames", "source_id": "osm/way/197772040", "source": "OpenStreetMap", "licence": "ODbL 1.0"}, "geometry": {"type": "Polygon", "coordinates": [[[-0.1084946, 51.5098861], [-0.1079219, 51.509902], [-0.1073598, 51.5099046], [-0.1073597, 51.5099046], [-0.1069863, 51.5099094], [-0.1065123, 51.5099071], [-0.1055879, 51.5098868], [-0.1051792, 51.5098748], [-0.1046288, 51.5098665], [-0.1084946, 51.5098861]]]}}, {"type": "Feature", "properties": {"water": "river", "name": "River Thames", "source_id": "osm/way/198012868", "source": "OpenStreetMap", "licence": "ODbL 1.0"}, "geometry": {"type": "Polygon", "coordinates": [[[-0.11147, 51.5097732], [-0.1110735, 51.509799], [-0.1106172, 51.5098205], [-0.1103822, 51.5098239], [-0.1099391, 51.5098401], [-0.1091885, 51.5098712], [-0.11147, 51.5097732]]]}}, {"type": "Feature", "properties": {"water": "river", "name": "River Thames", "source_id": "osm/way/199032006", "source": "OpenStreetMap", "licence": "ODbL 1.0"}, "geometry": {"type": "Polygon", "coordinates": [[[-1.933819, 51.6392242], [-1.9338176, 51.6392877], [-1.9338023, 51.6393336], [-1.9337711, 51.6393713], [-1.9337219, 51.6394075], [-1.9336586, 51.6394366], [-1.9335536, 51.6394723], [-1.9334822, 51.6395072], [-1.9334002, 51.6395398], [-1.9333244, 51.6395642], [-1.9332561, 51.6395774], [-1.9331959, 51.6395862], [-1.933128, 51.639588], [-1.9330601, 51.6395898], [-1.9329829, 51.639599], [-1.9329277, 51.6396113], [-1.9328631, 51.6396333], [-1.9328118, 51.6396726], [-1.9327814, 51.6397281], [-1.9327475, 51.6397677], [-1.9326993, 51.6398035], [-1.932662, 51.6398271], [-1.9326188, 51.6398465], [-1.9325584, 51.639863], [-1.9324917, 51.6398637], [-1.9324088, 51.639853], [-1.9323443, 51.639841], [-1.9322816, 51.6398252], [-1.9322369, 51.6398246], [-1.9321885, 51.6398329], [-1.9321424, 51.6398521], [-1.9321096, 51.6398822], [-1.9320527, 51.6399279], [-1.9319602, 51.640003], [-1.9318841, 51.6400607], [-1.9318088, 51.6401403], [-1.9317262, 51.6402077], [-1.9315456, 51.6403523], [-1.9314781, 51.6403969], [-1.9314296, 51.6404125], [-1.9313667, 51.6404136], [-1.9312973, 51.6404073], [-1.9312581, 51.6403904], [-1.9311963, 51.6403701], [-1.931116, 51.6403531], [-1.933819, 51.6392242]]]}}, {"type": "Feature", "properties": {"water": "river", "name": "River Thames", "source_id": "osm/way/202183121", "source": "OpenStreetMap", "licence": "ODbL 1.0"}, "geometry": {"type": "Polygon", "coordinates": [[[-0.2217611, 51.4723318], [-0.2205621, 51.471351], [-0.218947, 51.4700109], [-0.2188251, 51.4699245], [-0.2185155, 51.4697031], [-0.2184622, 51.4696663], [-0.2181633, 51.4694657], [-0.2178054, 51.4692292], [-0.2170747, 51.4687684], [-0.2163865, 51.4683614], [-0.215992, 51.4681396], [-0.2157889, 51.4680322], [-0.2153695, 51.4678208], [-0.2143892, 51.4674111], [-0.2133759, 51.4670341], [-0.2130203, 51.466908], [-0.2126872, 51.4667907], [-0.2116395, 51.4664465], [-0.2095975, 51.465899], [-0.2069444, 51.4652031], [-0.2061541, 51.4649824], [-0.2056037, 51.4648454], [-0.2053312, 51.4647818], [-0.2048329, 51.464678], [-0.2041939, 51.464563], [-0.2038691, 51.4645104], [-0.2032178, 51.4644168], [-0.2025588, 51.4643329], [-0.2019626, 51.4642644], [-0.2019612, 51.4642644], [-0.2010225, 51.4641538], [-0.1997093, 51.4640887], [-0.198867, 51.4640173], [-0.1984096, 51.4640813], [-0.1981626, 51.4641009], [-0.1974779, 51.4640868], [-0.1966833, 51.4640116], [-0.1951891, 51.4638978], [-0.1948549, 51.4639034], [-0.1932376, 51.4639918], [-0.19319, 51.4639947], [-0.1918448, 51.4641529], [-0.1915112, 51.4641792], [-0.1912574, 51.4641906], [-0.1907222, 51.4642552], [-0.1905087, 51.4642654], [-0.1904075, 51.4642764], [-0.1901697, 51.4643186], [-0.1890534, 51.4645891], [-0.1886936, 51.4646942], [-0.187832, 51.4649659], [-0.1873913, 51.4651147], [-0.1863625, 51.4654998], [-0.1862821, 51.4655318], [-0.1855228, 51.4658375], [-0.1850475, 51.4660595], [-0.1842358, 51.4665586], [-0.1838914, 51.4667844], [-0.1835555, 51.4670139], [-0.1834043, 51.4671221], [-0.1829781, 51.4674492], [-0.1828944, 51.4675279], [-0.1820208, 51.4685692], [-0.1817017, 51.4689536], [-0.1816297, 51.4690509], [-0.1815313, 51.4691839], [-0.1809825, 51.4700584], [-0.1803828, 51.4710536], [-0.1803215, 51.4713647], [-0.1802878, 51.4714523], [-0.1802404, 51.4715208], [-0.1796256, 51.4727153], [-0.1795243, 51.472872], [-0.179438, 51.4729786], [-0.1792734, 51.4731325], [-0.1792188, 51.4731658], [-0.1791616, 51.4732297], [-0.1790174, 51.4734154], [-0.1788774, 51.4737118], [-0.1787757, 51.4740258], [-0.1787211, 51.4744557], [-0.1786557, 51.4746157], [-0.1784817, 51.4750419], [-0.1783564, 51.4754042], [-0.1781701, 51.4757439], [-0.1781369, 51.475854], [-0.1781249, 51.4760121], [-0.1781211, 51.4760336], [-0.1781076, 51.4761206], [-0.178078, 51.476211], [-0.1780321, 51.4763164], [-0.1780026, 51.4763708], [-0.1777358, 51.4766328], [-0.1776681, 51.4767405], [-0.1776454, 51.4768049], [-0.1776345, 51.4768614], [-0.1776366, 51.47699], [-0.1776273, 51.4770789], [-0.1776314, 51.4771572], [-0.1776505, 51.4772546], [-0.1776804, 51.4773369], [-0.1777288, 51.4774231], [-0.177774, 51.4775395], [-0.2217611, 51.4723318]]]}}, {"type": "Feature", "properties": {"water": "river", "name": "River Thames", "source_id": "osm/way/216096714", "source": "OpenStreetMap", "licence": "ODbL 1.0"}, "geometry": {"type": "Polygon", "coordinates": [[[-0.4056378, 51.405183], [-0.405133, 51.405297], [-0.4049153, 51.4053904], [-0.4039199, 51.4057926], [-0.401681, 51.4062412], [-0.3988323, 51.4073141], [-0.3972027, 51.4079412], [-0.3912601, 51.4096478], [-0.3902956, 51.4095677], [-0.3872733, 51.4093439], [-0.3855498, 51.4091202], [-0.3833712, 51.4085384], [-0.4056378, 51.405183]]]}}, {"type": "Feature", "properties": {"water": "river", "name": "River Thames", "source_id": "osm/way/216096720", "source": "OpenStreetMap", "licence": "ODbL 1.0"}, "geometry": {"type": "Polygon", "coordinates": [[[-1.276374, 51.6458375], [-1.276211, 51.6456191], [-1.2759706, 51.6453528], [-1.2757167, 51.6452045], [-1.2755879, 51.6451459], [-1.2745754, 51.6452537], [-1.2733356, 51.645699], [-1.2723572, 51.6461144], [-1.2713164, 51.6464058], [-1.276374, 51.6458375]]]}}, {"type": "Feature", "properties": {"water": "stream", "name": "River Thames", "source_id": "osm/way/219923198", "source": "OpenStreetMap", "licence": "ODbL 1.0"}, "geometry": {"type": "Polygon", "coordinates": [[[-2.0296757, 51.6945016], [-2.0296671, 51.6944868], [-2.0294922, 51.6941582], [-2.0293526, 51.6937209], [-2.0292038, 51.693509], [-2.0288996, 51.6931737], [-2.0285853, 51.692565], [-2.0283723, 51.6920658], [-2.0281669, 51.6916427], [-2.0278037, 51.69098], [-2.0273229, 51.6907305], [-2.0249638, 51.6900402], [-2.0241984, 51.6899826], [-2.0235034, 51.6898542], [-2.0231262, 51.6897171], [-2.0231184, 51.6897093], [-2.0296757, 51.6945016]]]}}, {"type": "Feature", "properties": {"water": "river", "name": "River Thames", "source_id": "osm/way/220443023", "source": "OpenStreetMap", "licence": "ODbL 1.0"}, "geometry": {"type": "Polygon", "coordinates": [[[-1.3654165, 51.7463373], [-1.365373, 51.7463631], [-1.3650897, 51.746763], [-1.3650447, 51.7468911], [-1.364923, 51.747237], [-1.3649415, 51.7476994], [-1.3650621, 51.7481991], [-1.3652255, 51.7484294], [-1.3655341, 51.7485976], [-1.3660712, 51.7486014], [-1.3667688, 51.7485283], [-1.3672318, 51.7485211], [-1.3675932, 51.7485929], [-1.3678923, 51.7489263], [-1.3680219, 51.7493084], [-1.368001, 51.7495214], [-1.3678182, 51.7496983], [-1.3675219, 51.7498511], [-1.367312, 51.7500766], [-1.3668675, 51.7509785], [-1.3666576, 51.7514333], [-1.36662, 51.7519014], [-1.3669416, 51.7523734], [-1.3673861, 51.7525722], [-1.367848, 51.7529688], [-1.3677133, 51.753432], [-1.3674701, 51.7539123], [-1.3666144, 51.754246], [-1.366028, 51.7544599], [-1.3653675, 51.7546243], [-1.3648551, 51.7547809], [-1.3645397, 51.755149], [-1.3645555, 51.7554646], [-1.3645588, 51.7555299], [-1.3646549, 51.7557124], [-1.3654165, 51.7463373]]]}}, {"type": "Feature", "properties": {"water": "river", "name": "River Thames", "source_id": "osm/way/220443028", "source": "OpenStreetMap", "licence": "ODbL 1.0"}, "geometry": {"type": "Polygon", "coordinates": [[[-1.3681984, 51.7269129], [-1.3681664, 51.7269987], [-1.3679338, 51.7272989], [-1.3674508, 51.7275668], [-1.3673205, 51.7277023], [-1.367126, 51.72806], [-1.3670594, 51.7284697], [-1.3668953, 51.7292829], [-1.3669623, 51.7296341], [-1.3671846, 51.7300128], [-1.3678198, 51.7307206], [-1.3680061, 51.7310399], [-1.3681111, 51.7315219], [-1.3682439, 51.7318068], [-1.368437, 51.7320498], [-1.3688769, 51.7323347], [-1.3692878, 51.732585], [-1.3696397, 51.7329238], [-1.3706597, 51.7342543], [-1.3710941, 51.7347024], [-1.37186, 51.7352818], [-1.3723695, 51.7356356], [-1.3729396, 51.7358235], [-1.3734225, 51.7361004], [-1.3737777, 51.7364446], [-1.3739103, 51.7366758], [-1.374105, 51.7370527], [-1.3740772, 51.7372899], [-1.374012, 51.73751], [-1.3727369, 51.7392462], [-1.3681984, 51.7269129]]]}}, {"type": "Feature", "properties": {"water": "river", "name": "River Thames", "source_id": "osm/way/220443036", "source": "OpenStreetMap", "licence": "ODbL 1.0"}, "geometry": {"type": "Polygon", "coordinates": [[[-1.3690106, 51.7259185], [-1.3687596, 51.7260236], [-1.3685933, 51.7261465], [-1.3684592, 51.7263492], [-1.3683304, 51.7266449], [-1.3681984, 51.7269129], [-1.3690106, 51.7259185]]]}}, {"type": "Feature", "properties": {"water": "river", "name": "River Thames", "source_id": "osm/way/220443743", "source": "OpenStreetMap", "licence": "ODbL 1.0"}, "geometry": {"type": "Polygon", "coordinates": [[[-1.4094536, 51.7081352], [-1.4086286, 51.7083844], [-1.4085293, 51.7086054], [-1.4084317, 51.7088105], [-1.408205, 51.7089359], [-1.408063, 51.7089574], [-1.4079446, 51.7089754], [-1.4075251, 51.7088744], [-1.4066218, 51.7085225], [-1.4058836, 51.7083344], [-1.4052897, 51.7082979], [-1.4046998, 51.7082762], [-1.4043619, 51.7081857], [-1.4040539, 51.7080667], [-1.4036679, 51.707758], [-1.4035036, 51.7072965], [-1.4026604, 51.7070299], [-1.4018454, 51.7069561], [-1.4009832, 51.7067493], [-1.4005348, 51.7064945], [-1.3997391, 51.7064096], [-1.3991648, 51.7062103], [-1.3987387, 51.7061595], [-1.3983766, 51.7062623], [-1.3979228, 51.7064435], [-1.3976088, 51.7064824], [-1.3971132, 51.7064516], [-1.3964871, 51.7063534], [-1.3960044, 51.7063628], [-1.39555, 51.7063944], [-1.3949634, 51.7065334], [-1.3942625, 51.706647], [-1.3932781, 51.7065952], [-1.3924474, 51.7065033], [-1.3920507, 51.7064644], [-1.3916476, 51.7065282], [-1.3912256, 51.70666], [-1.4094536, 51.7081352]]]}}, {"type": "Feature", "properties": {"water": "river", "name": "River Thames", "source_id": "osm/way/220443744", "source": "OpenStreetMap", "licence": "ODbL 1.0"}, "geometry": {"type": "Polygon", "coordinates": [[[-1.3774379, 51.71583], [-1.3773394, 51.7158569], [-1.376738, 51.7160055], [-1.3762941, 51.7161837], [-1.376249, 51.7164374], [-1.3762451, 51.7167148], [-1.3774379, 51.71583]]]}}, {"type": "Feature", "properties": {"water": "river", "name": "River Thames", "source_id": "osm/way/220455314", "source": "OpenStreetMap", "licence": "ODbL 1.0"}, "geometry": {"type": "Polygon", "coordinates": [[[-1.3298706, 51.7864323], [-1.32954, 51.78644], [-1.329262, 51.7864823], [-1.3285801, 51.7866117], [-1.3280151, 51.7867413], [-1.3270402, 51.7870099], [-1.3265692, 51.7871659], [-1.3260371, 51.7874334], [-1.3257596, 51.7875797], [-1.3255436, 51.787681], [-1.3252455, 51.7877697], [-1.324921, 51.787843], [-1.3243083, 51.7879498], [-1.323698, 51.788002], [-1.3230732, 51.7880033], [-1.3227252, 51.78803], [-1.3224445, 51.7880381], [-1.3298706, 51.7864323]]]}}, {"type": "Feature", "properties": {"water": "river", "name": "River Thames", "source_id": "osm/way/220473437", "source": "OpenStreetMap", "licence": "ODbL 1.0"}, "geometry": {"type": "Polygon", "coordinates": [[[-1.3485312, 51.7769082], [-1.3476232, 51.7773188], [-1.3473435, 51.7774591], [-1.3485312, 51.7769082]]]}}, {"type": "Feature", "properties": {"water": "river", "name": "River Thames", "source_id": "osm/way/220473440", "source": "OpenStreetMap", "licence": "ODbL 1.0"}, "geometry": {"type": "Polygon", "coordinates": [[[-1.3435645, 51.7800743], [-1.3423058, 51.7806391], [-1.3415844, 51.7811271], [-1.3410024, 51.7816195], [-1.3404974, 51.7819631], [-1.3400526, 51.7822726], [-1.3398073, 51.7824154], [-1.339607, 51.7825675], [-1.3393793, 51.7827308], [-1.3391508, 51.7829272], [-1.3389511, 51.7831646], [-1.338718, 51.7835683], [-1.3386386, 51.7837855], [-1.3385487, 51.7839325], [-1.3384294, 51.7841247], [-1.3382346, 51.7843583], [-1.3380999, 51.7844847], [-1.3380182, 51.7845546], [-1.3379124, 51.7846127], [-1.3376743, 51.7847183], [-1.3373936, 51.7848618], [-1.3368719, 51.7850356], [-1.3363597, 51.7852179], [-1.3359598, 51.7854233], [-1.3355486, 51.7856413], [-1.3353915, 51.785704], [-1.3351974, 51.785746], [-1.3349822, 51.7857402], [-1.3347258, 51.7857037], [-1.3344069, 51.7856606], [-1.3340467, 51.7855984], [-1.3333539, 51.7854764], [-1.333193, 51.7854639], [-1.3330621, 51.7854639], [-1.3328464, 51.7855129], [-1.3326551, 51.7855825], [-1.3325195, 51.7856823], [-1.3323464, 51.7858505], [-1.332171, 51.7859977], [-1.3319853, 51.7861639], [-1.3318366, 51.7862625], [-1.3316307, 51.7863478], [-1.3314338, 51.7864085], [-1.3311887, 51.7864549], [-1.3310406, 51.7864719], [-1.3309244, 51.7864853], [-1.3305496, 51.7864896], [-1.3302368, 51.7864506], [-1.3298706, 51.7864323], [-1.3435645, 51.7800743]]]}}, {"type": "Feature", "properties": {"water": "river", "name": "River Thames", "source_id": "osm/way/220473454", "source": "OpenStreetMap", "licence": "ODbL 1.0"}, "geometry": {"type": "Polygon", "coordinates": [[[-1.3646549, 51.7557124], [-1.365171, 51.7565982], [-1.3653196, 51.7567391], [-1.3646549, 51.7557124]]]}}, {"type": "Feature", "properties": {"water": "river", "name": "River Thames", "source_id": "osm/way/220473456", "source": "OpenStreetMap", "licence": "ODbL 1.0"}, "geometry": {"type": "Polygon", "coordinates": [[[-1.3653196, 51.7567391], [-1.3655707, 51.7569083], [-1.3658539, 51.7570579], [-1.3661208, 51.7573287], [-1.366207, 51.7575284], [-1.3664003, 51.7581055], [-1.366353, 51.758269], [-1.366312, 51.7584111], [-1.3661391, 51.7585181], [-1.365852, 51.7585933], [-1.3654539, 51.7585257], [-1.3650032, 51.7583652], [-1.3645934, 51.7583402], [-1.3631575, 51.7585945], [-1.3627624, 51.7587359], [-1.3653196, 51.7567391]]]}}, {"type": "Feature", "properties": {"water": "river", "name": "River Thames", "source_id": "osm/way/220473457", "source": "OpenStreetMap", "licence": "ODbL 1.0"}, "geometry": {"type": "Polygon", "coordinates": [[[-1.3627624, 51.7587359], [-1.3625091, 51.7588899], [-1.362534, 51.7590912], [-1.3627254, 51.7593243], [-1.3631424, 51.7595679], [-1.363552, 51.7597853], [-1.3634688, 51.7600775], [-1.3632459, 51.7602885], [-1.3631143, 51.760547], [-1.3631186, 51.7607654], [-1.3630432, 51.7609608], [-1.3627624, 51.7587359]]]}}, {"type": "Feature", "properties": {"water": "canal", "name": "Culham Cut", "source_id": "osm/way/225806085", "source": "OpenStreetMap", "licence": "ODbL 1.0"}, "geometry": {"type": "Polygon", "coordinates": [[[-1.2672945, 51.65042], [-1.2660739, 51.6505878], [-1.2656499, 51.6505912], [-1.2646474, 51.6505523], [-1.2633978, 51.6503258], [-1.2672945, 51.65042]]]}}, {"type": "Feature", "properties": {"water": "canal", "name": "Clifton Cut", "source_id": "osm/way/225808493", "source": "OpenStreetMap", "licence": "ODbL 1.0"}, "geometry": {"type": "Polygon", "coordinates": [[[-1.2106807, 51.6487697], [-1.2105633, 51.6489334], [-1.2102926, 51.6493568], [-1.2098716, 51.6497458], [-1.2106807, 51.6487697]]]}}, {"type": "Feature", "properties": {"water": "river", "name": "River Thames", "source_id": "osm/way/225854815", "source": "OpenStreetMap", "licence": "ODbL 1.0"}, "geometry": {"type": "Polygon", "coordinates": [[[-0.5021485, 51.4154822], [-0.5019018, 51.4152426], [-0.5017558, 51.4150447], [-0.5016746, 51.4148917], [-0.5016527, 51.4146792], [-0.5021485, 51.4154822]]]}}, {"type": "Feature", "properties": {"water": "river", "name": "River Thames", "source_id": "osm/way/225854816", "source": "OpenStreetMap", "licence": "ODbL 1.0"}, "geometry": {"type": "Polygon", "coordinates": [[[-0.4613961, 51.3819088], [-0.4613502, 51.3818152], [-0.4613018, 51.3816302], [-0.461311, 51.3814856], [-0.4613496, 51.3813285], [-0.4614334, 51.3811338], [-0.4615468, 51.3809213], [-0.4613961, 51.3819088]]]}}, {"type": "Feature", "properties": {"water": "river", "name": "River Thames", "source_id": "osm/way/225854818", "source": "OpenStreetMap", "licence": "ODbL 1.0"}, "geometry": {"type": "Polygon", "coordinates": [[[-0.5009144, 51.4106547], [-0.5006638, 51.410709], [-0.5004796, 51.410802], [-0.5003126, 51.4109833], [-0.5001845, 51.4111624], [-0.5001216, 51.411328], [-0.5001367, 51.4115242], [-0.5001733, 51.4116362], [-0.5003257, 51.4119906], [-0.5006943, 51.4126338], [-0.5008098, 51.4128843], [-0.5008431, 51.413097], [-0.50082, 51.4132765], [-0.5007593, 51.413416], [-0.5005695, 51.413652], [-0.5009144, 51.4106547]]]}}, {"type": "Feature", "properties": {"water": "river", "name": "River Thames", "source_id": "osm/way/225854819", "source": "OpenStreetMap", "licence": "ODbL 1.0"}, "geometry": {"type": "Polygon", "coordinates": [[[-0.5021485, 51.4154822], [-0.5014903, 51.4152789], [-0.5007882, 51.4150102], [-0.5021485, 51.4154822]]]}}, {"type": "Feature", "properties": {"water": "river", "name": "River Thames", "source_id": "osm/way/225854820", "source": "OpenStreetMap", "licence": "ODbL 1.0"}, "geometry": {"type": "Polygon", "coordinates": [[[-0.4620197, 51.3822129], [-0.4618333, 51.3821574], [-0.4616674, 51.3820905], [-0.4614755, 51.3819845], [-0.4613961, 51.3819088], [-0.4620197, 51.3822129]]]}}, {"type": "Feature", "properties": {"water": "river", "name": "River Thames", "source_id": "osm/way/225854821", "source": "OpenStreetMap", "licence": "ODbL 1.0"}, "geometry": {"type": "Polygon", "coordinates": [[[-0.4995345, 51.4141089], [-0.4992263, 51.4141239], [-0.4989451, 51.4141473], [-0.4985566, 51.4141099], [-0.4981349, 51.4140766], [-0.4995345, 51.4141089]]]}}, {"type": "Feature", "properties": {"water": "river", "name": "River Thames", "source_id": "osm/way/225854822", "source": "OpenStreetMap", "licence": "ODbL 1.0"}, "geometry": {"type": "Polygon", "coordinates": [[[-0.4864432, 51.3888458], [-0.4864408, 51.3888179], [-0.4864245, 51.3887026], [-0.4864129, 51.3886179], [-0.4862638, 51.3883471], [-0.4861751, 51.3882039], [-0.48593, 51.387877], [-0.485821, 51.3877416], [-0.4854642, 51.3873593], [-0.485347, 51.3872526], [-0.4852689, 51.3871823], [-0.4851231, 51.3870716], [-0.4850174, 51.3870055], [-0.4846987, 51.3868234], [-0.4846238, 51.3867846], [-0.484543, 51.3867503], [-0.4844349, 51.3867147], [-0.4837737, 51.3865452], [-0.4835464, 51.3865099], [-0.4832107, 51.3864894], [-0.4828821, 51.3865193], [-0.4826338, 51.3865529], [-0.482615, 51.3865563], [-0.4824097, 51.3865923], [-0.4822272, 51.3866367], [-0.4820907, 51.3866772], [-0.4820078, 51.3867067], [-0.4818604, 51.386774], [-0.481711, 51.3868593], [-0.4813325, 51.3870936], [-0.4810619, 51.3872807], [-0.4806563, 51.387592], [-0.4803169, 51.3879032], [-0.4801936, 51.3880689], [-0.4798998, 51.3883906], [-0.479602, 51.3887878], [-0.4795067, 51.3889763], [-0.4793511, 51.3892459], [-0.4791547, 51.3896228], [-0.4790863, 51.3897334], [-0.4790321, 51.3898073], [-0.4789069, 51.3899433], [-0.4788774, 51.3899663], [-0.4786865, 51.3900897], [-0.4785052, 51.39018], [-0.4783988, 51.3902245], [-0.4782419, 51.3902764], [-0.478001, 51.3903452], [-0.4778421, 51.390371], [-0.4777557, 51.3903762], [-0.4776464, 51.3903766], [-0.4774026, 51.3903608], [-0.4771323, 51.3903186], [-0.4769243, 51.3902638], [-0.4767806, 51.3902196], [-0.4764952, 51.3901152], [-0.4759545, 51.3898654], [-0.4752059, 51.3894267], [-0.4749402, 51.3892479], [-0.4746534, 51.3890535], [-0.4742522, 51.3888028], [-0.4730909, 51.3881528], [-0.4725174, 51.3878108], [-0.4722797, 51.387654], [-0.4718643, 51.3873536], [-0.4713156, 51.3869148], [-0.4709008, 51.3865965], [-0.4707237, 51.3864773], [-0.4705893, 51.3863676], [-0.4703726, 51.3861436], [-0.4702673, 51.3860253], [-0.4701557, 51.3858835], [-0.4700694, 51.3857556], [-0.470018, 51.3856596], [-0.46995, 51.3854124], [-0.4698413, 51.385098], [-0.4698518, 51.3849534], [-0.4699268, 51.3846864], [-0.4701115, 51.3842338], [-0.4703933, 51.3837564], [-0.4707714, 51.3833189], [-0.4709961, 51.3829603], [-0.4710399, 51.3826812], [-0.4710398, 51.3825526], [-0.4709856, 51.382498], [-0.4708963, 51.3823322], [-0.4707412, 51.3821576], [-0.4706686, 51.3820919], [-0.4706349, 51.3820699], [-0.4705796, 51.3820457], [-0.4704263, 51.3819898], [-0.4702313, 51.3819351], [-0.4701328, 51.3819131], [-0.469974, 51.3818931], [-0.4695474, 51.3818866], [-0.4692519, 51.381871], [-0.4690019, 51.3818696], [-0.468307, 51.3818947], [-0.4864432, 51.3888458]]]}}, {"type": "Feature", "properties": {"water": "river", "name": "River Thames", "source_id": "osm/way/225854823", "source": "OpenStreetMap", "licence": "ODbL 1.0"}, "geometry": {"type": "Polygon", "coordinates": [[[-0.4615468, 51.3809213], [-0.4617017, 51.380631], [-0.4618313, 51.3804079], [-0.4619616, 51.3802523], [-0.462064, 51.3801556], [-0.4621613, 51.3800822], [-0.4622376, 51.3800329], [-0.4622727, 51.3800145], [-0.4625138, 51.3799394], [-0.4627452, 51.3798516], [-0.4628652, 51.3797884], [-0.4629196, 51.3797505], [-0.4634102, 51.3793028], [-0.4634988, 51.3791475], [-0.4635208, 51.3790911], [-0.4635062, 51.3788392], [-0.4634741, 51.3787677], [-0.4634026, 51.3786714], [-0.4633323, 51.3786256], [-0.4632556, 51.3785985], [-0.4631798, 51.3785576], [-0.4615468, 51.3809213]]]}}, {"type": "Feature", "properties": {"water": "river", "name": "River Thames", "source_id": "osm/way/225854824", "source": "OpenStreetMap", "licence": "ODbL 1.0"}, "geometry": {"type": "Polygon", "coordinates": [[[-0.5016527, 51.4146792], [-0.5016617, 51.4145381], [-0.5016763, 51.4143971], [-0.5017268, 51.4141307], [-0.5016527, 51.4146792]]]}}, {"type": "Feature", "properties": {"water": "river", "name": "River Thames", "source_id": "osm/way/225854825", "source": "OpenStreetMap", "licence": "ODbL 1.0"}, "geometry": {"type": "Polygon", "coordinates": [[[-0.4948814, 51.4130476], [-0.4946885, 51.412965], [-0.494588, 51.4129161], [-0.4944932, 51.4128708], [-0.4944026, 51.4128274], [-0.4941386, 51.4126774], [-0.4936624, 51.412335], [-0.4935687, 51.4122547], [-0.4935058, 51.4121972], [-0.4934807, 51.4121753], [-0.4933263, 51.4120159], [-0.4932227, 51.4118878], [-0.4931693, 51.411763], [-0.4929208, 51.4113606], [-0.4926863, 51.4108378], [-0.4925369, 51.4103089], [-0.4925082, 51.4099129], [-0.492565, 51.4094101], [-0.4927176, 51.4089247], [-0.4928797, 51.4082811], [-0.4930378, 51.4077148], [-0.4930912, 51.4072254], [-0.4931141, 51.406706], [-0.4930869, 51.4062209], [-0.49305, 51.4057663], [-0.4929679, 51.4053777], [-0.4926839, 51.405009], [-0.4924838, 51.404796], [-0.4922762, 51.4046386], [-0.4920601, 51.4043913], [-0.4918649, 51.4042044], [-0.4916885, 51.4040619], [-0.491513, 51.4038456], [-0.4913812, 51.4036569], [-0.491228, 51.403377], [-0.491189, 51.4032515], [-0.4911752, 51.4031021], [-0.4911604, 51.4028078], [-0.4911611, 51.4025678], [-0.4911643, 51.4024725], [-0.4912051, 51.4023246], [-0.4912699, 51.4021906], [-0.4914865, 51.4015486], [-0.4916543, 51.4011668], [-0.4918803, 51.4007669], [-0.4919352, 51.4006264], [-0.4919662, 51.4004703], [-0.4919572, 51.4002184], [-0.4918796, 51.3997804], [-0.491854, 51.3996848], [-0.4917826, 51.399495], [-0.491661, 51.3992605], [-0.4916309, 51.3992134], [-0.4915438, 51.3991071], [-0.4913421, 51.3989462], [-0.4911661, 51.3987902], [-0.4911017, 51.398739], [-0.4909158, 51.3986197], [-0.4896393, 51.3978344], [-0.4888254, 51.3973617], [-0.4886284, 51.3972324], [-0.4882252, 51.3969925], [-0.48801, 51.3968494], [-0.4878823, 51.396756], [-0.4875209, 51.3963359], [-0.4871505, 51.395886], [-0.4870584, 51.3957607], [-0.4869735, 51.3956329], [-0.4869123, 51.3955269], [-0.4867807, 51.3952464], [-0.4866797, 51.394951], [-0.4866326, 51.3947238], [-0.4865789, 51.3945649], [-0.4865043, 51.3940819], [-0.4864839, 51.393931], [-0.4948814, 51.4130476]]]}}, {"type": "Feature", "properties": {"water": "river", "name": "Hedsor Water", "source_id": "osm/way/227422288", "source": "OpenStreetMap", "licence": "ODbL 1.0"}, "geometry": {"type": "Polygon", "coordinates": [[[-0.7027584, 51.5637358], [-0.7026509, 51.5639154], [-0.7025059, 51.5641916], [-0.7024308, 51.5643358], [-0.7023754, 51.564468], [-0.7022619, 51.5649604], [-0.7027584, 51.5637358]]]}}, {"type": "Feature", "properties": {"water": "river", "name": "River Thames", "source_id": "osm/way/227422290", "source": "OpenStreetMap", "licence": "ODbL 1.0"}, "geometry": {"type": "Polygon", "coordinates": [[[-0.7406531, 51.5718671], [-0.7404521, 51.5719837], [-0.7402856, 51.5721096], [-0.7399452, 51.5724719], [-0.7397923, 51.5726231], [-0.7396473, 51.5727555], [-0.7394848, 51.5728905], [-0.7393299, 51.573012], [-0.7391886, 51.573113], [-0.7390416, 51.5732103], [-0.7387805, 51.573364], [-0.738308, 51.5735954], [-0.7377499, 51.5738429], [-0.7373357, 51.5740003], [-0.737065, 51.5740846], [-0.7363804, 51.5742634], [-0.7345213, 51.5746966], [-0.7342814, 51.5747605], [-0.734034, 51.5748343], [-0.7337791, 51.5749215], [-0.7335253, 51.5750167], [-0.7332699, 51.5751201], [-0.7326807, 51.5753961], [-0.7319181, 51.5757808], [-0.7315059, 51.5759714], [-0.7310284, 51.5761722], [-0.7301074, 51.5764913], [-0.728868, 51.5768996], [-0.7285909, 51.5770018], [-0.7282585, 51.5771241], [-0.7278829, 51.5772396], [-0.7274777, 51.5773315], [-0.7272804, 51.577368], [-0.7269761, 51.577415], [-0.7239851, 51.5777503], [-0.7234194, 51.5778017], [-0.7229425, 51.5778253], [-0.7226713, 51.5778206], [-0.7225762, 51.5778186], [-0.7217577, 51.5777738], [-0.7198967, 51.5777517], [-0.7194211, 51.5777276], [-0.7189647, 51.5776885], [-0.7185651, 51.5776337], [-0.7183568, 51.5775964], [-0.7181216, 51.5775471], [-0.7178893, 51.5774915], [-0.7176759, 51.5774361], [-0.7174654, 51.5773754], [-0.7171308, 51.5772665], [-0.7169251, 51.5771914], [-0.7406531, 51.5718671]]]}}, {"type": "Feature", "properties": {"water": "river", "name": "River Thames", "source_id": "osm/way/227422292", "source": "OpenStreetMap", "licence": "ODbL 1.0"}, "geometry": {"type": "Polygon", "coordinates": [[[-0.7709426, 51.5678964], [-0.7709288, 51.5677659], [-0.770917, 51.5677199], [-0.7708824, 51.5676286], [-0.7708619, 51.5675692], [-0.7707464, 51.5673585], [-0.7706123, 51.567143], [-0.7704616, 51.5669508], [-0.770358, 51.5668365], [-0.7702286, 51.5667101], [-0.7701031, 51.5666054], [-0.7694639, 51.56623], [-0.7693047, 51.566142], [-0.7691282, 51.5660539], [-0.7689671, 51.565982], [-0.7688171, 51.5659247], [-0.7686798, 51.5658801], [-0.7685366, 51.5658408], [-0.7683904, 51.5658078], [-0.768241, 51.565782], [-0.7681144, 51.5657672], [-0.7679905, 51.5657605], [-0.7678434, 51.5657598], [-0.7676946, 51.5657682], [-0.7673269, 51.5658138], [-0.7666582, 51.5659443], [-0.7653776, 51.5662968], [-0.7647938, 51.5663851], [-0.7709426, 51.5678964]]]}}, {"type": "Feature", "properties": {"water": "river", "name": "River Thames", "source_id": "osm/way/227422294", "source": "OpenStreetMap", "licence": "ODbL 1.0"}, "geometry": {"type": "Polygon", "coordinates": [[[-0.7932881, 51.5514718], [-0.7921539, 51.5521531], [-0.7919366, 51.5522836], [-0.7911674, 51.5527457], [-0.7932881, 51.5514718]]]}}, {"type": "Feature", "properties": {"water": "river", "name": "River Thames", "source_id": "osm/way/227422295", "source": "OpenStreetMap", "licence": "ODbL 1.0"}, "geometry": {"type": "Polygon", "coordinates": [[[-0.7970507, 51.5515458], [-0.7954582, 51.5511677], [-0.7950666, 51.5511421], [-0.7944893, 51.5511551], [-0.7970507, 51.5515458]]]}}, {"type": "Feature", "properties": {"water": "river", "name": "River Thames", "source_id": "osm/way/227422296", "source": "OpenStreetMap", "licence": "ODbL 1.0"}, "geometry": {"type": "Polygon", "coordinates": [[[-0.8036923, 51.5519947], [-0.8032862, 51.5519132], [-0.8015854, 51.5517079], [-0.8002671, 51.5515982], [-0.7994202, 51.5515518], [-0.7977413, 51.5514986], [-0.7970507, 51.5515458], [-0.8036923, 51.5519947]]]}}, {"type": "Feature", "properties": {"water": "river", "name": "River Thames", "source_id": "osm/way/227422298", "source": "OpenStreetMap", "licence": "ODbL 1.0"}, "geometry": {"type": "Polygon", "coordinates": [[[-0.8069658, 51.5527338], [-0.8058068, 51.5526782], [-0.804556, 51.5524162], [-0.8036923, 51.5519947], [-0.8069658, 51.5527338]]]}}, {"type": "Feature", "properties": {"water": "river", "name": "River Thames", "source_id": "osm/way/227422299", "source": "OpenStreetMap", "licence": "ODbL 1.0"}, "geometry": {"type": "Polygon", "coordinates": [[[-0.8186447, 51.5508873], [-0.8178133, 51.5509149], [-0.8172165, 51.5509556], [-0.8169881, 51.5510551], [-0.8144189, 51.5517169], [-0.8141141, 51.5517911], [-0.8139706, 51.5518184], [-0.8131898, 51.5519463], [-0.8186447, 51.5508873]]]}}, {"type": "Feature", "properties": {"water": "river", "name": "River Thames", "source_id": "osm/way/227422300", "source": "OpenStreetMap", "licence": "ODbL 1.0"}, "geometry": {"type": "Polygon", "coordinates": [[[-0.8427625, 51.544756], [-0.8422822, 51.5448133], [-0.8418986, 51.5448706], [-0.8412995, 51.5450095], [-0.8411948, 51.5450426], [-0.8410493, 51.545096], [-0.8409414, 51.5451408], [-0.8407367, 51.5452539], [-0.840116, 51.5456722], [-0.839554, 51.5460542], [-0.8390368, 51.5464276], [-0.8384822, 51.5468025], [-0.8383292, 51.5468612], [-0.8382333, 51.5468899], [-0.8381056, 51.5469228], [-0.8379737, 51.5469485], [-0.837868, 51.5469646], [-0.8376686, 51.5469797], [-0.8376165, 51.5469845], [-0.8367381, 51.5469327], [-0.8359469, 51.546799], [-0.8357653, 51.5467396], [-0.8356755, 51.5466964], [-0.8355974, 51.5466507], [-0.8353089, 51.5464285], [-0.8351014, 51.5461926], [-0.8349721, 51.5461185], [-0.8347436, 51.5459741], [-0.8346327, 51.5459119], [-0.8343193, 51.5457604], [-0.8340666, 51.5456608], [-0.8338035, 51.5455737], [-0.8335944, 51.5455158], [-0.8327482, 51.545333], [-0.832561, 51.5453248], [-0.8324497, 51.5453336], [-0.8323425, 51.5453523], [-0.8322598, 51.5453731], [-0.8321622, 51.545409], [-0.8316585, 51.5456521], [-0.8315204, 51.545693], [-0.8313814, 51.545715], [-0.8312962, 51.5457187], [-0.8311378, 51.5457126], [-0.8296423, 51.5455421], [-0.8290744, 51.5455868], [-0.8289046, 51.5456274], [-0.8287926, 51.5456667], [-0.8286363, 51.5457443], [-0.8282262, 51.5460459], [-0.8279015, 51.5463916], [-0.8275826, 51.546847], [-0.8273071, 51.5474116], [-0.8271942, 51.5477063], [-0.8271014, 51.5480075], [-0.8270628, 51.5481069], [-0.826823, 51.5485685], [-0.8267824, 51.5486355], [-0.8267012, 51.5487642], [-0.8266114, 51.5488901], [-0.8264922, 51.54904], [-0.8263718, 51.5491781], [-0.8261706, 51.5493739], [-0.8259231, 51.5495756], [-0.8257835, 51.5496767], [-0.8256382, 51.549775], [-0.8253321, 51.5499572], [-0.8252501, 51.5500022], [-0.8249099, 51.5501643], [-0.824169, 51.5504824], [-0.8235532, 51.5505861], [-0.8427625, 51.544756]]]}}, {"type": "Feature", "properties": {"water": "river", "name": "River Thames", "source_id": "osm/way/227519951", "source": "OpenStreetMap", "licence": "ODbL 1.0"}, "geometry": {"type": "Polygon", "coordinates": [[[-0.9134426, 51.4759169], [-0.9133594, 51.475962], [-0.9132692, 51.4760016], [-0.9132125, 51.4760236], [-0.9130471, 51.4760751], [-0.9128676, 51.4761166], [-0.9118488, 51.4763922], [-0.9111359, 51.476578], [-0.9110285, 51.476612], [-0.9109282, 51.4766525], [-0.9108248, 51.4767019], [-0.9107474, 51.4767461], [-0.9106757, 51.476794], [-0.9106274, 51.4768295], [-0.9103125, 51.4771116], [-0.910256, 51.4771857], [-0.9102124, 51.4772636], [-0.9101724, 51.4773738], [-0.9101332, 51.4775056], [-0.9101098, 51.4776403], [-0.9100985, 51.4777535], [-0.9101087, 51.4779298], [-0.9101688, 51.4782478], [-0.910209, 51.478374], [-0.9103566, 51.4786137], [-0.9103989, 51.4786824], [-0.9105158, 51.4788552], [-0.9105596, 51.478951], [-0.9106006, 51.4793434], [-0.9106047, 51.4794729], [-0.9105983, 51.4795619], [-0.910575, 51.4796938], [-0.9105291, 51.4798661], [-0.9104104, 51.4806194], [-0.9103544, 51.4808535], [-0.9103306, 51.4810053], [-0.9102873, 51.4814949], [-0.9102833, 51.4818438], [-0.9102553, 51.4820494], [-0.91023, 51.4821463], [-0.9102024, 51.4822162], [-0.9101241, 51.4823593], [-0.9100644, 51.482446], [-0.9099875, 51.4825334], [-0.9098738, 51.4826492], [-0.9097222, 51.4827872], [-0.9095223, 51.4829544], [-0.9094137, 51.4830415], [-0.9090063, 51.4833371], [-0.9085231, 51.483731], [-0.9082051, 51.4839591], [-0.9079799, 51.4841036], [-0.9077228, 51.4842559], [-0.9074426, 51.4844097], [-0.9071889, 51.4845395], [-0.9068467, 51.4846955], [-0.9062927, 51.4849178], [-0.9060139, 51.4850141], [-0.9058284, 51.4850619], [-0.90562, 51.4851049], [-0.9053309, 51.4851453], [-0.9049228, 51.4851694], [-0.9044119, 51.4852132], [-0.9038543, 51.4852251], [-0.903296, 51.4852639], [-0.9030538, 51.4852724], [-0.9023708, 51.4852885], [-0.9020692, 51.48531], [-0.9018871, 51.4853379], [-0.9017696, 51.4853728], [-0.9014947, 51.4854844], [-0.9011221, 51.4855879], [-0.9009799, 51.4856316], [-0.9008796, 51.4856702], [-0.9002304, 51.4860759], [-0.8996957, 51.486329], [-0.8995589, 51.4863898], [-0.8992798, 51.486495], [-0.8989795, 51.4865875], [-0.8982929, 51.486751], [-0.8980957, 51.486804], [-0.897981, 51.4868425], [-0.8979155, 51.4868707], [-0.9134426, 51.4759169]]]}}, {"type": "Feature", "properties": {"water": "river", "name": "River Thames", "source_id": "osm/way/227519953", "source": "OpenStreetMap", "licence": "ODbL 1.0"}, "geometry": {"type": "Polygon", "coordinates": [[[-0.9192965, 51.4727177], [-0.9191807, 51.4728048], [-0.91903, 51.4729068], [-0.9188882, 51.4729963], [-0.9187831, 51.4730565], [-0.9185938, 51.4731482], [-0.9182286, 51.4733094], [-0.9181766, 51.4733371], [-0.9181338, 51.4733598], [-0.9175429, 51.4738714], [-0.9170363, 51.4742875], [-0.9169632, 51.4743345], [-0.9168888, 51.4743734], [-0.9167349, 51.4744286], [-0.9164857, 51.4744937], [-0.9164003, 51.47451], [-0.9162283, 51.4745399], [-0.9158672, 51.4745887], [-0.9156197, 51.4746404], [-0.91551, 51.474652], [-0.9151596, 51.4746739], [-0.9150211, 51.4746861], [-0.9149156, 51.4747004], [-0.914713, 51.4747444], [-0.9192965, 51.4727177]]]}}, {"type": "Feature", "properties": {"water": "river", "name": "River Thames", "source_id": "osm/way/227519954", "source": "OpenStreetMap", "licence": "ODbL 1.0"}, "geometry": {"type": "Polygon", "coordinates": [[[-0.8965971, 51.4900585], [-0.8964598, 51.490612], [-0.8963935, 51.4908523], [-0.8964596, 51.4909815], [-0.8965149, 51.491197], [-0.8965232, 51.4913265], [-0.8965053, 51.4915934], [-0.8964723, 51.4917073], [-0.8964422, 51.4917619], [-0.8964034, 51.4918146], [-0.8963621, 51.4918564], [-0.8963226, 51.4918821], [-0.8962643, 51.4919113], [-0.8961858, 51.4919375], [-0.8960815, 51.4919617], [-0.8959067, 51.4919852], [-0.8954978, 51.4919778], [-0.8947183, 51.4919866], [-0.8945538, 51.4919995], [-0.8943572, 51.4920273], [-0.8942863, 51.4920419], [-0.8941327, 51.4920809], [-0.8939802, 51.4921289], [-0.8938741, 51.492172], [-0.8937836, 51.4922188], [-0.8936841, 51.4922844], [-0.8936003, 51.4923519], [-0.8965971, 51.4900585]]]}}, {"type": "Feature", "properties": {"water": "river", "name": "River Thames", "source_id": "osm/way/227519956", "source": "OpenStreetMap", "licence": "ODbL 1.0"}, "geometry": {"type": "Polygon", "coordinates": [[[-0.8966581, 51.4899179], [-0.8966461, 51.4899367], [-0.8965971, 51.4900585], [-0.8966581, 51.4899179]]]}}, {"type": "Feature", "properties": {"water": "river", "name": "River Thames", "source_id": "osm/way/227519958", "source": "OpenStreetMap", "licence": "ODbL 1.0"}, "geometry": {"type": "Polygon", "coordinates": [[[-0.8715604, 51.5580754], [-0.8715174, 51.5580084], [-0.8714218, 51.5579041], [-0.8711739, 51.5576635], [-0.8710847, 51.557597], [-0.8709683, 51.5575194], [-0.8706595, 51.5573483], [-0.8705384, 51.5572896], [-0.8698704, 51.5570017], [-0.8696266, 51.5568935], [-0.868886, 51.5565642], [-0.8686867, 51.5565128], [-0.8685078, 51.5564572], [-0.8683349, 51.5563935], [-0.8681622, 51.5563181], [-0.8680397, 51.5562557], [-0.8679488, 51.5561991], [-0.8678468, 51.5561235], [-0.8673572, 51.5556836], [-0.8672812, 51.5556073], [-0.8671393, 51.5554549], [-0.8665536, 51.5547595], [-0.8664483, 51.554647], [-0.8652466, 51.5534341], [-0.8650423, 51.5532415], [-0.8649847, 51.553178], [-0.8648856, 51.5530449], [-0.8646369, 51.5526064], [-0.8641925, 51.5518009], [-0.8639713, 51.5513582], [-0.8638897, 51.5511623], [-0.8638417, 51.5510035], [-0.863825, 51.5506914], [-0.8637903, 51.5503448], [-0.8637336, 51.5501312], [-0.8636534, 51.549938], [-0.8635301, 51.5497336], [-0.8634182, 51.5495931], [-0.8632858, 51.5494659], [-0.8631202, 51.5493421], [-0.8630151, 51.5492763], [-0.8628275, 51.5491648], [-0.8625441, 51.5490173], [-0.8620734, 51.5488077], [-0.8617319, 51.5486812], [-0.8615444, 51.5486236], [-0.8613524, 51.5485732], [-0.8611588, 51.5485291], [-0.8610095, 51.5485006], [-0.8604562, 51.5484224], [-0.86017, 51.5483909], [-0.8597798, 51.5483655], [-0.8596977, 51.5483629], [-0.8594391, 51.5483793], [-0.8715604, 51.5580754]]]}}, {"type": "Feature", "properties": {"water": "river", "name": "River Thames", "source_id": "osm/way/227519959", "source": "OpenStreetMap", "licence": "ODbL 1.0"}, "geometry": {"type": "Polygon", "coordinates": [[[-0.8737124, 51.5608871], [-0.8727674, 51.560308], [-0.8726168, 51.5601573], [-0.8725032, 51.5600258], [-0.8723955, 51.5598899], [-0.8721006, 51.5595049], [-0.8718191, 51.5588719], [-0.8717155, 51.5584554], [-0.8716895, 51.5583392], [-0.8715604, 51.5580754], [-0.8737124, 51.5608871]]]}}, {"type": "Feature", "properties": {"water": "river", "name": "River Thames", "source_id": "osm/way/227519960", "source": "OpenStreetMap", "licence": "ODbL 1.0"}, "geometry": {"type": "Polygon", "coordinates": [[[-0.8969018, 51.5448601], [-0.8967465, 51.5450808], [-0.8958537, 51.5465165], [-0.8956726, 51.5467908], [-0.8955816, 51.5469176], [-0.895275, 51.5473086], [-0.8946252, 51.548056], [-0.8941735, 51.5486047], [-0.893656, 51.5493093], [-0.8969018, 51.5448601]]]}}, {"type": "Feature", "properties": {"water": "river", "name": "River Thames", "source_id": "osm/way/227519962", "source": "OpenStreetMap", "licence": "ODbL 1.0"}, "geometry": {"type": "Polygon", "coordinates": [[[-0.878677, 51.5193746], [-0.878463, 51.5198725], [-0.8784136, 51.5200069], [-0.8783711, 51.5201513], [-0.8783389, 51.5202894], [-0.8783186, 51.5204124], [-0.8783113, 51.5204762], [-0.878307, 51.5207666], [-0.8783071, 51.5212315], [-0.8784393, 51.5220141], [-0.8784452, 51.5221814], [-0.8784336, 51.5222461], [-0.8784147, 51.5223088], [-0.8782891, 51.5225531], [-0.8782428, 51.5226767], [-0.8782245, 51.5228357], [-0.8782252, 51.5229256], [-0.8782374, 51.5230157], [-0.8782557, 51.5230896], [-0.8782816, 51.523151], [-0.8783577, 51.5232785], [-0.8784304, 51.5233709], [-0.8785315, 51.5234834], [-0.8786456, 51.5235915], [-0.8787444, 51.5236733], [-0.8788152, 51.5237262], [-0.8803389, 51.5247217], [-0.8816709, 51.5255985], [-0.878677, 51.5193746]]]}}, {"type": "Feature", "properties": {"water": "river", "name": "River Thames", "source_id": "osm/way/227519963", "source": "OpenStreetMap", "licence": "ODbL 1.0"}, "geometry": {"type": "Polygon", "coordinates": [[[-0.879975, 51.5171687], [-0.8799133, 51.5172131], [-0.8798475, 51.5172529], [-0.8797921, 51.5172794], [-0.8797281, 51.5173021], [-0.8796527, 51.5173221], [-0.8794052, 51.5173647], [-0.8793472, 51.5173794], [-0.8792614, 51.5174092], [-0.8791566, 51.5174522], [-0.8790647, 51.5174981], [-0.8789813, 51.5175486], [-0.8789167, 51.5175956], [-0.8788416, 51.5176623], [-0.8787528, 51.5177559], [-0.8786456, 51.5178951], [-0.878555, 51.5180651], [-0.8785034, 51.5182274], [-0.8784799, 51.5184205], [-0.8784905, 51.5185797], [-0.8785071, 51.5186644], [-0.8785604, 51.5188403], [-0.8786737, 51.5190419], [-0.8786993, 51.5191122], [-0.878708, 51.519169], [-0.8787053, 51.5192202], [-0.878677, 51.5193746], [-0.879975, 51.5171687]]]}}, {"type": "Feature", "properties": {"water": "river", "name": "River Thames", "source_id": "osm/way/227519964", "source": "OpenStreetMap", "licence": "ODbL 1.0"}, "geometry": {"type": "Polygon", "coordinates": [[[-0.8798862, 51.5018656], [-0.8797014, 51.5018818], [-0.878745, 51.5019302], [-0.8768806, 51.5020499], [-0.8755137, 51.5020926], [-0.8744601, 51.5021095], [-0.8742106, 51.5021215], [-0.8737815, 51.5021704], [-0.8735746, 51.5022035], [-0.8731735, 51.502285], [-0.8730014, 51.502314], [-0.8724093, 51.5023676], [-0.8720631, 51.5023859], [-0.8719287, 51.5024008], [-0.871813, 51.5024212], [-0.87171, 51.5024481], [-0.871604, 51.5024822], [-0.8714527, 51.5025427], [-0.8712647, 51.5026264], [-0.8710854, 51.5027146], [-0.8709393, 51.5027959], [-0.8708324, 51.5028659], [-0.8707354, 51.5029414], [-0.8706883, 51.5029832], [-0.8702718, 51.5036275], [-0.8702205, 51.5037196], [-0.8701642, 51.5038414], [-0.8701072, 51.5039928], [-0.8700752, 51.5041201], [-0.870066, 51.5041992], [-0.8700685, 51.5042756], [-0.8700834, 51.5043711], [-0.8701099, 51.5044658], [-0.8701494, 51.5045588], [-0.8701949, 51.5046401], [-0.8702563, 51.5047207], [-0.8703797, 51.5048595], [-0.8708684, 51.5053138], [-0.870969, 51.5054416], [-0.8710091, 51.5055094], [-0.8710446, 51.505588], [-0.8710794, 51.5056971], [-0.8710923, 51.5057557], [-0.8710961, 51.5058357], [-0.8710983, 51.5059212], [-0.8710912, 51.5060335], [-0.8710424, 51.5064359], [-0.8710369, 51.506583], [-0.871034, 51.5066588], [-0.8710454, 51.5067821], [-0.8710788, 51.5068858], [-0.8711315, 51.5069699], [-0.8711775, 51.5070342], [-0.8713202, 51.5072073], [-0.8718495, 51.5077681], [-0.8719849, 51.5078863], [-0.8720629, 51.5079392], [-0.8721793, 51.5080087], [-0.8723971, 51.5081169], [-0.8734507, 51.508689], [-0.8738638, 51.5089447], [-0.8741535, 51.5091148], [-0.8742785, 51.509187], [-0.8744535, 51.5092795], [-0.8745191, 51.5093089], [-0.8747831, 51.5094103], [-0.8754927, 51.5096195], [-0.876297, 51.5098466], [-0.8767443, 51.5099983], [-0.8769867, 51.5100995], [-0.8772688, 51.5102308], [-0.8777537, 51.510498], [-0.8779502, 51.5105925], [-0.8780999, 51.510656], [-0.8783983, 51.5107686], [-0.8785414, 51.5108131], [-0.8790267, 51.5109427], [-0.8795762, 51.5110972], [-0.8796744, 51.5111503], [-0.8798359, 51.5112625], [-0.8799854, 51.5113961], [-0.880057, 51.5114741], [-0.8801588, 51.5116099], [-0.8802561, 51.5117565], [-0.8803224, 51.5118731], [-0.8803731, 51.5119797], [-0.8805146, 51.5123237], [-0.8806315, 51.5126107], [-0.8806766, 51.5127685], [-0.8807063, 51.5129091], [-0.8807189, 51.512982], [-0.8808684, 51.5135841], [-0.8807694, 51.5139779], [-0.8806039, 51.5142641], [-0.8803825, 51.51477], [-0.8798862, 51.5018656]]]}}, {"type": "Feature", "properties": {"water": "river", "name": "River Thames", "source_id": "osm/way/227519965", "source": "OpenStreetMap", "licence": "ODbL 1.0"}, "geometry": {"type": "Polygon", "coordinates": [[[-0.8824475, 51.5017312], [-0.8804265, 51.5019425], [-0.8798862, 51.5018656], [-0.8824475, 51.5017312]]]}}, {"type": "Feature", "properties": {"water": "river", "name": "River Thames", "source_id": "osm/way/227519966", "source": "OpenStreetMap", "licence": "ODbL 1.0"}, "geometry": {"type": "Polygon", "coordinates": [[[-0.8873088, 51.4999166], [-0.8871783, 51.4999505], [-0.8869727, 51.4999908], [-0.8869034, 51.4999991], [-0.8867721, 51.5000051], [-0.886513, 51.4999945], [-0.8863718, 51.4999986], [-0.8861667, 51.5000173], [-0.8859497, 51.5000539], [-0.8855372, 51.5001814], [-0.8850817, 51.500319], [-0.8840529, 51.5006806], [-0.8837794, 51.5007904], [-0.8833495, 51.5009877], [-0.882939, 51.5011609], [-0.8825188, 51.5013206], [-0.8824098, 51.5013555], [-0.8823504, 51.5013729], [-0.8809801, 51.5016125], [-0.8806962, 51.5016773], [-0.8803796, 51.5017795], [-0.8801912, 51.5018244], [-0.8800625, 51.5018448], [-0.8798862, 51.5018656], [-0.8873088, 51.4999166]]]}}, {"type": "Feature", "properties": {"water": "river", "name": "River Thames", "source_id": "osm/way/227519967", "source": "OpenStreetMap", "licence": "ODbL 1.0"}, "geometry": {"type": "Polygon", "coordinates": [[[-0.8873088, 51.4999166], [-0.8841227, 51.5015243], [-0.8830031, 51.5016587], [-0.8873088, 51.4999166]]]}}, {"type": "Feature", "properties": {"water": "river", "name": "River Thames", "source_id": "osm/way/227519968", "source": "OpenStreetMap", "licence": "ODbL 1.0"}, "geometry": {"type": "Polygon", "coordinates": [[[-0.8889828, 51.4990882], [-0.8882171, 51.4995314], [-0.888061, 51.4996135], [-0.8878598, 51.4997087], [-0.8876516, 51.4998003], [-0.8874728, 51.499866], [-0.8873088, 51.4999166], [-0.8889828, 51.4990882]]]}}, {"type": "Feature", "properties": {"water": "river", "name": "River Thames", "source_id": "osm/way/227519969", "source": "OpenStreetMap", "licence": "ODbL 1.0"}, "geometry": {"type": "Polygon", "coordinates": [[[-0.891901, 51.4975071], [-0.891614, 51.4976977], [-0.8915148, 51.4977748], [-0.891056, 51.4981313], [-0.8907849, 51.498322], [-0.8906622, 51.4983919], [-0.8903823, 51.4985286], [-0.8898527, 51.4987421], [-0.8897582, 51.498779], [-0.891901, 51.4975071]]]}}, {"type": "Feature", "properties": {"water": "river", "name": "River Thames", "source_id": "osm/way/227519970", "source": "OpenStreetMap", "licence": "ODbL 1.0"}, "geometry": {"type": "Polygon", "coordinates": [[[-0.893857, 51.4949009], [-0.8938479, 51.4949772], [-0.8938532, 51.4950564], [-0.8938687, 51.4951312], [-0.8938822, 51.4951691], [-0.8939922, 51.4953859], [-0.8940124, 51.4954418], [-0.894075, 51.4956564], [-0.8940954, 51.4958248], [-0.8940952, 51.4959516], [-0.8940553, 51.4963495], [-0.8940376, 51.4964258], [-0.8940207, 51.4964697], [-0.893961, 51.4965545], [-0.8938696, 51.4966409], [-0.8936953, 51.4967615], [-0.8936558, 51.4967864], [-0.89344, 51.4968913], [-0.8929977, 51.4970724], [-0.8920598, 51.4974322], [-0.891901, 51.4975071], [-0.893857, 51.4949009]]]}}, {"type": "Feature", "properties": {"water": "river", "name": "River Thames", "source_id": "osm/way/227519971", "source": "OpenStreetMap", "licence": "ODbL 1.0"}, "geometry": {"type": "Polygon", "coordinates": [[[-0.8947312, 51.4933589], [-0.8947649, 51.4933837], [-0.8950978, 51.4936294], [-0.8951739, 51.4936958], [-0.8952244, 51.4937556], [-0.8952701, 51.4938289], [-0.8952948, 51.4938821], [-0.8953025, 51.4939191], [-0.8952975, 51.4940063], [-0.8952823, 51.4940421], [-0.8952434, 51.4940993], [-0.8951842, 51.4941634], [-0.8951093, 51.494223], [-0.8950246, 51.4942725], [-0.8949314, 51.4943121], [-0.8946919, 51.494389], [-0.8943224, 51.4944808], [-0.89427, 51.4945019], [-0.894184, 51.4945443], [-0.8940874, 51.4946063], [-0.8939992, 51.4946792], [-0.8939386, 51.4947434], [-0.8938786, 51.4948399], [-0.893857, 51.4949009], [-0.8947312, 51.4933589]]]}}, {"type": "Feature", "properties": {"water": "river", "name": "River Thames", "source_id": "osm/way/227519972", "source": "OpenStreetMap", "licence": "ODbL 1.0"}, "geometry": {"type": "Polygon", "coordinates": [[[-0.8934792, 51.4927761], [-0.893514, 51.4928241], [-0.8935703, 51.4928777], [-0.8937135, 51.4929717], [-0.8938903, 51.4930498], [-0.8944562, 51.4932367], [-0.8947312, 51.4933589], [-0.8934792, 51.4927761]]]}}, {"type": "Feature", "properties": {"water": "river", "name": "River Thames", "source_id": "osm/way/227519973", "source": "OpenStreetMap", "licence": "ODbL 1.0"}, "geometry": {"type": "Polygon", "coordinates": [[[-0.8976801, 51.4873154], [-0.8974349, 51.4879733], [-0.8970272, 51.4888418], [-0.8967612, 51.4894316], [-0.8966581, 51.4899179], [-0.8976801, 51.4873154]]]}}, {"type": "Feature", "properties": {"water": "river", "name": "River Thames", "source_id": "osm/way/227519974", "source": "OpenStreetMap", "licence": "ODbL 1.0"}, "geometry": {"type": "Polygon", "coordinates": [[[-0.949188, 51.4595123], [-0.9480339, 51.4594345], [-0.9474601, 51.4594132], [-0.9470498, 51.4594149], [-0.9466983, 51.4594271], [-0.9463724, 51.4594538], [-0.9460086, 51.4595027], [-0.9442769, 51.4599403], [-0.9435243, 51.4601826], [-0.9423676, 51.460593], [-0.9414391, 51.4610297], [-0.940487, 51.4614329], [-0.9393028, 51.4620168], [-0.9390614, 51.4621358], [-0.9380025, 51.4627332], [-0.9366565, 51.4636031], [-0.9357471, 51.464207], [-0.9356024, 51.464303], [-0.9349669, 51.4646407], [-0.9343103, 51.4649548], [-0.9339423, 51.465116], [-0.9330578, 51.4655765], [-0.9326799, 51.4657924], [-0.9324213, 51.4659555], [-0.9323201, 51.4660328], [-0.9321952, 51.4661414], [-0.9321216, 51.4662136], [-0.9316635, 51.4667786], [-0.9314824, 51.4670143], [-0.9313982, 51.467108], [-0.9312603, 51.4672785], [-0.9311911, 51.4673453], [-0.9310959, 51.4674136], [-0.9306616, 51.467639], [-0.9301679, 51.4677595], [-0.9300393, 51.4677763], [-0.9299557, 51.4677818], [-0.9298262, 51.4677788], [-0.9288747, 51.4676514], [-0.9281477, 51.4674677], [-0.9274636, 51.4673535], [-0.9268865, 51.4672835], [-0.949188, 51.4595123]]]}}, {"type": "Feature", "properties": {"water": "river", "name": "River Thames", "source_id": "osm/way/227519976", "source": "OpenStreetMap", "licence": "ODbL 1.0"}, "geometry": {"type": "Polygon", "coordinates": [[[-0.8976801, 51.4873154], [-0.8977109, 51.4874137], [-0.8977314, 51.4874588], [-0.8977897, 51.4875466], [-0.8978401, 51.4876091], [-0.8980188, 51.4877825], [-0.8981479, 51.4879249], [-0.8981758, 51.487962], [-0.8982257, 51.4880452], [-0.8982625, 51.4881301], [-0.8982811, 51.4881941], [-0.8982855, 51.4882517], [-0.8982812, 51.4883119], [-0.898235, 51.4884347], [-0.898171, 51.4885186], [-0.8978147, 51.4888434], [-0.8975426, 51.4890774], [-0.8972312, 51.4893271], [-0.8966581, 51.4899179], [-0.8976801, 51.4873154]]]}}, {"type": "Feature", "properties": {"water": "river", "name": "River Thames", "source_id": "osm/way/227519977", "source": "OpenStreetMap", "licence": "ODbL 1.0"}, "geometry": {"type": "Polygon", "coordinates": [[[-0.8936003, 51.4923519], [-0.8935412, 51.4924134], [-0.893495, 51.4924786], [-0.8934662, 51.4925359], [-0.8934534, 51.4925915], [-0.8934502, 51.4926617], [-0.8934601, 51.4927283], [-0.8934792, 51.4927761], [-0.8936003, 51.4923519]]]}}, {"type": "Feature", "properties": {"water": "river", "name": "River Thames", "source_id": "osm/way/227521609", "source": "OpenStreetMap", "licence": "ODbL 1.0"}, "geometry": {"type": "Polygon", "coordinates": [[[-0.8803825, 51.51477], [-0.8802935, 51.5150533], [-0.880296, 51.515243], [-0.8804132, 51.515754], [-0.8805526, 51.5162418], [-0.8805617, 51.516339], [-0.8805367, 51.5164179], [-0.8803112, 51.516797], [-0.8802307, 51.5169086], [-0.8801343, 51.5170183], [-0.8800427, 51.51711], [-0.879975, 51.5171687], [-0.8803825, 51.51477]]]}}, {"type": "Feature", "properties": {"water": "river", "name": "River Thames", "source_id": "osm/way/227536031", "source": "OpenStreetMap", "licence": "ODbL 1.0"}, "geometry": {"type": "Polygon", "coordinates": [[[-0.9554729, 51.4612553], [-0.9547941, 51.4609759], [-0.9542373, 51.460775], [-0.9534807, 51.4605632], [-0.9530926, 51.4604752], [-0.9527059, 51.4603917], [-0.9524243, 51.4603667], [-0.9522422, 51.4603345], [-0.9521735, 51.4603186], [-0.9520477, 51.4602824], [-0.9507515, 51.4598105], [-0.9505258, 51.4597356], [-0.950297, 51.4596679], [-0.9500996, 51.4596176], [-0.949932, 51.459581], [-0.9496509, 51.4595336], [-0.9495792, 51.4595239], [-0.9493871, 51.4595181], [-0.9554729, 51.4612553]]]}}, {"type": "Feature", "properties": {"water": "river", "name": "Shifford Lock Cut", "source_id": "osm/way/230122316", "source": "OpenStreetMap", "licence": "ODbL 1.0"}, "geometry": {"type": "Polygon", "coordinates": [[[-1.4650421, 51.707238], [-1.4646906, 51.7074606], [-1.4643666, 51.7075963], [-1.4650421, 51.707238]]]}}, {"type": "Feature", "properties": {"water": "river", "name": "River Thames", "source_id": "osm/way/230129048", "source": "OpenStreetMap", "licence": "ODbL 1.0"}, "geometry": {"type": "Polygon", "coordinates": [[[-1.6084863, 51.6912636], [-1.6082491, 51.6913324], [-1.607679, 51.6914492], [-1.6084863, 51.6912636]]]}}, {"type": "Feature", "properties": {"water": "river", "name": "River Thames", "source_id": "osm/way/233318272", "source": "OpenStreetMap", "licence": "ODbL 1.0"}, "geometry": {"type": "Polygon", "coordinates": [[[-0.3171934, 51.4622253], [-0.3179869, 51.462755], [-0.3185414, 51.4631251], [-0.3200284, 51.4641631], [-0.3203404, 51.464447], [-0.3205472, 51.4646716], [-0.3207245, 51.4649022], [-0.3207602, 51.4651242], [-0.3208002, 51.4653877], [-0.3171934, 51.4622253]]]}}, {"type": "Feature", "properties": {"water": "river", "name": "River Thames", "source_id": "osm/way/240175266", "source": "OpenStreetMap", "licence": "ODbL 1.0"}, "geometry": {"type": "Polygon", "coordinates": [[[-1.3063546, 51.7903111], [-1.3060341, 51.7902289], [-1.3058462, 51.7901477], [-1.3057197, 51.7900499], [-1.3056489, 51.789958], [-1.3056296, 51.7899176], [-1.3056358, 51.7898785], [-1.3056819, 51.7898193], [-1.30569, 51.7897987], [-1.305692, 51.789784], [-1.3056873, 51.7897687], [-1.3056096, 51.7896535], [-1.3054882, 51.7895633], [-1.3054499, 51.7894841], [-1.3054624, 51.7894135], [-1.305527, 51.7892566], [-1.3063546, 51.7903111]]]}}, {"type": "Feature", "properties": {"water": "river", "name": "River Thames", "source_id": "osm/way/254641745", "source": "OpenStreetMap", "licence": "ODbL 1.0"}, "geometry": {"type": "Polygon", "coordinates": [[[-1.8438932, 51.6433517], [-1.8438335, 51.6433635], [-1.8436354, 51.6434127], [-1.8435126, 51.6434405], [-1.8434038, 51.6434765], [-1.8432349, 51.6434923], [-1.843031, 51.6434846], [-1.8428159, 51.6434764], [-1.8425157, 51.6434467], [-1.8424717, 51.6434272], [-1.8424344, 51.6434372], [-1.8423801, 51.6434459], [-1.8423407, 51.643459], [-1.8422855, 51.6434864], [-1.8421627, 51.6435739], [-1.8421206, 51.6436653], [-1.8420102, 51.6440795], [-1.8419608, 51.6441442], [-1.8418767, 51.6442169], [-1.8417767, 51.6443075], [-1.8416499, 51.6443356], [-1.8408953, 51.6446337], [-1.8399749, 51.6450203], [-1.8398102, 51.645091], [-1.8397147, 51.6451424], [-1.8396188, 51.6451786], [-1.8395017, 51.645191], [-1.8393023, 51.6451982], [-1.8380666, 51.6451691], [-1.8376455, 51.6452416], [-1.8375241, 51.6452875], [-1.8374168, 51.6453055], [-1.8373624, 51.6452808], [-1.8373252, 51.6452522], [-1.8372974, 51.6452245], [-1.8372955, 51.6451864], [-1.8372993, 51.6451682], [-1.8372822, 51.6451187], [-1.8372653, 51.6449836], [-1.8372473, 51.6447743], [-1.8372388, 51.6447212], [-1.8372216, 51.6446655], [-1.8372217, 51.6446075], [-1.837208, 51.6445068], [-1.837176, 51.644418], [-1.8370404, 51.6443664], [-1.8368968, 51.6443451], [-1.8367625, 51.6443332], [-1.8366258, 51.64435], [-1.8365507, 51.6443579], [-1.836451, 51.644356], [-1.8363527, 51.6443613], [-1.8362052, 51.6443835], [-1.8360714, 51.6443563], [-1.8358581, 51.6443801], [-1.8356757, 51.6445232], [-1.8356279, 51.644599], [-1.8356073, 51.6446433], [-1.8355698, 51.6446651], [-1.8355148, 51.6446784], [-1.8354411, 51.6446837], [-1.8353544, 51.6446809], [-1.8352793, 51.6446727], [-1.8346082, 51.644532], [-1.8335422, 51.6442467], [-1.8333618, 51.644188], [-1.8328277, 51.6439728], [-1.8327062, 51.643896], [-1.832648, 51.6438807], [-1.8325449, 51.6438681], [-1.83237, 51.643875], [-1.8316096, 51.6439769], [-1.830678, 51.6442184], [-1.8305507, 51.6442622], [-1.8303552, 51.6443528], [-1.8298073, 51.6447836], [-1.8297334, 51.644832], [-1.829635, 51.644884], [-1.8295061, 51.6449387], [-1.8293643, 51.6449843], [-1.8292385, 51.645012], [-1.8291344, 51.6450253], [-1.8290376, 51.6450306], [-1.8289494, 51.6450296], [-1.8288613, 51.645024], [-1.8287601, 51.6450104], [-1.8286533, 51.6449923], [-1.8285594, 51.6449688], [-1.8284685, 51.6449408], [-1.8283819, 51.6449074], [-1.8282852, 51.6448614], [-1.8278416, 51.6445373], [-1.8277846, 51.6445111], [-1.8277376, 51.6444928], [-1.827681, 51.6444712], [-1.8276321, 51.644457], [-1.8275873, 51.644445], [-1.8275252, 51.6444458], [-1.8265039, 51.6445737], [-1.8261847, 51.6446286], [-1.8259408, 51.6446791], [-1.8257564, 51.6447126], [-1.8256154, 51.6447268], [-1.8254347, 51.644735], [-1.8253131, 51.6447158], [-1.8252808, 51.6446891], [-1.8252592, 51.6446425], [-1.8253063, 51.6445151], [-1.8253278, 51.6444445], [-1.8253229, 51.6444029], [-1.8252993, 51.6443613], [-1.8252752, 51.6443409], [-1.8251437, 51.6442785], [-1.8438932, 51.6433517]]]}}, {"type": "Feature", "properties": {"water": "river", "name": "River Thames", "source_id": "osm/way/254641749", "source": "OpenStreetMap", "licence": "ODbL 1.0"}, "geometry": {"type": "Polygon", "coordinates": [[[-1.8884074, 51.6488557], [-1.8883103, 51.6489941], [-1.8882653, 51.6490516], [-1.8882248, 51.6490911], [-1.888135, 51.6491567], [-1.8880901, 51.6491764], [-1.8880424, 51.649189], [-1.8879875, 51.6491934], [-1.8879268, 51.6491888], [-1.8875931, 51.6491238], [-1.8875107, 51.6491201], [-1.8874051, 51.6491353], [-1.887327, 51.6491577], [-1.887207, 51.6492034], [-1.8870825, 51.6492735], [-1.8870347, 51.6492941], [-1.8869726, 51.6493084], [-1.8868699, 51.6493227], [-1.8867095, 51.6493279], [-1.8865837, 51.6493269], [-1.88638, 51.6493069], [-1.8863077, 51.649306], [-1.8862267, 51.6493149], [-1.8861053, 51.6493382], [-1.8859462, 51.6493785], [-1.8858102, 51.6494188], [-1.8857147, 51.6494538], [-1.8856337, 51.6494905], [-1.8855802, 51.6495211], [-1.8854165, 51.6496414], [-1.8853181, 51.6497006], [-1.8852298, 51.6497482], [-1.885143, 51.6497796], [-1.8850143, 51.6498001], [-1.8848842, 51.6498099], [-1.8846009, 51.6498168], [-1.88452, 51.6498239], [-1.8843493, 51.6498669], [-1.8842769, 51.6498974], [-1.8842176, 51.6499387], [-1.8842002, 51.6499675], [-1.8841739, 51.6500682], [-1.8841478, 51.6501086], [-1.8841347, 51.6501185], [-1.8836385, 51.650287], [-1.8833462, 51.6504315], [-1.8830048, 51.6505561], [-1.8829647, 51.6505731], [-1.8828861, 51.6506064], [-1.8827906, 51.6506557], [-1.8826255, 51.6507697], [-1.8825676, 51.6508029], [-1.8823868, 51.6508819], [-1.8823245, 51.6509169], [-1.8821102, 51.6510614], [-1.8819002, 51.6512195], [-1.8816484, 51.6513595], [-1.881547, 51.6514232], [-1.8815137, 51.6514556], [-1.8814905, 51.6514879], [-1.8814642, 51.6515895], [-1.8814453, 51.65162], [-1.8812512, 51.6517979], [-1.8810902, 51.6520198], [-1.8809972, 51.652195], [-1.8809581, 51.652239], [-1.8809117, 51.652274], [-1.880848, 51.6523037], [-1.880767, 51.6523323], [-1.8806788, 51.652352], [-1.8805949, 51.6523618], [-1.880527, 51.6523609], [-1.880462, 51.6523518], [-1.8803941, 51.6523356], [-1.8802944, 51.6522995], [-1.8802266, 51.6522716], [-1.8800606, 51.6521887], [-1.8800144, 51.6521715], [-1.8799537, 51.6521553], [-1.879763, 51.6521236], [-1.8797211, 51.6521191], [-1.879062, 51.6521139], [-1.8789261, 51.6520958], [-1.8786401, 51.6520263], [-1.878321, 51.6519288], [-1.8780638, 51.6518773], [-1.8779453, 51.6518691], [-1.8778296, 51.6518861], [-1.877685, 51.6519246], [-1.8775258, 51.6519811], [-1.877481, 51.65199], [-1.8774362, 51.6519917], [-1.8773668, 51.6519872], [-1.8773076, 51.6519781], [-1.8772498, 51.6519583], [-1.8771892, 51.6519115], [-1.8770768, 51.651781], [-1.8770178, 51.6517189], [-1.8769788, 51.6516874], [-1.8768994, 51.6516423], [-1.8767984, 51.6515955], [-1.8767291, 51.6515747], [-1.8884074, 51.6488557]]]}}, {"type": "Feature", "properties": {"water": "river", "name": "River Thames", "source_id": "osm/way/254641768", "source": "OpenStreetMap", "licence": "ODbL 1.0"}, "geometry": {"type": "Polygon", "coordinates": [[[-1.8251437, 51.6442785], [-1.8250664, 51.6442628], [-1.8249594, 51.6442658], [-1.8247907, 51.6443021], [-1.8242414, 51.6444316], [-1.8237984, 51.6445263], [-1.82354, 51.6445346], [-1.8232184, 51.644517], [-1.8230169, 51.6444807], [-1.8228904, 51.6443549], [-1.8227738, 51.6442769], [-1.8225619, 51.6441908], [-1.8221574, 51.6440785], [-1.8215079, 51.643909], [-1.8211264, 51.6438568], [-1.8207488, 51.6438681], [-1.8203502, 51.6439461], [-1.8199495, 51.6440705], [-1.8196756, 51.6441969], [-1.8194009, 51.6443162], [-1.8193029, 51.6444568], [-1.8192376, 51.6447139], [-1.8191963, 51.6449007], [-1.8190972, 51.6450344], [-1.81903, 51.6451466], [-1.818824, 51.6452837], [-1.8186314, 51.6453672], [-1.8184272, 51.6454337], [-1.8181943, 51.6454473], [-1.8178791, 51.6454301], [-1.817546, 51.6454439], [-1.8174006, 51.6454661], [-1.8172886, 51.6455679], [-1.817078, 51.6456263], [-1.8168872, 51.6457401], [-1.8168413, 51.6458716], [-1.8167906, 51.6461583], [-1.8167187, 51.6463658], [-1.8166071, 51.6465397], [-1.816471, 51.6467102], [-1.816357, 51.646804], [-1.8162851, 51.6468993], [-1.8162554, 51.6469977], [-1.8162232, 51.6470776], [-1.8161365, 51.6471776], [-1.8160484, 51.6472321], [-1.8159135, 51.6473267], [-1.815502, 51.6476032], [-1.8153387, 51.6477187], [-1.8151945, 51.6478659], [-1.8151736, 51.648051], [-1.815241, 51.648245], [-1.8153486, 51.6484582], [-1.8153261, 51.6486353], [-1.8151801, 51.6489224], [-1.8148407, 51.6494528], [-1.8147085, 51.6496366], [-1.814531, 51.6497833], [-1.8143232, 51.6499233], [-1.8140157, 51.6500339], [-1.8139661, 51.6500853], [-1.8137258, 51.6504459], [-1.8134978, 51.6507887], [-1.81335, 51.6509565], [-1.8129998, 51.6513113], [-1.8128487, 51.6514773], [-1.8128057, 51.6515992], [-1.8127683, 51.6517331], [-1.8127897, 51.6518962], [-1.8128112, 51.6520676], [-1.8127817, 51.6522656], [-1.8125725, 51.6524587], [-1.8123036, 51.6526456], [-1.8121368, 51.6527607], [-1.8121228, 51.6528485], [-1.8120119, 51.6530286], [-1.8119673, 51.6531958], [-1.8119415, 51.6533724], [-1.8118885, 51.653755], [-1.8118215, 51.6541627], [-1.8118751, 51.6544905], [-1.812028, 51.654815], [-1.8122292, 51.6550563], [-1.8122533, 51.6551944], [-1.8122131, 51.6553725], [-1.8119341, 51.6558717], [-1.8118858, 51.6559981], [-1.8117061, 51.6562477], [-1.8117517, 51.6564208], [-1.8119046, 51.6565788], [-1.8121326, 51.6566937], [-1.8122721, 51.65689], [-1.8122835, 51.6570185], [-1.8119931, 51.6574042], [-1.8119556, 51.6575489], [-1.8119788, 51.6579126], [-1.8120039, 51.6580531], [-1.8120065, 51.6582378], [-1.8120625, 51.6583593], [-1.8121246, 51.6586318], [-1.8121387, 51.6591037], [-1.8121745, 51.659509], [-1.8121715, 51.6595641], [-1.812146, 51.6596255], [-1.8121165, 51.6601146], [-1.8119663, 51.6603576], [-1.8117008, 51.660682], [-1.8113306, 51.6609166], [-1.8108559, 51.6610713], [-1.8102765, 51.6611778], [-1.8098767, 51.6612809], [-1.8098666, 51.6612835], [-1.8251437, 51.6442785]]]}}, {"type": "Feature", "properties": {"water": "river", "name": "River Thames", "source_id": "osm/way/277377480", "source": "OpenStreetMap", "licence": "ODbL 1.0"}, "geometry": {"type": "Polygon", "coordinates": [[[-0.6863018, 51.5071706], [-0.6861475, 51.5070259], [-0.6859593, 51.5068044], [-0.6847859, 51.505571], [-0.6845724, 51.5052809], [-0.6842644, 51.504817], [-0.6841181, 51.5046436], [-0.6837806, 51.5043054], [-0.6835559, 51.5041032], [-0.6833166, 51.5039072], [-0.6831881, 51.5038167], [-0.6830117, 51.5036394], [-0.6828515, 51.5034461], [-0.6827426, 51.5032776], [-0.6825834, 51.5028505], [-0.6825497, 51.5027197], [-0.6825436, 51.5025848], [-0.6825648, 51.5024484], [-0.6825481, 51.5020777], [-0.682563, 51.5018117], [-0.6825403, 51.5015992], [-0.6825017, 51.5014369], [-0.682425, 51.50125], [-0.6822778, 51.5010073], [-0.682099, 51.5006654], [-0.6818292, 51.5001795], [-0.6817179, 51.4998914], [-0.681392, 51.4995038], [-0.681221, 51.4992879], [-0.6810571, 51.4990765], [-0.6807721, 51.4986687], [-0.6806788, 51.4985561], [-0.6806212, 51.4985042], [-0.6805282, 51.4984321], [-0.6804053, 51.498348], [-0.6800982, 51.4981584], [-0.6794532, 51.4972457], [-0.679383, 51.4971334], [-0.6791933, 51.4967194], [-0.6791154, 51.4965225], [-0.6790476, 51.4963248], [-0.679016, 51.4962228], [-0.6789179, 51.4957802], [-0.6788432, 51.4955222], [-0.678802, 51.4954049], [-0.6787222, 51.4952241], [-0.6785155, 51.494801], [-0.6785166, 51.4945618], [-0.6776199, 51.4941399], [-0.6772097, 51.4939788], [-0.6768756, 51.4938734], [-0.6766498, 51.4938115], [-0.6764911, 51.4937719], [-0.6759367, 51.493665], [-0.6757622, 51.4936234], [-0.6754139, 51.4935134], [-0.6748922, 51.4933205], [-0.6746145, 51.4932121], [-0.6742714, 51.4930698], [-0.6739657, 51.4929332], [-0.6735183, 51.492716], [-0.6732191, 51.4925498], [-0.672942, 51.4923704], [-0.6725005, 51.492048], [-0.6717008, 51.4914113], [-0.671258, 51.4910359], [-0.6708841, 51.4907178], [-0.6705587, 51.4904677], [-0.6702878, 51.4902722], [-0.6699967, 51.4900774], [-0.6697123, 51.4899015], [-0.6694446, 51.4897474], [-0.6691978, 51.4896169], [-0.6688739, 51.4894613], [-0.6682083, 51.4891705], [-0.6665097, 51.4885433], [-0.6661728, 51.4884397], [-0.665798, 51.4883509], [-0.665586, 51.4883098], [-0.6651803, 51.4882459], [-0.6650884, 51.4882349], [-0.6643327, 51.4881706], [-0.6623018, 51.4879244], [-0.6619553, 51.4878557], [-0.6614392, 51.4877213], [-0.6608956, 51.4875451], [-0.6604937, 51.4874011], [-0.6602163, 51.4873285], [-0.6599299, 51.4872572], [-0.6596068, 51.487191], [-0.6592973, 51.4871393], [-0.6590751, 51.4871026], [-0.6588827, 51.4870806], [-0.658683, 51.4870639], [-0.6585234, 51.4870558], [-0.6582787, 51.4870512], [-0.6575518, 51.4870842], [-0.6571622, 51.4871086], [-0.656937, 51.4871249], [-0.6564212, 51.4871828], [-0.6562941, 51.487193], [-0.6561428, 51.4871967], [-0.6559412, 51.4871935], [-0.655714, 51.4871801], [-0.6554368, 51.4871553], [-0.6549688, 51.4871023], [-0.6547769, 51.4870641], [-0.6546527, 51.4870294], [-0.6544929, 51.4869773], [-0.6542623, 51.4868829], [-0.6538297, 51.4866082], [-0.6532794, 51.4862619], [-0.652712, 51.4858648], [-0.652574, 51.4857197], [-0.6863018, 51.5071706]]]}}, {"type": "Feature", "properties": {"water": "river", "name": "Hedsor Water", "source_id": "osm/way/279011143", "source": "OpenStreetMap", "licence": "ODbL 1.0"}, "geometry": {"type": "Polygon", "coordinates": [[[-0.7022619, 51.5649604], [-0.7021712, 51.5651441], [-0.7020021, 51.5653163], [-0.7017348, 51.5655346], [-0.7015981, 51.5656239], [-0.7014754, 51.5656765], [-0.7013198, 51.5657197], [-0.7012038, 51.5657391], [-0.7010488, 51.565759], [-0.7009129, 51.5657718], [-0.7006573, 51.5657798], [-0.7004555, 51.5657704], [-0.6997965, 51.5657073], [-0.6988319, 51.5655878], [-0.6986869, 51.5655645], [-0.6977531, 51.5654221], [-0.6975268, 51.5654124], [-0.6972722, 51.5653853], [-0.6971199, 51.5653629], [-0.6969578, 51.5653306], [-0.6967615, 51.5652843], [-0.6966226, 51.5652468], [-0.6964927, 51.5652004], [-0.6963616, 51.5651405], [-0.6962567, 51.5650764], [-0.6962058, 51.565039], [-0.6960385, 51.564886], [-0.6953932, 51.5641442], [-0.6947633, 51.5634691], [-0.6947215, 51.5634174], [-0.6945479, 51.5631808], [-0.6944642, 51.5630315], [-0.6944199, 51.562915], [-0.6943789, 51.562634], [-0.6943132, 51.5624121], [-0.6942891, 51.5623462], [-0.6941959, 51.5621725], [-0.7022619, 51.5649604]]]}}, {"type": "Feature", "properties": {"water": "river", "name": "River Thames", "source_id": "osm/way/279016440", "source": "OpenStreetMap", "licence": "ODbL 1.0"}, "geometry": {"type": "Polygon", "coordinates": [[[-0.7488503, 51.5684066], [-0.7484204, 51.5687195], [-0.7483498, 51.5687673], [-0.7480233, 51.56894], [-0.7476884, 51.5691037], [-0.7475434, 51.5691831], [-0.747162, 51.5694631], [-0.7467653, 51.5697736], [-0.7465489, 51.5699296], [-0.7463888, 51.5700313], [-0.7462215, 51.5701356], [-0.7456249, 51.5704745], [-0.74537, 51.5706138], [-0.7451507, 51.5707158], [-0.7447719, 51.5708502], [-0.7445899, 51.5709085], [-0.744104, 51.5710517], [-0.7432278, 51.5712734], [-0.7425206, 51.5714349], [-0.7419172, 51.571548], [-0.7411467, 51.5717043], [-0.7409535, 51.5717526], [-0.7408472, 51.5717865], [-0.7407334, 51.5718302], [-0.7406531, 51.5718671], [-0.7488503, 51.5684066]]]}}, {"type": "Feature", "properties": {"water": "river", "name": "River Thames", "source_id": "osm/way/279239650", "source": "OpenStreetMap", "licence": "ODbL 1.0"}, "geometry": {"type": "Polygon", "coordinates": [[[-0.7169251, 51.5771914], [-0.7169196, 51.57719], [-0.7167145, 51.5771361], [-0.7165443, 51.577082], [-0.7163772, 51.5770218], [-0.7162374, 51.5769627], [-0.7161021, 51.5768983], [-0.7159855, 51.5768358], [-0.7158734, 51.5767699], [-0.7157431, 51.5766821], [-0.7156216, 51.57659], [-0.715485, 51.5764707], [-0.7150673, 51.5760309], [-0.714842, 51.5757812], [-0.7145737, 51.5754707], [-0.7141901, 51.5750007], [-0.7139352, 51.5747273], [-0.7136137, 51.5743569], [-0.7134618, 51.5741664], [-0.7131825, 51.5737866], [-0.7130537, 51.5735936], [-0.7128549, 51.5732776], [-0.7126509, 51.5729382], [-0.7125163, 51.5726967], [-0.7122813, 51.5722292], [-0.712146, 51.5719112], [-0.7120687, 51.571735], [-0.7119748, 51.5714858], [-0.7118965, 51.571244], [-0.7118495, 51.5710681], [-0.711814, 51.5708951], [-0.7117816, 51.5706609], [-0.711765, 51.5704315], [-0.7117614, 51.5701518], [-0.7117557, 51.5700813], [-0.711739, 51.5698737], [-0.7116883, 51.569624], [-0.7115248, 51.5691286], [-0.7114816, 51.5689222], [-0.7114641, 51.568672], [-0.7114843, 51.5684187], [-0.7115262, 51.5682132], [-0.7115923, 51.5680179], [-0.7116587, 51.567864], [-0.7118882, 51.5671957], [-0.7120018, 51.5669551], [-0.7120578, 51.56681], [-0.7121225, 51.5666156], [-0.7121645, 51.566456], [-0.7122093, 51.5661967], [-0.7122265, 51.565999], [-0.7122292, 51.5658003], [-0.7122105, 51.5654917], [-0.7121965, 51.5654241], [-0.7121692, 51.5653186], [-0.7121399, 51.5652338], [-0.7120853, 51.5651244], [-0.712008, 51.5649976], [-0.7119343, 51.5648997], [-0.7118672, 51.5648243], [-0.7117943, 51.5647516], [-0.7116943, 51.5646642], [-0.7112207, 51.5643209], [-0.7110294, 51.5641974], [-0.7108208, 51.5640755], [-0.7106033, 51.5639607], [-0.7103841, 51.5638558], [-0.7101589, 51.563758], [-0.7092757, 51.5634093], [-0.7085035, 51.5631167], [-0.7075907, 51.5627946], [-0.7074464, 51.5627463], [-0.7067347, 51.5625082], [-0.7057787, 51.562236], [-0.7169251, 51.5771914]]]}}, {"type": "Feature", "properties": {"water": "river", "name": "River Thames", "source_id": "osm/way/279239654", "source": "OpenStreetMap", "licence": "ODbL 1.0"}, "geometry": {"type": "Polygon", "coordinates": [[[-0.7057787, 51.562236], [-0.7056331, 51.5622335], [-0.7054871, 51.5622427], [-0.7046134, 51.5623948], [-0.703945, 51.5625498], [-0.7057787, 51.562236]]]}}, {"type": "Feature", "properties": {"water": "river", "name": "Hedsor Water", "source_id": "osm/way/279239657", "source": "OpenStreetMap", "licence": "ODbL 1.0"}, "geometry": {"type": "Polygon", "coordinates": [[[-0.703945, 51.5625498], [-0.7037353, 51.5626127], [-0.7036299, 51.5626682], [-0.7035315, 51.5627292], [-0.7033867, 51.5628472], [-0.7031456, 51.5631071], [-0.7030144, 51.5633061], [-0.7028699, 51.5635698], [-0.7027584, 51.5637358], [-0.703945, 51.5625498]]]}}, {"type": "Feature", "properties": {"water": "river", "name": "River Thames", "source_id": "osm/way/280360180", "source": "OpenStreetMap", "licence": "ODbL 1.0"}, "geometry": {"type": "Polygon", "coordinates": [[[-0.7909934, 51.5528356], [-0.7909071, 51.5528806], [-0.7904454, 51.5530494], [-0.7891094, 51.5533351], [-0.7881901, 51.5535162], [-0.7873842, 51.5536622], [-0.7872553, 51.5536855], [-0.7869836, 51.5537591], [-0.7868088, 51.5538211], [-0.7866411, 51.5538913], [-0.7864144, 51.5540095], [-0.7858171, 51.5543944], [-0.7855034, 51.5545818], [-0.7851811, 51.5547682], [-0.7848459, 51.5549527], [-0.7845078, 51.5551353], [-0.7838389, 51.5553909], [-0.7836065, 51.5555063], [-0.7833769, 51.5556235], [-0.7827155, 51.5560321], [-0.7825359, 51.556166], [-0.7824459, 51.5562424], [-0.7822504, 51.556431], [-0.7821776, 51.5565139], [-0.7821089, 51.5565986], [-0.7814055, 51.5575525], [-0.781404, 51.5575525], [-0.7811074, 51.5579639], [-0.7807884, 51.5585118], [-0.7802085, 51.5591604], [-0.7793712, 51.5601534], [-0.7787173, 51.5614045], [-0.7786211, 51.5616571], [-0.7783788, 51.562409], [-0.7781788, 51.5629285], [-0.7779803, 51.5633904], [-0.7778629, 51.5636805], [-0.7777756, 51.5639232], [-0.7771387, 51.5649687], [-0.7766094, 51.5656088], [-0.7763981, 51.5658475], [-0.7762737, 51.5659676], [-0.7761542, 51.5660662], [-0.7758924, 51.5662496], [-0.7756726, 51.5663777], [-0.7755307, 51.566449], [-0.7753072, 51.5665519], [-0.7750599, 51.5666797], [-0.7750585, 51.5666806], [-0.7741739, 51.5670094], [-0.773728, 51.5671702], [-0.7731552, 51.5673333], [-0.7730259, 51.567367], [-0.7726943, 51.5674625], [-0.7719708, 51.5677031], [-0.7717106, 51.567775], [-0.7715045, 51.5678178], [-0.7713073, 51.5678535], [-0.7709426, 51.5678964], [-0.7909934, 51.5528356]]]}}, {"type": "Feature", "properties": {"water": "river", "name": "River Thames", "source_id": "osm/way/280686461", "source": "OpenStreetMap", "licence": "ODbL 1.0"}, "geometry": {"type": "Polygon", "coordinates": [[[-0.8131898, 51.5519463], [-0.8129235, 51.5519841], [-0.8127264, 51.5520199], [-0.8123867, 51.5521046], [-0.8120797, 51.5522049], [-0.8111518, 51.5525578], [-0.8109033, 51.5526263], [-0.8107453, 51.5526589], [-0.8105337, 51.5526945], [-0.8102301, 51.5527247], [-0.809601, 51.5527309], [-0.8087027, 51.5526661], [-0.8086059, 51.5526741], [-0.8077818, 51.5527457], [-0.8072016, 51.5527623], [-0.8071469, 51.5527582], [-0.8069658, 51.5527338], [-0.8131898, 51.5519463]]]}}, {"type": "Feature", "properties": {"water": "river", "name": "River Thames", "source_id": "osm/way/280718429", "source": "OpenStreetMap", "licence": "ODbL 1.0"}, "geometry": {"type": "Polygon", "coordinates": [[[-0.8594391, 51.5483793], [-0.8590494, 51.5484501], [-0.8585525, 51.5485964], [-0.8583376, 51.5486536], [-0.8580576, 51.5487201], [-0.8578445, 51.5487648], [-0.8575491, 51.5488105], [-0.8573816, 51.5488205], [-0.857112, 51.5488143], [-0.8568041, 51.5487871], [-0.856531, 51.5487511], [-0.8562798, 51.5487037], [-0.8561665, 51.5486756], [-0.8556631, 51.5485089], [-0.8551612, 51.5483907], [-0.8549636, 51.5483366], [-0.8547862, 51.5482782], [-0.8545818, 51.5482052], [-0.8540204, 51.5479893], [-0.8535712, 51.547788], [-0.8530031, 51.5474965], [-0.8527863, 51.5473424], [-0.8509949, 51.5465525], [-0.8506778, 51.5464289], [-0.8504505, 51.5463494], [-0.8502559, 51.5462881], [-0.8499466, 51.5462023], [-0.8486347, 51.5457255], [-0.8477369, 51.5454155], [-0.8477355, 51.5454155], [-0.847066, 51.5451985], [-0.8457326, 51.5450064], [-0.844087, 51.5448437], [-0.8435652, 51.5447774], [-0.8427625, 51.544756], [-0.8594391, 51.5483793]]]}}, {"type": "Feature", "properties": {"water": "river", "name": "River Thames", "source_id": "osm/way/280768714", "source": "OpenStreetMap", "licence": "ODbL 1.0"}, "geometry": {"type": "Polygon", "coordinates": [[[-0.8904015, 51.5548552], [-0.8901717, 51.5555275], [-0.8899948, 51.556157], [-0.8899575, 51.5562682], [-0.8898584, 51.5564857], [-0.8897364, 51.5567004], [-0.8896, 51.556967], [-0.8894535, 51.5571796], [-0.889203, 51.5575145], [-0.8890302, 51.5577412], [-0.8888875, 51.5579116], [-0.8886771, 51.5581407], [-0.8885627, 51.558279], [-0.8882878, 51.5584904], [-0.8881925, 51.5586127], [-0.888191, 51.5586127], [-0.8877087, 51.5591071], [-0.8875806, 51.5592723], [-0.8873897, 51.5594683], [-0.8868833, 51.559825], [-0.8865213, 51.5600616], [-0.8860918, 51.5603408], [-0.8859586, 51.5604186], [-0.8857861, 51.5605096], [-0.8856066, 51.560596], [-0.8854579, 51.5606602], [-0.8844077, 51.5610729], [-0.884087, 51.5612092], [-0.8837563, 51.56134], [-0.8834986, 51.5614365], [-0.8831946, 51.5615379], [-0.8827643, 51.5616714], [-0.8823764, 51.5617828], [-0.8820033, 51.5618799], [-0.8816492, 51.5619629], [-0.8814186, 51.5620119], [-0.8812621, 51.5620401], [-0.8810581, 51.562067], [-0.8807819, 51.5620913], [-0.8804771, 51.5621091], [-0.8803197, 51.5621157], [-0.8797424, 51.5621245], [-0.8792202, 51.5621232], [-0.8780988, 51.5620819], [-0.8775168, 51.5620493], [-0.8771972, 51.5620247], [-0.8769684, 51.5620009], [-0.8766852, 51.5619586], [-0.8763664, 51.5619007], [-0.8760578, 51.5618375], [-0.8756188, 51.5617362], [-0.8754699, 51.5616925], [-0.8751596, 51.5615781], [-0.8744132, 51.5612499], [-0.8740198, 51.5610573], [-0.8737124, 51.5608871], [-0.8904015, 51.5548552]]]}}, {"type": "Feature", "properties": {"water": "river", "name": "River Thames", "source_id": "osm/way/291495984", "source": "OpenStreetMap", "licence": "ODbL 1.0"}, "geometry": {"type": "Polygon", "coordinates": [[[-0.703183, 51.5111045], [-0.7028633, 51.5108438], [-0.7026978, 51.5107313], [-0.7026327, 51.5106929], [-0.7023696, 51.5105668], [-0.7021988, 51.5104938], [-0.7018566, 51.5103651], [-0.7005224, 51.5099528], [-0.6997317, 51.5097364], [-0.6995728, 51.5097004], [-0.6993792, 51.5096677], [-0.6990431, 51.509628], [-0.6989321, 51.5096295], [-0.698227, 51.5097961], [-0.6973031, 51.5099063], [-0.6969543, 51.50996], [-0.6967005, 51.5100138], [-0.6962093, 51.5101604], [-0.6958292, 51.5102505], [-0.6954815, 51.5103141], [-0.6952761, 51.5103415], [-0.695042, 51.5103659], [-0.6944904, 51.5104029], [-0.69414, 51.5104116], [-0.6938018, 51.510397], [-0.6933087, 51.5103656], [-0.6928965, 51.5103014], [-0.6924349, 51.5102218], [-0.703183, 51.5111045]]]}}, {"type": "Feature", "properties": {"water": "river", "name": "River Thames", "source_id": "osm/way/291495988", "source": "OpenStreetMap", "licence": "ODbL 1.0"}, "geometry": {"type": "Polygon", "coordinates": [[[-0.652574, 51.4857197], [-0.652514, 51.4856552], [-0.6524463, 51.4856068], [-0.6523825, 51.4855719], [-0.6523242, 51.4855451], [-0.6522444, 51.4855181], [-0.6521429, 51.4854918], [-0.6520411, 51.4854753], [-0.6519535, 51.4854689], [-0.6518598, 51.4854714], [-0.6517471, 51.4854818], [-0.6514909, 51.4855274], [-0.6513285, 51.4855633], [-0.6511847, 51.4856039], [-0.6510829, 51.4856387], [-0.6509865, 51.4856817], [-0.6507961, 51.4857901], [-0.6507033, 51.485861], [-0.6506245, 51.4859437], [-0.6504895, 51.4861265], [-0.6503315, 51.4864034], [-0.6502681, 51.4865034], [-0.6502018, 51.4866024], [-0.6501168, 51.4866995], [-0.6500197, 51.4868189], [-0.652574, 51.4857197]]]}}, {"type": "Feature", "properties": {"water": "river", "name": "River Thames", "source_id": "osm/way/291506493", "source": "OpenStreetMap", "licence": "ODbL 1.0"}, "geometry": {"type": "Polygon", "coordinates": [[[-0.7944893, 51.5511551], [-0.7941958, 51.5511835], [-0.7937923, 51.5512261], [-0.7934768, 51.5513028], [-0.7932881, 51.5514718], [-0.7944893, 51.5511551]]]}}, {"type": "Feature", "properties": {"water": "river", "name": "River Thames", "source_id": "osm/way/291516530", "source": "OpenStreetMap", "licence": "ODbL 1.0"}, "geometry": {"type": "Polygon", "coordinates": [[[-0.6926966, 51.5440218], [-0.6930524, 51.5434323], [-0.693462, 51.5428245], [-0.6936529, 51.5426054], [-0.694048, 51.5422016], [-0.6945523, 51.5416614], [-0.6946886, 51.5415352], [-0.6951708, 51.5411108], [-0.6954377, 51.5408915], [-0.6957822, 51.5406086], [-0.6962346, 51.5402162], [-0.6964205, 51.5400205], [-0.6965281, 51.5398877], [-0.6972479, 51.5388688], [-0.6973815, 51.5386315], [-0.6926966, 51.5440218]]]}}, {"type": "Feature", "properties": {"water": "river", "name": "River Thames", "source_id": "osm/way/292096363", "source": "OpenStreetMap", "licence": "ODbL 1.0"}, "geometry": {"type": "Polygon", "coordinates": [[[-0.8816709, 51.5255985], [-0.8835251, 51.5268786], [-0.8839263, 51.5271558], [-0.8816709, 51.5255985]]]}}, {"type": "Feature", "properties": {"water": "river", "name": "River Thames", "source_id": "osm/way/292098736", "source": "OpenStreetMap", "licence": "ODbL 1.0"}, "geometry": {"type": "Polygon", "coordinates": [[[-0.8897582, 51.498779], [-0.8891794, 51.4990001], [-0.8889828, 51.4990882], [-0.8897582, 51.498779]]]}}, {"type": "Feature", "properties": {"water": "river", "name": "River Thames", "source_id": "osm/way/292143680", "source": "OpenStreetMap", "licence": "ODbL 1.0"}, "geometry": {"type": "Polygon", "coordinates": [[[-0.8976708, 51.4870437], [-0.8976625, 51.4871488], [-0.8976801, 51.4873154], [-0.8976708, 51.4870437]]]}}, {"type": "Feature", "properties": {"water": "river", "name": "River Thames", "source_id": "osm/way/292154892", "source": "OpenStreetMap", "licence": "ODbL 1.0"}, "geometry": {"type": "Polygon", "coordinates": [[[-0.9268865, 51.4672835], [-0.9259979, 51.4671782], [-0.9256084, 51.4671495], [-0.9253496, 51.4671372], [-0.9250718, 51.467132], [-0.9247939, 51.4671339], [-0.9240822, 51.4671589], [-0.9237794, 51.4671777], [-0.923687, 51.4671885], [-0.9235108, 51.4672148], [-0.923327, 51.4672527], [-0.9231358, 51.4673049], [-0.9229719, 51.4673573], [-0.9227119, 51.4674538], [-0.9225868, 51.4675075], [-0.9220905, 51.4677367], [-0.9217174, 51.4679302], [-0.9216706, 51.4679604], [-0.9216071, 51.4680263], [-0.9215078, 51.4681468], [-0.9214629, 51.468221], [-0.9213949, 51.4683571], [-0.9213568, 51.4684467], [-0.9212457, 51.4687639], [-0.9212034, 51.4689065], [-0.9211753, 51.4690025], [-0.9211287, 51.4693303], [-0.9210421, 51.4697665], [-0.9209722, 51.4700437], [-0.9208742, 51.4703503], [-0.9208004, 51.4706113], [-0.9207759, 51.4706758], [-0.9206031, 51.4709799], [-0.9204702, 51.4713051], [-0.9201053, 51.4718188], [-0.920011, 51.4719708], [-0.9199394, 51.4720753], [-0.9198592, 51.4721789], [-0.9268865, 51.4672835]]]}}, {"type": "Feature", "properties": {"water": "river", "name": "River Thames", "source_id": "osm/way/307496186", "source": "OpenStreetMap", "licence": "ODbL 1.0"}, "geometry": {"type": "Polygon", "coordinates": [[[-1.4518155, 51.7120978], [-1.4514449, 51.7121787], [-1.4510892, 51.7123151], [-1.4508184, 51.7123476], [-1.4503468, 51.7122654], [-1.4499783, 51.7120348], [-1.4496058, 51.7119527], [-1.4493616, 51.7120324], [-1.4518155, 51.7120978]]]}}, {"type": "Feature", "properties": {"water": "river", "name": "River Thames", "source_id": "osm/way/307496187", "source": "OpenStreetMap", "licence": "ODbL 1.0"}, "geometry": {"type": "Polygon", "coordinates": [[[-1.4493616, 51.7120324], [-1.4492344, 51.7121325], [-1.4491542, 51.712187], [-1.4490814, 51.7122235], [-1.4490116, 51.7122502], [-1.4489637, 51.7122607], [-1.4488725, 51.7122603], [-1.448744, 51.7122363], [-1.4486345, 51.7121954], [-1.448469, 51.712111], [-1.4483076, 51.7120536], [-1.4482254, 51.7120289], [-1.4480796, 51.7119994], [-1.4479278, 51.7119843], [-1.4474056, 51.7119594], [-1.4470409, 51.7119604], [-1.4463516, 51.7119922], [-1.4460242, 51.7120158], [-1.4457502, 51.7120478], [-1.4455764, 51.7120578], [-1.4493616, 51.7120324]]]}}, {"type": "Feature", "properties": {"water": "river", "name": "River Thames", "source_id": "osm/way/307496190", "source": "OpenStreetMap", "licence": "ODbL 1.0"}, "geometry": {"type": "Polygon", "coordinates": [[[-1.4592105, 51.7132731], [-1.4591075, 51.7132915], [-1.4590249, 51.7133001], [-1.4589554, 51.7133007], [-1.4588355, 51.7132839], [-1.4584747, 51.7131987], [-1.4582665, 51.713177], [-1.4581724, 51.7131757], [-1.4580783, 51.7131815], [-1.4577027, 51.7132428], [-1.4575258, 51.7132644], [-1.4571956, 51.7132836], [-1.4570148, 51.7132746], [-1.4563024, 51.7131742], [-1.4560492, 51.7131686], [-1.455958, 51.7131736], [-1.4557593, 51.7132032], [-1.4557028, 51.7132074], [-1.4555783, 51.7132105], [-1.4554597, 51.7132054], [-1.4553903, 51.713197], [-1.4553254, 51.7131814], [-1.4552576, 51.7131586], [-1.4552101, 51.713135], [-1.4548769, 51.7129213], [-1.4546455, 51.7127862], [-1.4545721, 51.7127517], [-1.4545086, 51.7127317], [-1.4544437, 51.712717], [-1.4543772, 51.7127068], [-1.4541473, 51.7126886], [-1.4540127, 51.7126907], [-1.4535376, 51.7127155], [-1.4533784, 51.7127192], [-1.4533104, 51.7127162], [-1.4531875, 51.7127057], [-1.453069, 51.712689], [-1.4529535, 51.7126642], [-1.452854, 51.712635], [-1.452759, 51.7125932], [-1.4526411, 51.7125297], [-1.452575, 51.7124898], [-1.4523668, 51.7123459], [-1.4521987, 51.7122489], [-1.4519469, 51.7121254], [-1.4518155, 51.7120978], [-1.4592105, 51.7132731]]]}}, {"type": "Feature", "properties": {"water": "river", "name": "River Thames", "source_id": "osm/way/307496194", "source": "OpenStreetMap", "licence": "ODbL 1.0"}, "geometry": {"type": "Polygon", "coordinates": [[[-1.4378034, 51.7079074], [-1.4377269, 51.7078953], [-1.4355298, 51.7083264], [-1.4353201, 51.7083675], [-1.4349537, 51.7083837], [-1.4342937, 51.708386], [-1.4335699, 51.7084023], [-1.4329861, 51.7084516], [-1.4323931, 51.7085314], [-1.4318845, 51.7085829], [-1.4315772, 51.7086255], [-1.4313741, 51.7086623], [-1.431139, 51.7087151], [-1.4310054, 51.7087495], [-1.4306698, 51.7088522], [-1.4305725, 51.7088769], [-1.4303215, 51.7089287], [-1.4301026, 51.7089546], [-1.4292429, 51.7090755], [-1.4287661, 51.7091813], [-1.4282197, 51.7093025], [-1.4276954, 51.7094045], [-1.4276336, 51.7094165], [-1.4269489, 51.7095372], [-1.4256088, 51.7097609], [-1.424594, 51.7098971], [-1.4244477, 51.7099017], [-1.4240831, 51.7098955], [-1.4236662, 51.7098997], [-1.4236227, 51.709904], [-1.4234285, 51.7099291], [-1.4224853, 51.7101187], [-1.4224839, 51.7101196], [-1.422446, 51.7101365], [-1.4223371, 51.7101692], [-1.4378034, 51.7079074]]]}}, {"type": "Feature", "properties": {"water": "river", "name": "River Thames", "source_id": "osm/way/307496202", "source": "OpenStreetMap", "licence": "ODbL 1.0"}, "geometry": {"type": "Polygon", "coordinates": [[[-1.4386224, 51.709322], [-1.4387579, 51.7092173], [-1.4387837, 51.7090963], [-1.4387504, 51.7089326], [-1.4383843, 51.7084528], [-1.438102, 51.7081167], [-1.4378034, 51.7079074], [-1.4386224, 51.709322]]]}}, {"type": "Feature", "properties": {"water": "river", "name": "River Thames", "source_id": "osm/way/307499006", "source": "OpenStreetMap", "licence": "ODbL 1.0"}, "geometry": {"type": "Polygon", "coordinates": [[[-1.4893037, 51.6941255], [-1.4891771, 51.6944241], [-1.4891298, 51.6946708], [-1.4889217, 51.6949124], [-1.4883461, 51.6952073], [-1.4882007, 51.6955273], [-1.4880358, 51.6957496], [-1.4877928, 51.695778], [-1.4872933, 51.6957528], [-1.4869559, 51.6957415], [-1.4865817, 51.6958442], [-1.486041, 51.6961656], [-1.4854005, 51.6966193], [-1.4848662, 51.6970061], [-1.4848166, 51.6972334], [-1.4849856, 51.6976678], [-1.4847962, 51.6980131], [-1.4846087, 51.6982723], [-1.4842289, 51.6985002], [-1.4839604, 51.6987186], [-1.4838328, 51.6992393], [-1.4838928, 51.6996145], [-1.4839926, 51.6999211], [-1.4839489, 51.7000434], [-1.4834712, 51.7004477], [-1.4833229, 51.7006761], [-1.4829954, 51.7015543], [-1.4828486, 51.701803], [-1.4822221, 51.7022247], [-1.4811782, 51.7030341], [-1.4808944, 51.7034124], [-1.4804057, 51.7036481], [-1.4794967, 51.7039367], [-1.4787698, 51.7040559], [-1.4782599, 51.7040944], [-1.477499, 51.7040609], [-1.4768475, 51.7040949], [-1.4768245, 51.7040968], [-1.4764199, 51.7041298], [-1.4758481, 51.7041483], [-1.4893037, 51.6941255]]]}}, {"type": "Feature", "properties": {"water": "river", "name": "River Thames", "source_id": "osm/way/307499007", "source": "OpenStreetMap", "licence": "ODbL 1.0"}, "geometry": {"type": "Polygon", "coordinates": [[[-1.4631969, 51.7106821], [-1.4632038, 51.7108072], [-1.4632012, 51.7108332], [-1.4631814, 51.7110274], [-1.462975, 51.7113221], [-1.4625417, 51.7114768], [-1.4622164, 51.7115726], [-1.4615477, 51.7120161], [-1.4607588, 51.7125686], [-1.4601565, 51.7129618], [-1.4631969, 51.7106821]]]}}, {"type": "Feature", "properties": {"water": "river", "name": "River Thames", "source_id": "osm/way/307499009", "source": "OpenStreetMap", "licence": "ODbL 1.0"}, "geometry": {"type": "Polygon", "coordinates": [[[-1.4601565, 51.7129618], [-1.4598946, 51.7130721], [-1.4597464, 51.7131263], [-1.4594414, 51.7132139], [-1.4592105, 51.7132731], [-1.4601565, 51.7129618]]]}}, {"type": "Feature", "properties": {"water": "river", "name": "River Thames", "source_id": "osm/way/307632807", "source": "OpenStreetMap", "licence": "ODbL 1.0"}, "geometry": {"type": "Polygon", "coordinates": [[[-1.5601368, 51.6991696], [-1.5601003, 51.6989714], [-1.5599859, 51.6988848], [-1.5599264, 51.6988397], [-1.5594215, 51.6988352], [-1.558794, 51.6989747], [-1.5583337, 51.6990468], [-1.5577977, 51.698994], [-1.5574957, 51.6988352], [-1.5573376, 51.6986451], [-1.5571953, 51.6985471], [-1.5569709, 51.6985251], [-1.5567084, 51.6985392], [-1.5565503, 51.6986839], [-1.5566672, 51.6989684], [-1.5567178, 51.6991605], [-1.5566399, 51.6993044], [-1.5564301, 51.6994153], [-1.5561202, 51.6994996], [-1.5556625, 51.6995414], [-1.5551115, 51.6996975], [-1.5547921, 51.6998465], [-1.5546498, 51.6998778], [-1.5544673, 51.6998516], [-1.5540869, 51.6997093], [-1.5537897, 51.6996093], [-1.5535081, 51.6996521], [-1.552593, 51.6999031], [-1.5515945, 51.7004502], [-1.5517944, 51.7007205], [-1.5519304, 51.7008734], [-1.5519508, 51.7010419], [-1.5517722, 51.701187], [-1.5514908, 51.7012477], [-1.5510351, 51.7010809], [-1.5508552, 51.70094], [-1.5505653, 51.7008391], [-1.5501659, 51.7007911], [-1.5496924, 51.7007821], [-1.5494892, 51.7008885], [-1.5495295, 51.7013251], [-1.549388, 51.7014633], [-1.5490938, 51.7014809], [-1.5486733, 51.7013614], [-1.5483505, 51.701349], [-1.5478299, 51.70151], [-1.5472699, 51.7017543], [-1.5468772, 51.7020218], [-1.5464248, 51.7022232], [-1.5460864, 51.7024387], [-1.5457925, 51.7028133], [-1.5454323, 51.7030602], [-1.5450489, 51.7031039], [-1.5447522, 51.7030566], [-1.5445792, 51.7029746], [-1.5445177, 51.7028432], [-1.5444832, 51.7027117], [-1.5444117, 51.702583], [-1.5443165, 51.7024557], [-1.5440424, 51.7023359], [-1.5435982, 51.7023006], [-1.5433378, 51.7022403], [-1.5429443, 51.7021178], [-1.5426578, 51.7020883], [-1.5423244, 51.702168], [-1.5420047, 51.7024105], [-1.5417225, 51.7025498], [-1.5414033, 51.702616], [-1.5410265, 51.7025639], [-1.5407025, 51.7024215], [-1.5405158, 51.7021911], [-1.5404554, 51.7019652], [-1.5403624, 51.7018388], [-1.5401473, 51.7016994], [-1.5397844, 51.7016244], [-1.5393397, 51.7015813], [-1.5386664, 51.7015099], [-1.5380916, 51.7013355], [-1.5373036, 51.7010173], [-1.5372068, 51.7009146], [-1.5371671, 51.7008724], [-1.5370963, 51.7003876], [-1.5370034, 51.7002337], [-1.5364898, 51.699975], [-1.5360043, 51.6997779], [-1.5359357, 51.6996384], [-1.5359842, 51.6994941], [-1.5361958, 51.6993465], [-1.5363549, 51.6991973], [-1.5363229, 51.6990597], [-1.5361308, 51.6989865], [-1.5354446, 51.6988321], [-1.5342443, 51.6985789], [-1.5601368, 51.6991696]]]}}, {"type": "Feature", "properties": {"water": "river", "name": "River Thames", "source_id": "osm/way/307772925", "source": "OpenStreetMap", "licence": "ODbL 1.0"}, "geometry": {"type": "Polygon", "coordinates": [[[-1.6671273, 51.6810362], [-1.6669463, 51.6810608], [-1.6667481, 51.6810657], [-1.6666671, 51.6810582], [-1.6665689, 51.6810427], [-1.6664419, 51.6810126], [-1.6661382, 51.6810001], [-1.6660181, 51.6810096], [-1.6659442, 51.6810247], [-1.6658761, 51.6810461], [-1.6658035, 51.6810783], [-1.6657425, 51.6811159], [-1.665693, 51.6811607], [-1.6656536, 51.6812109], [-1.6656315, 51.6812657], [-1.6656087, 51.6816082], [-1.6655969, 51.6816396], [-1.6655677, 51.6816782], [-1.6655284, 51.6817132], [-1.6654979, 51.6817329], [-1.6654558, 51.6817498], [-1.6653877, 51.6817658], [-1.665324, 51.6817728], [-1.6651808, 51.6817688], [-1.6651201, 51.6817615], [-1.6650407, 51.681745], [-1.6648604, 51.6816852], [-1.6646942, 51.6816649], [-1.6645251, 51.6816474], [-1.6642055, 51.6816384], [-1.6640884, 51.6816245], [-1.6640119, 51.6816054], [-1.6638879, 51.6815583], [-1.6635062, 51.681345], [-1.6634124, 51.6813106], [-1.663307, 51.6812914], [-1.6631956, 51.6812902], [-1.6631305, 51.6812981], [-1.6630682, 51.6813114], [-1.6630102, 51.681331], [-1.6626735, 51.681482], [-1.6626168, 51.681516], [-1.6625327, 51.6815473], [-1.6624574, 51.6815614], [-1.6623706, 51.6815675], [-1.6622925, 51.6815628], [-1.6622318, 51.6815509], [-1.6621813, 51.6815364], [-1.6621265, 51.6815128], [-1.6620747, 51.6814803], [-1.662046, 51.6814541], [-1.6620346, 51.6814325], [-1.6620276, 51.6813966], [-1.6620322, 51.6813561], [-1.6621787, 51.6811111], [-1.6622619, 51.6810061], [-1.6622898, 51.6809522], [-1.6623093, 51.6808624], [-1.6623068, 51.6808111], [-1.6622942, 51.6807535], [-1.6622357, 51.6806401], [-1.6621025, 51.6804698], [-1.662058, 51.6804265], [-1.6620119, 51.6803949], [-1.6619586, 51.6803723], [-1.6619037, 51.6803595], [-1.6618386, 51.6803584], [-1.6617561, 51.680369], [-1.6616778, 51.6803912], [-1.6616096, 51.6804225], [-1.6615631, 51.6804502], [-1.6615122, 51.6804968], [-1.6612947, 51.6807624], [-1.6608786, 51.6810893], [-1.6608274, 51.6811602], [-1.660775, 51.6812041], [-1.6607111, 51.6812408], [-1.6606357, 51.6812685], [-1.6605647, 51.6812853], [-1.6604866, 51.6812923], [-1.6604012, 51.6812912], [-1.6603434, 51.6812847], [-1.6603001, 51.6812747], [-1.6602439, 51.6812529], [-1.6601848, 51.6812222], [-1.6601259, 51.6811717], [-1.6598996, 51.6808698], [-1.6598479, 51.6808229], [-1.6597629, 51.6807768], [-1.6597196, 51.6807632], [-1.6596661, 51.6807559], [-1.6595765, 51.680752], [-1.6594694, 51.6807562], [-1.6593275, 51.6807756], [-1.6585753, 51.6809847], [-1.65783, 51.6812316], [-1.6572279, 51.6814834], [-1.6555911, 51.6818041], [-1.6554897, 51.6818137], [-1.6554058, 51.6818161], [-1.6553234, 51.6818114], [-1.6552252, 51.6817985], [-1.6550794, 51.6817621], [-1.6545961, 51.6815988], [-1.653897, 51.6814637], [-1.6533908, 51.6814613], [-1.652893, 51.6814922], [-1.6671273, 51.6810362]]]}}, {"type": "Feature", "properties": {"water": "river", "name": "River Thames", "source_id": "osm/way/307772927", "source": "OpenStreetMap", "licence": "ODbL 1.0"}, "geometry": {"type": "Polygon", "coordinates": [[[-1.6830723, 51.6901065], [-1.6827023, 51.6900489], [-1.6823994, 51.6901317], [-1.6819499, 51.6902869], [-1.68187, 51.6903334], [-1.6818148, 51.6903585], [-1.6817554, 51.690379], [-1.681667, 51.6903985], [-1.6815598, 51.6904108], [-1.681473, 51.6904115], [-1.6814181, 51.6904059], [-1.6813516, 51.6903932], [-1.6812304, 51.6903605], [-1.6811134, 51.6903224], [-1.6809952, 51.6902699], [-1.6805661, 51.6899812], [-1.680187, 51.6898098], [-1.6830723, 51.6901065]]]}}, {"type": "Feature", "properties": {"water": "river", "name": "River Thames", "source_id": "osm/way/307772928", "source": "OpenStreetMap", "licence": "ODbL 1.0"}, "geometry": {"type": "Polygon", "coordinates": [[[-1.6791265, 51.6893936], [-1.6774524, 51.6887865], [-1.6771193, 51.688726], [-1.6769355, 51.6887006], [-1.6766232, 51.688671], [-1.6791265, 51.6893936]]]}}, {"type": "Feature", "properties": {"water": "river", "name": "River Thames", "source_id": "osm/way/307772929", "source": "OpenStreetMap", "licence": "ODbL 1.0"}, "geometry": {"type": "Polygon", "coordinates": [[[-1.6690926, 51.6812674], [-1.6687575, 51.6811997], [-1.668306, 51.6810907], [-1.6680524, 51.6810369], [-1.6679186, 51.6810297], [-1.6675741, 51.6810111], [-1.6671273, 51.6810362], [-1.6690926, 51.6812674]]]}}, {"type": "Feature", "properties": {"water": "river", "name": "River Thames", "source_id": "osm/way/307772932", "source": "OpenStreetMap", "licence": "ODbL 1.0"}, "geometry": {"type": "Polygon", "coordinates": [[[-1.6797743, 51.6896342], [-1.6796554, 51.6895803], [-1.6793948, 51.6894951], [-1.6791265, 51.6893936], [-1.6797743, 51.6896342]]]}}, {"type": "Feature", "properties": {"water": "river", "name": "River Thames", "source_id": "osm/way/307772937", "source": "OpenStreetMap", "licence": "ODbL 1.0"}, "geometry": {"type": "Polygon", "coordinates": [[[-1.6690926, 51.6812674], [-1.6690005, 51.6811906], [-1.6687814, 51.680772], [-1.6686234, 51.6805361], [-1.6683306, 51.6804497], [-1.6673026, 51.6809899], [-1.6671273, 51.6810362], [-1.6690926, 51.6812674]]]}}, {"type": "Feature", "properties": {"water": "river", "name": "River Thames", "source_id": "osm/way/307772938", "source": "OpenStreetMap", "licence": "ODbL 1.0"}, "geometry": {"type": "Polygon", "coordinates": [[[-1.6773388, 51.689145], [-1.6772615, 51.68911], [-1.6772397, 51.6890942], [-1.6768765, 51.6888318], [-1.6766232, 51.688671], [-1.6773388, 51.689145]]]}}, {"type": "Feature", "properties": {"water": "river", "name": "River Thames", "source_id": "osm/way/307772939", "source": "OpenStreetMap", "licence": "ODbL 1.0"}, "geometry": {"type": "Polygon", "coordinates": [[[-1.6766232, 51.688671], [-1.6761123, 51.6883987], [-1.6758669, 51.6882347], [-1.6756488, 51.6879823], [-1.6754737, 51.6877912], [-1.6750514, 51.6873675], [-1.6750313, 51.6873467], [-1.6750213, 51.6873242], [-1.6750215, 51.6872973], [-1.6750333, 51.6872748], [-1.6750522, 51.6872569], [-1.6750827, 51.6872426], [-1.6751175, 51.6872328], [-1.6755472, 51.6871096], [-1.6758146, 51.6870247], [-1.6759754, 51.6869352], [-1.6760045, 51.6868706], [-1.6760073, 51.6868019], [-1.6759081, 51.6867153], [-1.6753446, 51.686426], [-1.6752798, 51.6863773], [-1.6752468, 51.6863394], [-1.6752212, 51.6862791], [-1.6752186, 51.6862422], [-1.6752276, 51.6861991], [-1.6753273, 51.6859998], [-1.6753161, 51.6859494], [-1.6752732, 51.6858836], [-1.6752358, 51.6858512], [-1.675184, 51.6858178], [-1.6751422, 51.6857988], [-1.675096, 51.6857833], [-1.6747003, 51.685695], [-1.6745762, 51.6856506], [-1.674484, 51.6855991], [-1.6744035, 51.6855342], [-1.6739181, 51.685041], [-1.6738751, 51.684986], [-1.6738393, 51.6849293], [-1.6738108, 51.6848699], [-1.6737827, 51.6847637], [-1.6738337, 51.6840958], [-1.6738575, 51.6840167], [-1.6738765, 51.6839799], [-1.6739028, 51.683944], [-1.6739422, 51.6839046], [-1.6739974, 51.6838634], [-1.6740599, 51.6838267], [-1.6742021, 51.6837632], [-1.6742934, 51.6837329], [-1.6744036, 51.6837054], [-1.6744991, 51.6836894], [-1.6745845, 51.6836816], [-1.6746684, 51.6836782], [-1.6747567, 51.6836821], [-1.6748448, 51.6836895], [-1.6749301, 51.683705], [-1.6750196, 51.6837277], [-1.6751018, 51.6837576], [-1.6751725, 51.6837911], [-1.6752243, 51.6838218], [-1.6752804, 51.6838633], [-1.675368, 51.6839499], [-1.6755981, 51.6841375], [-1.6756629, 51.6841782], [-1.6757249, 51.6842071], [-1.6758331, 51.6842443], [-1.6759993, 51.6842762], [-1.6760686, 51.6842827], [-1.6761222, 51.6842819], [-1.6761685, 51.684274], [-1.676212, 51.6842597], [-1.6762454, 51.6842391], [-1.6762775, 51.6842077], [-1.6763053, 51.6841566], [-1.6763217, 51.6840892], [-1.6763193, 51.6840217], [-1.6762995, 51.6839605], [-1.6762335, 51.6838749], [-1.6757636, 51.6834421], [-1.6755004, 51.6830394], [-1.675222, 51.6825316], [-1.67513, 51.6824432], [-1.6750667, 51.6823954], [-1.6749976, 51.682352], [-1.6748275, 51.6822697], [-1.674741, 51.6822389], [-1.674663, 51.6822189], [-1.6745792, 51.6822061], [-1.6744751, 51.6821995], [-1.6743753, 51.6822019], [-1.6742218, 51.6822213], [-1.6735535, 51.6822365], [-1.6734492, 51.6822569], [-1.6733897, 51.6822801], [-1.6733418, 51.6823097], [-1.6733039, 51.6823455], [-1.6732643, 51.68242], [-1.6731386, 51.6826022], [-1.673076, 51.6826578], [-1.673031, 51.6826837], [-1.672986, 51.6827016], [-1.6729208, 51.6827167], [-1.6728528, 51.6827264], [-1.6727588, 51.6827216], [-1.6726664, 51.682698], [-1.6724932, 51.6826117], [-1.6724128, 51.6825113], [-1.6723704, 51.6822198], [-1.6723289, 51.6821594], [-1.6722787, 51.6821017], [-1.6722155, 51.6820476], [-1.672132, 51.6819907], [-1.6720427, 51.6819446], [-1.6719518, 51.6819093], [-1.6718277, 51.681873], [-1.6716963, 51.6818429], [-1.6715864, 51.6818264], [-1.6714202, 51.6818116], [-1.6707736, 51.6818179], [-1.6697691, 51.6815193], [-1.6695932, 51.6814538], [-1.6766232, 51.688671]]]}}, {"type": "Feature", "properties": {"water": "river", "name": "River Thames", "source_id": "osm/way/307799986", "source": "OpenStreetMap", "licence": "ODbL 1.0"}, "geometry": {"type": "Polygon", "coordinates": [[[-1.6010728, 51.6888552], [-1.6007192, 51.6886216], [-1.5989581, 51.687945], [-1.5985842, 51.687936], [-1.5981648, 51.6881139], [-1.5976737, 51.6884425], [-1.5969284, 51.6887717], [-1.5962418, 51.6891385], [-1.595277, 51.6896404], [-1.5944871, 51.6901291], [-1.5939427, 51.6903456], [-1.5934236, 51.6905376], [-1.5925709, 51.6907624], [-1.5918936, 51.6909824], [-1.59136, 51.691203], [-1.5896929, 51.6919842], [-1.6010728, 51.6888552]]]}}, {"type": "Feature", "properties": {"water": "river", "name": "River Thames", "source_id": "osm/way/307935332", "source": "OpenStreetMap", "licence": "ODbL 1.0"}, "geometry": {"type": "Polygon", "coordinates": [[[-1.6104055, 51.6905733], [-1.6098466, 51.6906856], [-1.6093903, 51.6907101], [-1.6087553, 51.690744], [-1.608609, 51.690766], [-1.6085105, 51.6907882], [-1.6084263, 51.6908158], [-1.6083465, 51.690847], [-1.6082317, 51.6909086], [-1.6078775, 51.6912123], [-1.607679, 51.6914492], [-1.6104055, 51.6905733]]]}}, {"type": "Feature", "properties": {"water": "river", "name": "River Thames", "source_id": "osm/way/307935333", "source": "OpenStreetMap", "licence": "ODbL 1.0"}, "geometry": {"type": "Polygon", "coordinates": [[[-1.652893, 51.6814922], [-1.6526686, 51.6815212], [-1.6524527, 51.6815772], [-1.6523439, 51.6816129], [-1.652193, 51.6816754], [-1.6514866, 51.6821363], [-1.6511205, 51.6823366], [-1.6506501, 51.6825753], [-1.6503973, 51.6827202], [-1.6501401, 51.6828705], [-1.6497463, 51.6831121], [-1.6488844, 51.6836409], [-1.6482677, 51.6840832], [-1.652893, 51.6814922]]]}}, {"type": "Feature", "properties": {"water": "river", "name": "River Thames", "source_id": "osm/way/307935334", "source": "OpenStreetMap", "licence": "ODbL 1.0"}, "geometry": {"type": "Polygon", "coordinates": [[[-1.6104055, 51.6905733], [-1.6100825, 51.6907777], [-1.6089395, 51.6911302], [-1.6104055, 51.6905733]]]}}, {"type": "Feature", "properties": {"water": "river", "name": "River Thames", "source_id": "osm/way/307935335", "source": "OpenStreetMap", "licence": "ODbL 1.0"}, "geometry": {"type": "Polygon", "coordinates": [[[-1.607679, 51.6914492], [-1.6072032, 51.6918951], [-1.6071131, 51.6919461], [-1.6070259, 51.6919926], [-1.6069461, 51.6920211], [-1.6067546, 51.6920807], [-1.6062108, 51.6922335], [-1.6060587, 51.6922519], [-1.6059574, 51.6922578], [-1.605846, 51.6922565], [-1.605632, 51.692236], [-1.6053403, 51.6921838], [-1.6047691, 51.6919814], [-1.6043526, 51.6918002], [-1.6038905, 51.6915352], [-1.6038404, 51.6914802], [-1.6038233, 51.6914432], [-1.6038239, 51.6913821], [-1.6040298, 51.6909953], [-1.6040159, 51.6909269], [-1.6039845, 51.6908818], [-1.6039385, 51.6908421], [-1.603878, 51.6908113], [-1.6037698, 51.6907813], [-1.6029085, 51.6906723], [-1.6027771, 51.690644], [-1.6026776, 51.6906122], [-1.602568, 51.6905677], [-1.6024269, 51.6904899], [-1.602266, 51.6903653], [-1.6014657, 51.689744], [-1.6013796, 51.6896601], [-1.6013123, 51.6895826], [-1.6012551, 51.6895023], [-1.6012024, 51.6894086], [-1.6011599, 51.6893087], [-1.6010728, 51.6888552], [-1.607679, 51.6914492]]]}}, {"type": "Feature", "properties": {"water": "river", "name": "River Thames", "source_id": "osm/way/307935336", "source": "OpenStreetMap", "licence": "ODbL 1.0"}, "geometry": {"type": "Polygon", "coordinates": [[[-1.6482677, 51.6840832], [-1.6477138, 51.6844439], [-1.647496, 51.6845557], [-1.6473305, 51.6846289], [-1.6472058, 51.6846771], [-1.6470361, 51.6847323], [-1.6468143, 51.6847946], [-1.6466317, 51.6848363], [-1.6464868, 51.6848646], [-1.6462913, 51.6848964], [-1.6460958, 51.6849219], [-1.6458657, 51.6849446], [-1.6453661, 51.6850096], [-1.6447795, 51.6851139], [-1.6443418, 51.6852286], [-1.6439096, 51.6853666], [-1.6436937, 51.6854154], [-1.6428607, 51.685581], [-1.6426842, 51.6855796], [-1.6425888, 51.6855712], [-1.6424877, 51.6855556], [-1.642388, 51.6855347], [-1.6423014, 51.6855101], [-1.6418947, 51.685365], [-1.6418643, 51.6853586], [-1.6417906, 51.6853494], [-1.6416967, 51.6853437], [-1.6416012, 51.6853461], [-1.6414998, 51.6853602], [-1.6414129, 51.6853788], [-1.6412968, 51.6854198], [-1.6412358, 51.6854502], [-1.641169, 51.6854932], [-1.6411326, 51.6855191], [-1.6409913, 51.6856473], [-1.6408255, 51.6857547], [-1.6407064, 51.6858119], [-1.6405672, 51.6858654], [-1.6404178, 51.685909], [-1.6403019, 51.6859392], [-1.6401207, 51.6859773], [-1.6400961, 51.6859862], [-1.639945, 51.6860622], [-1.6398636, 51.686115], [-1.6397675, 51.6861956], [-1.6394401, 51.6866235], [-1.6392553, 51.6867596], [-1.6391551, 51.6868042], [-1.6390841, 51.6868247], [-1.6389624, 51.6868459], [-1.6385098, 51.6868265], [-1.6379252, 51.6868472], [-1.6372514, 51.6868181], [-1.6368021, 51.6867484], [-1.6366863, 51.6867499], [-1.6366197, 51.6867605], [-1.6365733, 51.6867747], [-1.6364847, 51.6868221], [-1.6363114, 51.6869645], [-1.636005, 51.6872944], [-1.6356894, 51.6875002], [-1.635543, 51.6875394], [-1.6354735, 51.687549], [-1.6353592, 51.6875523], [-1.635219, 51.6875366], [-1.6351872, 51.6875302], [-1.6348972, 51.687434], [-1.6343784, 51.6871887], [-1.634076, 51.6870214], [-1.6339699, 51.6869015], [-1.6338078, 51.6865575], [-1.6335234, 51.6863148], [-1.6334138, 51.6862704], [-1.633346, 51.6862486], [-1.6332319, 51.6862212], [-1.6323766, 51.6860927], [-1.6322871, 51.6860735], [-1.6321788, 51.6860417], [-1.6319914, 51.6859665], [-1.6314982, 51.6857807], [-1.6310284, 51.6855697], [-1.6299284, 51.6849323], [-1.6298825, 51.6848881], [-1.6298539, 51.6848494], [-1.6298369, 51.684808], [-1.6298288, 51.6847297], [-1.6298363, 51.684701], [-1.6298715, 51.6846337], [-1.6299226, 51.6845826], [-1.6300986, 51.6844581], [-1.6303383, 51.6843366], [-1.6303631, 51.6843133], [-1.6303967, 51.6842658], [-1.6304144, 51.6842227], [-1.630419, 51.6841903], [-1.6304066, 51.6841228], [-1.630368, 51.6840661], [-1.6303076, 51.6840146], [-1.6302515, 51.6839857], [-1.6301389, 51.6839485], [-1.6296117, 51.6838605], [-1.6294093, 51.6838464], [-1.6288412, 51.6838068], [-1.6286633, 51.683808], [-1.6284172, 51.6838306], [-1.6283158, 51.6838465], [-1.627926, 51.6839298], [-1.6271631, 51.6841863], [-1.6247447, 51.6847037], [-1.6245808, 51.6847491], [-1.6244894, 51.6847856], [-1.6244037, 51.6848267], [-1.6243412, 51.6848652], [-1.6242917, 51.6848992], [-1.623904, 51.685254], [-1.6238037, 51.6853184], [-1.6237253, 51.6853541], [-1.623602, 51.6853897], [-1.6229009, 51.6855124], [-1.6227629, 51.6855902], [-1.6221911, 51.6858123], [-1.6215445, 51.6859909], [-1.620924, 51.6861462], [-1.6200634, 51.6863197], [-1.6185071, 51.6868101], [-1.617514, 51.6870811], [-1.6150242, 51.6876268], [-1.6148588, 51.687682], [-1.6147208, 51.6877481], [-1.6146568, 51.6877892], [-1.6146, 51.6878304], [-1.6144119, 51.6880096], [-1.6134557, 51.6886916], [-1.613179, 51.6889119], [-1.6130155, 51.6890777], [-1.612754, 51.6893789], [-1.6125354, 51.689567], [-1.6482677, 51.6840832]]]}}, {"type": "Feature", "properties": {"water": "river", "name": "River Thames", "source_id": "osm/way/315120893", "source": "OpenStreetMap", "licence": "ODbL 1.0"}, "geometry": {"type": "Polygon", "coordinates": [[[-1.3727369, 51.7392462], [-1.3717614, 51.7404289], [-1.3711102, 51.7412782], [-1.3704899, 51.7415006], [-1.3694775, 51.7416963], [-1.3690923, 51.7418247], [-1.3688258, 51.7419952], [-1.3686392, 51.742379], [-1.3685034, 51.7432772], [-1.3683985, 51.7436556], [-1.3676021, 51.7446762], [-1.367161, 51.7453853], [-1.3669293, 51.7455553], [-1.3659045, 51.7460483], [-1.3654165, 51.7463373], [-1.3727369, 51.7392462]]]}}, {"type": "Feature", "properties": {"water": "river", "name": "River Thames", "source_id": "osm/way/315216756", "source": "OpenStreetMap", "licence": "ODbL 1.0"}, "geometry": {"type": "Polygon", "coordinates": [[[-1.4455764, 51.7120578], [-1.4455015, 51.7120603], [-1.4454085, 51.7120633], [-1.4452595, 51.7120518], [-1.4451136, 51.7120277], [-1.4449852, 51.7119975], [-1.4448396, 51.7119473], [-1.4443518, 51.7117157], [-1.4442279, 51.7116729], [-1.4441773, 51.711661], [-1.4441253, 51.7116526], [-1.4440675, 51.7116515], [-1.4439993, 51.7116592], [-1.4439224, 51.7116768], [-1.4438294, 51.7117106], [-1.4437493, 51.711748], [-1.4436588, 51.7118123], [-1.4433456, 51.7120949], [-1.4432346, 51.7121789], [-1.4431441, 51.7122396], [-1.443077, 51.7122762], [-1.4429956, 51.7123108], [-1.4429084, 51.7123401], [-1.4428024, 51.7123666], [-1.4426674, 51.7123938], [-1.4425384, 51.712413], [-1.4424486, 51.7124215], [-1.4424155, 51.712421], [-1.4422981, 51.712419], [-1.442207, 51.7124069], [-1.4420814, 51.7123784], [-1.4419401, 51.7123355], [-1.4418191, 51.7122909], [-1.4417069, 51.7122355], [-1.4415231, 51.7121177], [-1.441115, 51.7118766], [-1.4455764, 51.7120578]]]}}, {"type": "Feature", "properties": {"water": "river", "name": "River Thames", "source_id": "osm/way/315216763", "source": "OpenStreetMap", "licence": "ODbL 1.0"}, "geometry": {"type": "Polygon", "coordinates": [[[-1.4223371, 51.7101692], [-1.4216007, 51.7102555], [-1.4214063, 51.7102941], [-1.4212526, 51.7103167], [-1.4210831, 51.7103303], [-1.4208818, 51.7103365], [-1.4206923, 51.710332], [-1.4204928, 51.7103157], [-1.4201287, 51.7102671], [-1.4199913, 51.7102557], [-1.4193078, 51.7102892], [-1.4191791, 51.7102822], [-1.4185372, 51.7101118], [-1.4184076, 51.7100599], [-1.4180727, 51.709968], [-1.4177331, 51.7098417], [-1.417449, 51.7098745], [-1.4173139, 51.7098715], [-1.4167284, 51.7098583], [-1.4163973, 51.7098369], [-1.4157461, 51.7097213], [-1.4153462, 51.7096428], [-1.4150936, 51.7095885], [-1.414971, 51.7095556], [-1.4145242, 51.7094095], [-1.4142834, 51.7093435], [-1.414116, 51.7093031], [-1.4137565, 51.7092339], [-1.4132668, 51.7091631], [-1.4129272, 51.7091237], [-1.4122521, 51.7090682], [-1.4120165, 51.7090445], [-1.4118041, 51.7090183], [-1.4116467, 51.7089923], [-1.4115312, 51.7089674], [-1.4113813, 51.708919], [-1.4110516, 51.7087879], [-1.4100964, 51.708347], [-1.4098285, 51.7082477], [-1.4094536, 51.7081352], [-1.4223371, 51.7101692]]]}}, {"type": "Feature", "properties": {"water": "river", "name": "River Thames", "source_id": "osm/way/315824176", "source": "OpenStreetMap", "licence": "ODbL 1.0"}, "geometry": {"type": "Polygon", "coordinates": [[[-1.6125354, 51.689567], [-1.6119711, 51.6899203], [-1.6104055, 51.6905733], [-1.6125354, 51.689567]]]}}, {"type": "Feature", "properties": {"water": "river", "name": "River Thames", "source_id": "osm/way/335062145", "source": "OpenStreetMap", "licence": "ODbL 1.0"}, "geometry": {"type": "Polygon", "coordinates": [[[0.3696011, 51.4483851], [0.3700026, 51.4483951], [0.3715388, 51.4484045], [0.3730971, 51.4484242], [0.3743769, 51.4484289], [0.375375, 51.4484158], [0.3757698, 51.448424], [0.376265, 51.4484526], [0.3787898, 51.448486], [0.3796058, 51.4484856], [0.3809224, 51.4484603], [0.3820329, 51.448439], [0.3831029, 51.4484235], [0.3836365, 51.4484163], [0.384933, 51.4484115], [0.3871284, 51.4483668], [0.3881904, 51.4483622], [0.3895372, 51.4483564], [0.3907426, 51.4483426], [0.3917211, 51.4483719], [0.3696011, 51.4483851]]]}}, {"type": "Feature", "properties": {"water": "river", "name": "River Thames", "source_id": "osm/way/335115078", "source": "OpenStreetMap", "licence": "ODbL 1.0"}, "geometry": {"type": "Polygon", "coordinates": [[[0.3917211, 51.4483719], [0.3917603, 51.4483731], [0.3930556, 51.4483988], [0.3947813, 51.4483995], [0.3983019, 51.4484579], [0.400511, 51.448481], [0.4006427, 51.4484819], [0.3917211, 51.4483719]]]}}, {"type": "Feature", "properties": {"water": "river", "name": "River Thames", "source_id": "osm/way/335124152", "source": "OpenStreetMap", "licence": "ODbL 1.0"}, "geometry": {"type": "Polygon", "coordinates": [[[0.4006427, 51.4484819], [0.400678, 51.4484821], [0.4017655, 51.4484715], [0.4024548, 51.4484952], [0.4033924, 51.4485353], [0.4043331, 51.4485799], [0.4052698, 51.448629], [0.4067438, 51.4487147], [0.4088473, 51.4488361], [0.4108773, 51.4490129], [0.4120333, 51.4491537], [0.4122894, 51.4492069], [0.4139356, 51.4495003], [0.4158171, 51.4498869], [0.4173639, 51.450177], [0.419288, 51.4506086], [0.4209768, 51.4509694], [0.423811, 51.4515961], [0.4255876, 51.4520117], [0.4006427, 51.4484819]]]}}, {"type": "Feature", "properties": {"water": "river", "name": "River Thames", "source_id": "osm/way/345114827", "source": "OpenStreetMap", "licence": "ODbL 1.0"}, "geometry": {"type": "Polygon", "coordinates": [[[-1.7036804, 51.6860216], [-1.7036729, 51.6860638], [-1.7036798, 51.686107], [-1.7037012, 51.6861484], [-1.7039684, 51.6864413], [-1.7036804, 51.6860216]]]}}, {"type": "Feature", "properties": {"water": "river", "name": "River Thames", "source_id": "osm/way/345114828", "source": "OpenStreetMap", "licence": "ODbL 1.0"}, "geometry": {"type": "Polygon", "coordinates": [[[-1.6973194, 51.6915503], [-1.6968445, 51.6920382], [-1.6967051, 51.6921079], [-1.6965905, 51.6921553], [-1.6964687, 51.6921954], [-1.6963368, 51.6922311], [-1.6961992, 51.6922595], [-1.6960645, 51.6922789], [-1.6958561, 51.6922955], [-1.6951943, 51.6923891], [-1.6947279, 51.6925172], [-1.6945233, 51.6925734], [-1.6937469, 51.6927018], [-1.6936601, 51.6927087], [-1.6935574, 51.6927094], [-1.6934533, 51.6927019], [-1.6933535, 51.6926846], [-1.6932712, 51.6926637], [-1.6932077, 51.692641], [-1.69315, 51.6926166], [-1.692784, 51.6924089], [-1.6926425, 51.6923554], [-1.69254, 51.6923309], [-1.6923839, 51.6923116], [-1.6914474, 51.6921716], [-1.6905668, 51.6920973], [-1.6900998, 51.6920574], [-1.6893922, 51.6920799], [-1.688603, 51.6921911], [-1.6885625, 51.6921883], [-1.6884715, 51.6921709], [-1.6883776, 51.6921455], [-1.688304, 51.6921147], [-1.6882349, 51.6920759], [-1.6881687, 51.6920218], [-1.6879335, 51.6917181], [-1.6878242, 51.6916207], [-1.6876557, 51.6915106], [-1.6876053, 51.6914844], [-1.6874322, 51.6914129], [-1.687077, 51.6913077], [-1.6869441, 51.691274], [-1.6865974, 51.691203], [-1.686002, 51.691116], [-1.6858487, 51.6911093], [-1.6855246, 51.6911165], [-1.6853509, 51.6911322], [-1.6851554, 51.6911596], [-1.6850091, 51.6911853], [-1.6848134, 51.6912441], [-1.684738, 51.6912601], [-1.6845788, 51.6912731], [-1.6844544, 51.6912656], [-1.6843576, 51.6912482], [-1.6842436, 51.6912183], [-1.6841599, 51.6911875], [-1.6841036, 51.6911622], [-1.6840258, 51.691117], [-1.683925, 51.6910502], [-1.6838531, 51.690996], [-1.683751, 51.6909041], [-1.6834597, 51.6905634], [-1.6832334, 51.6902301], [-1.6830723, 51.6901065], [-1.6973194, 51.6915503]]]}}, {"type": "Feature", "properties": {"water": "river", "name": "River Thames", "source_id": "osm/way/345114830", "source": "OpenStreetMap", "licence": "ODbL 1.0"}, "geometry": {"type": "Polygon", "coordinates": [[[-1.7193275, 51.6698389], [-1.7189535, 51.6699846], [-1.7185715, 51.6702633], [-1.7180867, 51.6705598], [-1.7178715, 51.6707553], [-1.7177553, 51.6708386], [-1.7176754, 51.6708843], [-1.7175913, 51.6709245], [-1.7174768, 51.6709674], [-1.717358, 51.6710031], [-1.7172016, 51.6710369], [-1.7167284, 51.6711041], [-1.7159395, 51.6712262], [-1.7159221, 51.6712289], [-1.7148123, 51.6713458], [-1.7140478, 51.6715049], [-1.7136, 51.6716584], [-1.7132983, 51.6717953], [-1.7131998, 51.6718256], [-1.7130477, 51.6718621], [-1.7129175, 51.6718833], [-1.7128249, 51.671893], [-1.7127034, 51.6718972], [-1.7125674, 51.6718942], [-1.7125096, 51.6718904], [-1.7121846, 51.6718447], [-1.7115373, 51.6717451], [-1.7114637, 51.6717251], [-1.7113958, 51.671716], [-1.711325, 51.6717131], [-1.7112208, 51.6717227], [-1.7111382, 51.6717468], [-1.7110685, 51.6717898], [-1.7110306, 51.671841], [-1.7109284, 51.6722174], [-1.7108732, 51.6724888], [-1.710855, 51.6728449], [-1.7108791, 51.6731515], [-1.7109061, 51.6734582], [-1.7110158, 51.6739395], [-1.7112842, 51.6747224], [-1.7112997, 51.6747809], [-1.7112994, 51.6748339], [-1.7112875, 51.6748761], [-1.7112641, 51.6749174], [-1.7108808, 51.6753903], [-1.7107122, 51.6757469], [-1.7106422, 51.6758348], [-1.7105913, 51.6758805], [-1.7104911, 51.675945], [-1.7104853, 51.6759486], [-1.7104128, 51.6759817], [-1.7103186, 51.6760147], [-1.7101622, 51.6760503], [-1.7097058, 51.6761706], [-1.7096288, 51.6762288], [-1.7095909, 51.6762773], [-1.7095646, 51.6763285], [-1.7095542, 51.6763725], [-1.7095596, 51.6764256], [-1.7095752, 51.6764768], [-1.7096038, 51.6765282], [-1.7096396, 51.6765777], [-1.7096741, 51.6766129], [-1.7097604, 51.6766805], [-1.7102103, 51.6771276], [-1.7102504, 51.6771879], [-1.7102631, 51.6772356], [-1.7102657, 51.6772851], [-1.7102582, 51.6773219], [-1.7102377, 51.6773596], [-1.7102013, 51.6774027], [-1.7100879, 51.6774941], [-1.7100313, 51.6775281], [-1.7095699, 51.6777563], [-1.7094813, 51.6778163], [-1.7093939, 51.6779078], [-1.7093676, 51.6779527], [-1.7093367, 51.6780407], [-1.7093374, 51.6781468], [-1.709478, 51.6787847], [-1.7091952, 51.679131], [-1.7088853, 51.6794216], [-1.7088692, 51.6794476], [-1.7088573, 51.6794907], [-1.7088599, 51.6795456], [-1.7088813, 51.6795933], [-1.7089172, 51.6796329], [-1.7089661, 51.6796672], [-1.7090238, 51.6796925], [-1.7092072, 51.6797451], [-1.7093559, 51.6797851], [-1.7094628, 51.6798078], [-1.7095364, 51.6798314], [-1.7096056, 51.6798621], [-1.7096632, 51.6798973], [-1.7097107, 51.6799361], [-1.7097466, 51.6799784], [-1.7098066, 51.6800919], [-1.7098193, 51.6801405], [-1.7098219, 51.6801881], [-1.7098084, 51.6802609], [-1.7097759, 51.6803714], [-1.7097304, 51.680481], [-1.7096938, 51.6805502], [-1.7096149, 51.6806651], [-1.7093913, 51.6810358], [-1.7093806, 51.6811176], [-1.7093945, 51.6812031], [-1.7094388, 51.6812931], [-1.709479, 51.68134], [-1.7095365, 51.6813931], [-1.7096589, 51.6814789], [-1.7096833, 51.6815095], [-1.7096976, 51.6815392], [-1.709703, 51.6815977], [-1.7096737, 51.6816533], [-1.7096373, 51.6816919], [-1.7095631, 51.6817583], [-1.7094469, 51.6818335], [-1.7092929, 51.6819518], [-1.7091387, 51.6820881], [-1.7089816, 51.6822289], [-1.7086497, 51.6825562], [-1.7085404, 51.6826845], [-1.7084676, 51.6827554], [-1.7083585, 51.6828477], [-1.7082699, 51.682914], [-1.708235, 51.6829373], [-1.7074468, 51.6833777], [-1.7072192, 51.6834509], [-1.7071427, 51.6834318], [-1.7193275, 51.6698389]]]}}, {"type": "Feature", "properties": {"water": "river", "name": "River Thames", "source_id": "osm/way/345129855", "source": "OpenStreetMap", "licence": "ODbL 1.0"}, "geometry": {"type": "Polygon", "coordinates": [[[-1.7575278, 51.6630834], [-1.7574238, 51.6630607], [-1.7565582, 51.6629762], [-1.7555963, 51.6628016], [-1.7545738, 51.6625962], [-1.7544713, 51.6625663], [-1.7543617, 51.6625122], [-1.7542754, 51.6624392], [-1.7541878, 51.6623275], [-1.7541518, 51.6623022], [-1.7540782, 51.6622625], [-1.7540061, 51.6622363], [-1.7539382, 51.6622209], [-1.7538703, 51.6621938], [-1.7537726, 51.6621719], [-1.7536459, 51.6621657], [-1.7535192, 51.6621667], [-1.7533835, 51.6621924], [-1.7532578, 51.6622461], [-1.7531167, 51.6623008], [-1.7529898, 51.6624096], [-1.7529957, 51.6625245], [-1.7529906, 51.6626134], [-1.753023, 51.6626591], [-1.7530435, 51.6627057], [-1.7530618, 51.662747], [-1.7530796, 51.6628004], [-1.7530813, 51.6628486], [-1.753067, 51.6629087], [-1.7530326, 51.6629588], [-1.7529083, 51.6630256], [-1.7527468, 51.6630242], [-1.7524428, 51.6630419], [-1.7523745, 51.6630456], [-1.7523117, 51.6630407], [-1.7522478, 51.6630215], [-1.7521952, 51.6629902], [-1.7520947, 51.662954], [-1.7519123, 51.662837], [-1.7518242, 51.6628161], [-1.7517548, 51.6628097], [-1.7516854, 51.6628096], [-1.7516276, 51.6628157], [-1.7515698, 51.662824], [-1.7515163, 51.6628353], [-1.7514028, 51.6628617], [-1.751326, 51.6629089], [-1.7511804, 51.6631502], [-1.7511543, 51.6631708], [-1.7510658, 51.6632191], [-1.7510108, 51.6632379], [-1.7509413, 51.663253], [-1.7508603, 51.663261], [-1.7507779, 51.663259], [-1.7507086, 51.663249], [-1.7506551, 51.6632363], [-1.7505787, 51.6632046], [-1.7503005, 51.6630404], [-1.7502515, 51.6630205], [-1.7502039, 51.6630069], [-1.7500969, 51.6629959], [-1.7500116, 51.6630047], [-1.7499377, 51.6630315], [-1.7498796, 51.6630728], [-1.7497763, 51.6631957], [-1.7497486, 51.6632415], [-1.749721, 51.6632657], [-1.7496891, 51.663281], [-1.7496485, 51.6632935], [-1.749555, 51.6633329], [-1.7492851, 51.6633206], [-1.7485842, 51.6633334], [-1.7480306, 51.6633428], [-1.7476888, 51.6633889], [-1.7474777, 51.6634174], [-1.7465347, 51.6637399], [-1.7456703, 51.6639745], [-1.7450711, 51.6640766], [-1.744993, 51.6640792], [-1.7449467, 51.6640863], [-1.7448946, 51.6641005], [-1.744841, 51.6641238], [-1.7448003, 51.6641507], [-1.7447683, 51.664183], [-1.7447479, 51.6642216], [-1.744739, 51.6642558], [-1.7447417, 51.6642863], [-1.7448545, 51.6645383], [-1.7448586, 51.6645806], [-1.7448468, 51.6646219], [-1.7448235, 51.6646596], [-1.7447872, 51.6646937], [-1.7446929, 51.664743], [-1.7445423, 51.6647885], [-1.7429159, 51.6652705], [-1.742156, 51.6654136], [-1.7420966, 51.6654305], [-1.7420343, 51.6654583], [-1.7419792, 51.6654914], [-1.7419385, 51.6655291], [-1.7419064, 51.6655695], [-1.74188, 51.6656449], [-1.7418526, 51.665876], [-1.741838, 51.6659092], [-1.7418132, 51.6659469], [-1.7417725, 51.6659873], [-1.7417173, 51.6660249], [-1.7416666, 51.66605], [-1.7415623, 51.6660794], [-1.7414943, 51.666091], [-1.7414249, 51.6660962], [-1.7413049, 51.6660932], [-1.740659, 51.6660217], [-1.740591, 51.6660224], [-1.7404998, 51.666042], [-1.7404563, 51.6660635], [-1.7404142, 51.666094], [-1.7403909, 51.6661263], [-1.7403791, 51.6661649], [-1.7403932, 51.6662315], [-1.7405896, 51.6665206], [-1.7406052, 51.6665691], [-1.7406064, 51.6666132], [-1.7405946, 51.6666545], [-1.7405698, 51.6666949], [-1.7405247, 51.6667416], [-1.7404594, 51.6667945], [-1.7403868, 51.6668402], [-1.7403099, 51.6668796], [-1.7401694, 51.6669296], [-1.7398293, 51.66699], [-1.7396815, 51.6670418], [-1.7396061, 51.6670812], [-1.7395001, 51.667161], [-1.7393894, 51.6672884], [-1.739353, 51.6673477], [-1.7393079, 51.6673854], [-1.7392615, 51.6674104], [-1.7392253, 51.667423], [-1.7391775, 51.6674318], [-1.739124, 51.6674362], [-1.7391168, 51.6674371], [-1.7390084, 51.6674261], [-1.7385979, 51.6674018], [-1.7378394, 51.6672976], [-1.7377584, 51.6672911], [-1.7374881, 51.6672842], [-1.7373579, 51.6672893], [-1.7371843, 51.6673024], [-1.7369166, 51.6673405], [-1.7362865, 51.6675414], [-1.7361779, 51.667569], [-1.7359737, 51.6676135], [-1.7357899, 51.6676455], [-1.7356221, 51.6676667], [-1.7354861, 51.6676753], [-1.7353878, 51.6676751], [-1.7352895, 51.6676695], [-1.7350497, 51.6676339], [-1.7344563, 51.667477], [-1.7343538, 51.6674516], [-1.7342426, 51.6674361], [-1.7341298, 51.6674295], [-1.7340358, 51.6674311], [-1.7333659, 51.6675087], [-1.7330364, 51.6674882], [-1.7316586, 51.6674482], [-1.73154, 51.6674524], [-1.7314214, 51.6674629], [-1.731281, 51.6674887], [-1.7305683, 51.6677064], [-1.7304207, 51.6677313], [-1.7303541, 51.6677356], [-1.7301879, 51.6677298], [-1.7301157, 51.6677198], [-1.730029, 51.6676998], [-1.7299222, 51.6676645], [-1.7296023, 51.6674866], [-1.7295532, 51.6674667], [-1.7294984, 51.6674513], [-1.7294406, 51.6674404], [-1.7293828, 51.6674358], [-1.7293235, 51.6674365], [-1.7292193, 51.6674534], [-1.7291266, 51.6674873], [-1.7290467, 51.6675384], [-1.7287711, 51.6676978], [-1.7287333, 51.6677274], [-1.7287057, 51.6677426], [-1.7286261, 51.667764], [-1.7285899, 51.6677675], [-1.7285422, 51.6677647], [-1.7284873, 51.667752], [-1.7284282, 51.667724], [-1.7283706, 51.6676861], [-1.7283361, 51.6676501], [-1.7283146, 51.6676167], [-1.7282422, 51.6674008], [-1.7281719, 51.6673143], [-1.728133, 51.6672845], [-1.7280494, 51.6672412], [-1.7279931, 51.6672204], [-1.7279339, 51.6672068], [-1.7278097, 51.6671921], [-1.7276665, 51.6671944], [-1.7275667, 51.6672068], [-1.7274639, 51.6672308], [-1.7273682, 51.6672657], [-1.7272769, 51.6673104], [-1.7272072, 51.6673525], [-1.72712, 51.6674269], [-1.7270661, 51.6674907], [-1.7267897, 51.6677678], [-1.726691, 51.6678369], [-1.7266272, 51.66787], [-1.7265706, 51.6678932], [-1.7264939, 51.6679164], [-1.7264142, 51.6679351], [-1.7263491, 51.6679449], [-1.7261784, 51.6679543], [-1.7251439, 51.6680607], [-1.7250355, 51.6680641], [-1.7249703, 51.668072], [-1.7249095, 51.6680845], [-1.7248284, 51.6681103], [-1.7247501, 51.6681461], [-1.7246906, 51.6681819], [-1.7246484, 51.6682196], [-1.7246207, 51.6682618], [-1.7246089, 51.6683067], [-1.7246101, 51.6683472], [-1.7246214, 51.6683814], [-1.7247059, 51.6685263], [-1.7247158, 51.6685632], [-1.7247141, 51.6686064], [-1.7247022, 51.6686486], [-1.7246774, 51.6686836], [-1.7246396, 51.6687177], [-1.7245787, 51.6687535], [-1.7244946, 51.668792], [-1.7244048, 51.6688232], [-1.7243106, 51.6688473], [-1.7242296, 51.6688615], [-1.724095, 51.6688711], [-1.7239895, 51.6688681], [-1.7233993, 51.6689], [-1.7232198, 51.6689463], [-1.7231386, 51.6689749], [-1.7230458, 51.6690188], [-1.7229588, 51.6690671], [-1.7228978, 51.6691101], [-1.7228382, 51.6691612], [-1.7227435, 51.6692698], [-1.722577, 51.6695409], [-1.7225479, 51.6695741], [-1.7225043, 51.6696136], [-1.7224433, 51.6696557], [-1.7223737, 51.6696924], [-1.7223099, 51.6697183], [-1.7222432, 51.6697371], [-1.7221564, 51.6697557], [-1.7220594, 51.6697672], [-1.7219741, 51.6697697], [-1.7219033, 51.6697641], [-1.7218181, 51.6697459], [-1.7217358, 51.6697197], [-1.7216738, 51.6696899], [-1.7216349, 51.6696637], [-1.721589, 51.6696132], [-1.7215662, 51.6695484], [-1.7215664, 51.6695116], [-1.7215753, 51.6694756], [-1.7215944, 51.6694325], [-1.7215428, 51.6691186], [-1.7215242, 51.6690853], [-1.7214783, 51.6690276], [-1.7214323, 51.6689835], [-1.7213776, 51.6689429], [-1.7212998, 51.6688986], [-1.7212234, 51.6688625], [-1.7211585, 51.6688417], [-1.7210978, 51.6688298], [-1.7209821, 51.668826], [-1.7208693, 51.6688428], [-1.7208214, 51.6688571], [-1.7204052, 51.6690539], [-1.7200493, 51.6693201], [-1.7197914, 51.6696404], [-1.7195882, 51.669764], [-1.7195331, 51.6697936], [-1.7193275, 51.6698389], [-1.7575278, 51.6630834]]]}}, {"type": "Feature", "properties": {"water": "river", "name": "River Thames", "source_id": "osm/way/345134254", "source": "OpenStreetMap", "licence": "ODbL 1.0"}, "geometry": {"type": "Polygon", "coordinates": [[[-1.7990923, 51.6625018], [-1.7990203, 51.6624468], [-1.798967, 51.6623937], [-1.7989584, 51.6623802], [-1.7989282, 51.6623361], [-1.7989025, 51.6622731], [-1.7988883, 51.6622038], [-1.7988886, 51.6621283], [-1.7989254, 51.6619989], [-1.7989284, 51.6619647], [-1.7989215, 51.6618919], [-1.7989002, 51.66181], [-1.79886, 51.6617299], [-1.7988069, 51.6616516], [-1.7987047, 51.6615436], [-1.7984784, 51.6614029], [-1.7980151, 51.6612187], [-1.7974883, 51.6610299], [-1.7990923, 51.6625018]]]}}, {"type": "Feature", "properties": {"water": "river", "name": "River Thames", "source_id": "osm/way/345134256", "source": "OpenStreetMap", "licence": "ODbL 1.0"}, "geometry": {"type": "Polygon", "coordinates": [[[-1.7912814, 51.663943], [-1.7913447, 51.6640222], [-1.7913676, 51.6640744], [-1.7913774, 51.6641329], [-1.7913685, 51.6641931], [-1.7913319, 51.6642838], [-1.791328, 51.6644058], [-1.7911479, 51.6646313], [-1.7909233, 51.6648028], [-1.7908537, 51.6649138], [-1.7907103, 51.6650661], [-1.7904217, 51.6653074], [-1.7902164, 51.6653914], [-1.7901423, 51.6654811], [-1.7899909, 51.6656949], [-1.7898324, 51.6658924], [-1.789707, 51.6661223], [-1.7896645, 51.6662463], [-1.7896149, 51.6663308], [-1.7895553, 51.6664035], [-1.7894929, 51.6664627], [-1.7893782, 51.66659], [-1.7891948, 51.6667335], [-1.7886286, 51.6669988], [-1.7912814, 51.663943]]]}}, {"type": "Feature", "properties": {"water": "river", "name": "River Thames", "source_id": "osm/way/345134257", "source": "OpenStreetMap", "licence": "ODbL 1.0"}, "geometry": {"type": "Polygon", "coordinates": [[[-1.7886286, 51.6669988], [-1.788569, 51.667044], [-1.7884073, 51.6671145], [-1.787657, 51.6672724], [-1.7872376, 51.6673457], [-1.7868655, 51.6674288], [-1.7862414, 51.6675344], [-1.7859908, 51.6675758], [-1.7857883, 51.6676289], [-1.7855952, 51.6676537], [-1.7851851, 51.6676921], [-1.7848135, 51.667767], [-1.7845361, 51.6678134], [-1.7842403, 51.6679242], [-1.7829259, 51.668526], [-1.7825011, 51.6687515], [-1.7821722, 51.6689156], [-1.7816457, 51.6690719], [-1.7812609, 51.6691609], [-1.781076, 51.6691764], [-1.7809039, 51.6691878], [-1.7806743, 51.6691763], [-1.7799919, 51.6691661], [-1.7780343, 51.6691102], [-1.7776813, 51.6691464], [-1.7772973, 51.6693129], [-1.7772262, 51.6693542], [-1.777177, 51.6693721], [-1.7771234, 51.6693845], [-1.7770583, 51.6693898], [-1.7770005, 51.6693879], [-1.7769384, 51.6693761], [-1.7768431, 51.6693409], [-1.7763437, 51.6690681], [-1.7755625, 51.6686398], [-1.7751335, 51.6685617], [-1.7748383, 51.6684414], [-1.7746692, 51.6683036], [-1.7746287, 51.6682892], [-1.7745609, 51.6682692], [-1.774493, 51.6682574], [-1.7743672, 51.6682527], [-1.7742963, 51.6682615], [-1.7741617, 51.6682955], [-1.7738027, 51.6683721], [-1.7737332, 51.6683917], [-1.7736797, 51.6683988], [-1.7736232, 51.6684014], [-1.7735741, 51.6683968], [-1.7735192, 51.6683841], [-1.7734644, 51.6683633], [-1.7734154, 51.6683318], [-1.7733765, 51.6682948], [-1.7733048, 51.6682388], [-1.7731148, 51.6680003], [-1.7730442, 51.6679543], [-1.772949, 51.6679173], [-1.7728767, 51.6679028], [-1.7728016, 51.6678945], [-1.7725876, 51.6678959], [-1.7712557, 51.6679338], [-1.7709591, 51.667971], [-1.7706668, 51.6680073], [-1.7705597, 51.6680268], [-1.7704917, 51.6680285], [-1.7704339, 51.668023], [-1.7703805, 51.6680094], [-1.7703242, 51.6679877], [-1.7702867, 51.667967], [-1.7702723, 51.667957], [-1.770019, 51.6677252], [-1.7696061, 51.6670225], [-1.7690961, 51.6663822], [-1.7685887, 51.6658012], [-1.7685284, 51.6657085], [-1.7684812, 51.6656167], [-1.7683956, 51.6655266], [-1.7683846, 51.6654445], [-1.768371, 51.6653546], [-1.7683541, 51.6652597], [-1.7683652, 51.6651705], [-1.7685142, 51.6648094], [-1.7685192, 51.6646781], [-1.7684986, 51.6644632], [-1.768476, 51.6643606], [-1.7684333, 51.6642221], [-1.7683862, 51.6641042], [-1.7683074, 51.6639566], [-1.7681998, 51.6637945], [-1.7680849, 51.6636585], [-1.7680072, 51.6635856], [-1.7678257, 51.6634449], [-1.7674535, 51.6632761], [-1.767145, 51.6631127], [-1.7666059, 51.6627898], [-1.7664559, 51.662722], [-1.7663318, 51.6626813], [-1.7662119, 51.6626532], [-1.7660978, 51.6626368], [-1.7659504, 51.6626275], [-1.765774, 51.6626281], [-1.7649843, 51.662693], [-1.7648947, 51.6626874], [-1.7648095, 51.6626684], [-1.7643863, 51.6625722], [-1.7641841, 51.662544], [-1.7622383, 51.6624987], [-1.7616413, 51.6624741], [-1.7615518, 51.6624523], [-1.7614694, 51.6624504], [-1.7613898, 51.6624655], [-1.7613232, 51.6624941], [-1.7612753, 51.6625327], [-1.761265, 51.6625534], [-1.7612635, 51.662574], [-1.7612706, 51.6625974], [-1.7614414, 51.6628253], [-1.7614628, 51.6628774], [-1.7614684, 51.6629233], [-1.7614638, 51.6629701], [-1.7614462, 51.663015], [-1.7614171, 51.6630536], [-1.7613779, 51.6630886], [-1.76133, 51.6631208], [-1.7612749, 51.6631495], [-1.7611329, 51.6632014], [-1.7609592, 51.6632424], [-1.7608739, 51.6632548], [-1.7607871, 51.6632609], [-1.7607105, 51.663258], [-1.7606253, 51.6632435], [-1.7605459, 51.6632208], [-1.7604939, 51.6632001], [-1.760272, 51.6630557], [-1.7602316, 51.6630386], [-1.7601739, 51.663025], [-1.7601132, 51.6630231], [-1.7600582, 51.6630292], [-1.7594476, 51.6631242], [-1.7588634, 51.6631401], [-1.7579061, 51.6631651], [-1.7575278, 51.6630834], [-1.7886286, 51.6669988]]]}}, {"type": "Feature", "properties": {"water": "river", "name": "River Thames", "source_id": "osm/way/345744149", "source": "OpenStreetMap", "licence": "ODbL 1.0"}, "geometry": {"type": "Polygon", "coordinates": [[[-1.8098666, 51.6612835], [-1.8094329, 51.6614992], [-1.8091973, 51.6616363], [-1.8091014, 51.6616869], [-1.809014, 51.6617384], [-1.8088491, 51.6617943], [-1.8085666, 51.6618462], [-1.808251, 51.6618742], [-1.8081266, 51.6618776], [-1.8080109, 51.6618936], [-1.8079212, 51.6619114], [-1.8078422, 51.6619152], [-1.8077494, 51.6619425], [-1.8076549, 51.661977], [-1.8076053, 51.6620243], [-1.8075751, 51.6620848], [-1.8075816, 51.6621639], [-1.8076367, 51.6622731], [-1.8077132, 51.6623979], [-1.8077496, 51.6624613], [-1.8077721, 51.6624992], [-1.8077716, 51.6625463], [-1.8077608, 51.6625792], [-1.8077259, 51.6626151], [-1.8076868, 51.6626456], [-1.8074273, 51.6627981], [-1.8073216, 51.6628365], [-1.8071871, 51.6628561], [-1.8069369, 51.6628584], [-1.8068097, 51.6628744], [-1.8066809, 51.6629029], [-1.8063408, 51.6629496], [-1.8058138, 51.6630458], [-1.8053832, 51.6630959], [-1.804741, 51.6631605], [-1.8044893, 51.6631762], [-1.8036764, 51.6631943], [-1.8033614, 51.6631521], [-1.8026021, 51.6631537], [-1.8021007, 51.6632262], [-1.8019417, 51.663207], [-1.8016369, 51.663149], [-1.8014665, 51.6631177], [-1.8013642, 51.6630646], [-1.8012883, 51.662995], [-1.8012982, 51.6629452], [-1.801308, 51.6629118], [-1.8013239, 51.6628809], [-1.8013803, 51.6628481], [-1.8017615, 51.6627599], [-1.8018326, 51.6627105], [-1.8018747, 51.662654], [-1.8018865, 51.6626171], [-1.8018881, 51.6625758], [-1.8018781, 51.6625362], [-1.8018523, 51.6624975], [-1.8018105, 51.662456], [-1.8017601, 51.6624191], [-1.8017024, 51.6623893], [-1.8016374, 51.6623658], [-1.8015551, 51.6623468], [-1.8014597, 51.6623368], [-1.8013527, 51.6623393], [-1.801224, 51.6623535], [-1.8011053, 51.6623775], [-1.8005537, 51.6625546], [-1.8003915, 51.6626299], [-1.8003104, 51.6626567], [-1.8002496, 51.6626701], [-1.8001455, 51.6626834], [-1.8000225, 51.6626922], [-1.7999011, 51.6626947], [-1.7997753, 51.6626909], [-1.7996106, 51.6626744], [-1.7993613, 51.6626177], [-1.7990923, 51.6625018], [-1.8098666, 51.6612835]]]}}, {"type": "Feature", "properties": {"water": "river", "name": "River Thames", "source_id": "osm/way/346009988", "source": "OpenStreetMap", "licence": "ODbL 1.0"}, "geometry": {"type": "Polygon", "coordinates": [[[-0.4865334, 51.3925456], [-0.4867615, 51.3923491], [-0.4869526, 51.3921639], [-0.4870612, 51.3917763], [-0.4865334, 51.3925456]]]}}, {"type": "Feature", "properties": {"water": "river", "name": "River Thames", "source_id": "osm/way/346023367", "source": "OpenStreetMap", "licence": "ODbL 1.0"}, "geometry": {"type": "Polygon", "coordinates": [[[-0.6383809, 51.4917432], [-0.6381213, 51.4918526], [-0.6373308, 51.4921312], [-0.637139, 51.4921865], [-0.6368447, 51.4922514], [-0.6363466, 51.4923374], [-0.6361455, 51.4923656], [-0.6357887, 51.4924001], [-0.6349086, 51.4924456], [-0.6347573, 51.4924484], [-0.6346061, 51.4924466], [-0.6343947, 51.4924351], [-0.6341849, 51.4924174], [-0.6339625, 51.4923887], [-0.6338994, 51.4923799], [-0.6383809, 51.4917432]]]}}, {"type": "Feature", "properties": {"water": "river", "name": "River Thames", "source_id": "osm/way/346023368", "source": "OpenStreetMap", "licence": "ODbL 1.0"}, "geometry": {"type": "Polygon", "coordinates": [[[-0.6433182, 51.4902122], [-0.6428125, 51.4902147], [-0.6420989, 51.4901858], [-0.64156, 51.4901912], [-0.6406637, 51.4902528], [-0.640564, 51.4902633], [-0.6403771, 51.4903007], [-0.6402609, 51.4903335], [-0.6401488, 51.4903727], [-0.6400423, 51.4904173], [-0.6398709, 51.4905133], [-0.6394551, 51.4908367], [-0.6393087, 51.4909636], [-0.6388965, 51.4914084], [-0.63879, 51.4915007], [-0.638662, 51.4915909], [-0.6385286, 51.4916703], [-0.6383809, 51.4917432], [-0.6433182, 51.4902122]]]}}, {"type": "Feature", "properties": {"water": "river", "name": "River Thames", "source_id": "osm/way/346023371", "source": "OpenStreetMap", "licence": "ODbL 1.0"}, "geometry": {"type": "Polygon", "coordinates": [[[-1.0874928, 51.4868742], [-1.0867324, 51.4869222], [-1.0856404, 51.486895], [-1.0848139, 51.4869], [-1.0874928, 51.4868742]]]}}, {"type": "Feature", "properties": {"water": "river", "name": "River Thames", "source_id": "osm/way/346023372", "source": "OpenStreetMap", "licence": "ODbL 1.0"}, "geometry": {"type": "Polygon", "coordinates": [[[-0.7647938, 51.5663851], [-0.7638373, 51.5664353], [-0.7635056, 51.5664309], [-0.7633918, 51.5664243], [-0.763252, 51.5664156], [-0.7630817, 51.5664201], [-0.7621609, 51.566325], [-0.7612544, 51.5661257], [-0.760331, 51.5658642], [-0.7601379, 51.5658019], [-0.7600279, 51.5657621], [-0.7598052, 51.5656725], [-0.7595843, 51.5655739], [-0.7593793, 51.5654738], [-0.7590124, 51.5652766], [-0.7588145, 51.56518], [-0.7584679, 51.5650334], [-0.758082, 51.5649007], [-0.7578728, 51.5648455], [-0.7577651, 51.5648264], [-0.7576572, 51.5648153], [-0.7574798, 51.5648143], [-0.7572352, 51.5648414], [-0.756958, 51.5649023], [-0.7568417, 51.5649344], [-0.7567281, 51.5649745], [-0.7566494, 51.5650043], [-0.7565106, 51.5650666], [-0.7562372, 51.5651995], [-0.7558504, 51.5654175], [-0.7549823, 51.5659802], [-0.7547007, 51.5661472], [-0.754319, 51.5663382], [-0.7538822, 51.5665341], [-0.7536155, 51.5666329], [-0.7531657, 51.5667756], [-0.7524222, 51.5670563], [-0.7511384, 51.5674698], [-0.7506112, 51.5676485], [-0.7502104, 51.5677917], [-0.7497497, 51.5679675], [-0.7495366, 51.5680579], [-0.7493377, 51.568152], [-0.7491446, 51.5682506], [-0.749122, 51.5682626], [-0.7647938, 51.5663851]]]}}, {"type": "Feature", "properties": {"water": "river", "name": "River Thames", "source_id": "osm/way/346023373", "source": "OpenStreetMap", "licence": "ODbL 1.0"}, "geometry": {"type": "Polygon", "coordinates": [[[-0.917851, 51.4731026], [-0.9167258, 51.4739986], [-0.9163591, 51.4741547], [-0.9155026, 51.4743915], [-0.914713, 51.4747444], [-0.917851, 51.4731026]]]}}, {"type": "Feature", "properties": {"water": "river", "name": "River Thames", "source_id": "osm/way/346023374", "source": "OpenStreetMap", "licence": "ODbL 1.0"}, "geometry": {"type": "Polygon", "coordinates": [[[-0.8842585, 51.5273829], [-0.8848534, 51.5276397], [-0.8849721, 51.5277094], [-0.8860332, 51.5285478], [-0.8864912, 51.5290142], [-0.8869447, 51.5293896], [-0.8842585, 51.5273829]]]}}, {"type": "Feature", "properties": {"water": "river", "name": "River Thames", "source_id": "osm/way/346023375", "source": "OpenStreetMap", "licence": "ODbL 1.0"}, "geometry": {"type": "Polygon", "coordinates": [[[-0.8869447, 51.5293896], [-0.887071, 51.529493], [-0.8874477, 51.5297672], [-0.8877329, 51.5299542], [-0.888017, 51.5301287], [-0.8894605, 51.5309435], [-0.8907774, 51.5316674], [-0.8909669, 51.531776], [-0.8913383, 51.5319782], [-0.8918257, 51.5322715], [-0.892076, 51.5324114], [-0.8924019, 51.5325862], [-0.8926383, 51.5327063], [-0.8929692, 51.532855], [-0.8936095, 51.5330877], [-0.8938712, 51.5331738], [-0.8939428, 51.5331951], [-0.8949051, 51.5334047], [-0.8950941, 51.5334577], [-0.8953511, 51.5335636], [-0.8958126, 51.5337963], [-0.8962309, 51.5340241], [-0.89695, 51.534458], [-0.897697, 51.5349272], [-0.8980482, 51.5351319], [-0.8982547, 51.5352355], [-0.8986972, 51.535423], [-0.899012, 51.5355789], [-0.8991213, 51.53565], [-0.8992821, 51.5357388], [-0.8993716, 51.5357971], [-0.8994707, 51.53587], [-0.8997081, 51.53607], [-0.8998248, 51.5361961], [-0.8999779, 51.5364206], [-0.9000589, 51.536531], [-0.9001539, 51.5366587], [-0.9002147, 51.5367654], [-0.900279, 51.5369107], [-0.9003087, 51.537116], [-0.9003137, 51.5371466], [-0.9003168, 51.5371988], [-0.900319, 51.5372249], [-0.9003204, 51.5384838], [-0.9003816, 51.5388782], [-0.9003855, 51.5390752], [-0.9003807, 51.5391524], [-0.9003599, 51.5392997], [-0.9002833, 51.5397234], [-0.9001464, 51.5402607], [-0.9000798, 51.5404516], [-0.9000255, 51.5405509], [-0.8998536, 51.5408029], [-0.8995647, 51.5413613], [-0.8991798, 51.5419538], [-0.8989438, 51.5423499], [-0.8988392, 51.5425045], [-0.8985577, 51.5428289], [-0.8869447, 51.5293896]]]}}, {"type": "Feature", "properties": {"water": "river", "name": "River Thames", "source_id": "osm/way/346023376", "source": "OpenStreetMap", "licence": "ODbL 1.0"}, "geometry": {"type": "Polygon", "coordinates": [[[-1.0397772, 51.4860011], [-1.0397245, 51.4858477], [-1.0396884, 51.4857509], [-1.0393187, 51.4853591], [-1.0397772, 51.4860011]]]}}, {"type": "Feature", "properties": {"water": "river", "name": "River Thames", "source_id": "osm/way/347636451", "source": "OpenStreetMap", "licence": "ODbL 1.0"}, "geometry": {"type": "Polygon", "coordinates": [[[-0.914713, 51.4747444], [-0.9145925, 51.4747856], [-0.9145561, 51.4748059], [-0.9144899, 51.4748646], [-0.9144073, 51.4750059], [-0.9143223, 51.4751913], [-0.9142171, 51.4753747], [-0.9141577, 51.4754541], [-0.9140928, 51.4755183], [-0.9140298, 51.4755626], [-0.9137821, 51.475688], [-0.9135376, 51.4758575], [-0.9134426, 51.4759169], [-0.914713, 51.4747444]]]}}, {"type": "Feature", "properties": {"water": "river", "name": "River Thames", "source_id": "osm/way/347636454", "source": "OpenStreetMap", "licence": "ODbL 1.0"}, "geometry": {"type": "Polygon", "coordinates": [[[-1.1795078, 51.638045], [-1.1797929, 51.6377164], [-1.1799169, 51.6376364], [-1.1795078, 51.638045]]]}}, {"type": "Feature", "properties": {"water": "river", "name": "River Thames", "source_id": "osm/way/347636457", "source": "OpenStreetMap", "licence": "ODbL 1.0"}, "geometry": {"type": "Polygon", "coordinates": [[[-1.1346946, 51.5328724], [-1.1351052, 51.5326203], [-1.1353599, 51.5322911], [-1.1346946, 51.5328724]]]}}, {"type": "Feature", "properties": {"water": "river", "name": "River Thames", "source_id": "osm/way/347636458", "source": "OpenStreetMap", "licence": "ODbL 1.0"}, "geometry": {"type": "Polygon", "coordinates": [[[-1.1360929, 51.5312916], [-1.1376781, 51.5291841], [-1.138279, 51.5271151], [-1.1360929, 51.5312916]]]}}, {"type": "Feature", "properties": {"water": "river", "name": "River Thames", "source_id": "osm/way/347636459", "source": "OpenStreetMap", "licence": "ODbL 1.0"}, "geometry": {"type": "Polygon", "coordinates": [[[-1.1355966, 51.531965], [-1.1359852, 51.5314484], [-1.1360929, 51.5312916], [-1.1355966, 51.531965]]]}}, {"type": "Feature", "properties": {"water": "river", "name": "River Thames", "source_id": "osm/way/347636461", "source": "OpenStreetMap", "licence": "ODbL 1.0"}, "geometry": {"type": "Polygon", "coordinates": [[[-1.4642939, 51.707173], [-1.4643666, 51.7075963], [-1.4643869, 51.7077203], [-1.464224, 51.7081656], [-1.4637605, 51.7090303], [-1.4632988, 51.7101282], [-1.4631969, 51.7106821], [-1.4642939, 51.707173]]]}}, {"type": "Feature", "properties": {"water": "river", "name": "River Thames", "source_id": "osm/way/347636462", "source": "OpenStreetMap", "licence": "ODbL 1.0"}, "geometry": {"type": "Polygon", "coordinates": [[[-0.4997942, 51.4146123], [-0.4991561, 51.4143759], [-0.4989949, 51.4143264], [-0.4985636, 51.4141939], [-0.4981349, 51.4140766], [-0.4997942, 51.4146123]]]}}, {"type": "Feature", "properties": {"water": "river", "name": "River Thames", "source_id": "osm/way/347636463", "source": "OpenStreetMap", "licence": "ODbL 1.0"}, "geometry": {"type": "Polygon", "coordinates": [[[-1.1160051, 51.616717], [-1.1161351, 51.6160209], [-1.1161557, 51.61567], [-1.1161691, 51.6154618], [-1.1161503, 51.6153019], [-1.1160699, 51.6151387], [-1.1158508, 51.6148284], [-1.1154752, 51.6145334], [-1.1145687, 51.6137889], [-1.114059, 51.6133609], [-1.1160051, 51.616717]]]}}, {"type": "Feature", "properties": {"water": "stream", "name": "River Thames", "source_id": "osm/way/387920466", "source": "OpenStreetMap", "licence": "ODbL 1.0"}, "geometry": {"type": "Polygon", "coordinates": [[[-1.9954037, 51.6743497], [-1.9949008, 51.6745743], [-1.9941983, 51.6749488], [-1.9934473, 51.6750346], [-1.9928652, 51.6750753], [-1.9921678, 51.675], [-1.9913444, 51.6750699], [-1.9901186, 51.6743476], [-1.9893944, 51.6744343], [-1.9885335, 51.6740444], [-1.9883698, 51.673957], [-1.988335, 51.6736209], [-1.9881822, 51.6732688], [-1.9878537, 51.673288], [-1.9874661, 51.6733772], [-1.987305, 51.6735366], [-1.9870979, 51.6735674], [-1.9869815, 51.6734853], [-1.9869616, 51.673345], [-1.9867364, 51.6728576], [-1.9867042, 51.6724995], [-1.9867793, 51.672182], [-1.9868222, 51.6716946], [-1.9868007, 51.6714669], [-1.9867417, 51.6712084], [-1.9866988, 51.6710011], [-1.9866398, 51.670793], [-1.9864896, 51.6705954], [-1.9862536, 51.6703871], [-1.9857761, 51.6700358], [-1.9855079, 51.6697507], [-1.9851324, 51.6693636], [-1.9847282, 51.66887], [-1.9844642, 51.6681613], [-1.9842049, 51.6675419], [-1.9839648, 51.6670922], [-1.9833836, 51.6660749], [-1.983228, 51.6657087], [-1.9831369, 51.6653303], [-1.9831092, 51.6652112], [-1.9832683, 51.6650832], [-1.9835655, 51.6648601], [-1.9837693, 51.6644776], [-1.9841233, 51.6640748], [-1.9843404, 51.6640006], [-1.9843291, 51.6637531], [-1.9840971, 51.6633779], [-1.9842044, 51.6629839], [-1.984583, 51.6627842], [-1.9848863, 51.6624933], [-1.9849454, 51.6623334], [-1.9851048, 51.6620437], [-1.9853041, 51.6617918], [-1.9854728, 51.6615719], [-1.9855879, 51.6613636], [-1.9855026, 51.6612844], [-1.9854702, 51.6611987], [-1.9845041, 51.6603236], [-1.9841522, 51.659921], [-1.9836754, 51.6595423], [-1.9832931, 51.6591802], [-1.9830895, 51.6589667], [-1.9830647, 51.6586999], [-1.9828356, 51.6585199], [-1.9828651, 51.6582565], [-1.982778, 51.6580838], [-1.9827476, 51.6579213], [-1.9826235, 51.657446], [-1.9827736, 51.6569376], [-1.9827857, 51.6560536], [-1.9827507, 51.6554207], [-1.982744, 51.6553099], [-1.9827103, 51.6551881], [-1.9826121, 51.6550589], [-1.9954037, 51.6743497]]]}}, {"type": "Feature", "properties": {"water": "river", "name": "River Thames", "source_id": "osm/way/405194773", "source": "OpenStreetMap", "licence": "ODbL 1.0"}, "geometry": {"type": "Polygon", "coordinates": [[[-1.7071427, 51.6834318], [-1.7069188, 51.6833764], [-1.7067889, 51.6833383], [-1.706695, 51.6833201], [-1.7065982, 51.6833073], [-1.7063899, 51.6833005], [-1.7063364, 51.6833039], [-1.7062611, 51.6833145], [-1.7062133, 51.6833279], [-1.7061799, 51.6833431], [-1.706145, 51.6833664], [-1.7060985, 51.683413], [-1.7060575, 51.6834759], [-1.7060282, 51.6835396], [-1.706009, 51.6836043], [-1.7060069, 51.6837068], [-1.7061624, 51.6842646], [-1.706166, 51.6843717], [-1.7061599, 51.6844229], [-1.7061289, 51.6845244], [-1.7060908, 51.6845971], [-1.7060251, 51.6846914], [-1.7059478, 51.6847829], [-1.7058721, 51.6848591], [-1.7058009, 51.6849201], [-1.7056846, 51.6850088], [-1.7055204, 51.685119], [-1.7053926, 51.6851969], [-1.7052837, 51.6852533], [-1.7050212, 51.6853722], [-1.7045766, 51.685666], [-1.7044562, 51.6857151], [-1.7043504, 51.6857464], [-1.7042172, 51.6857748], [-1.7040116, 51.6857994], [-1.7039521, 51.6858272], [-1.7037387, 51.6859507], [-1.7037052, 51.6859821], [-1.7036804, 51.6860216], [-1.7071427, 51.6834318]]]}}, {"type": "Feature", "properties": {"water": "river", "name": "River Thames", "source_id": "osm/way/413977877", "source": "OpenStreetMap", "licence": "ODbL 1.0"}, "geometry": {"type": "Polygon", "coordinates": [[[-1.2794424, 51.6679834], [-1.2796988, 51.667909], [-1.2800383, 51.6678402], [-1.2814529, 51.6676299], [-1.2816355, 51.6675923], [-1.2794424, 51.6679834]]]}}, {"type": "Feature", "properties": {"water": "river", "name": "River Thames", "source_id": "osm/way/413977879", "source": "OpenStreetMap", "licence": "ODbL 1.0"}, "geometry": {"type": "Polygon", "coordinates": [[[-1.2559271, 51.7463445], [-1.2558318, 51.7463115], [-1.2557745, 51.7462781], [-1.2553292, 51.7459586], [-1.2550459, 51.7458311], [-1.2546854, 51.7456132], [-1.2545505, 51.7455481], [-1.2536986, 51.7451367], [-1.2527029, 51.7445521], [-1.2517502, 51.7441535], [-1.2503683, 51.7433085], [-1.2494064, 51.7426127], [-1.2485846, 51.7420181], [-1.2484099, 51.7417551], [-1.2482763, 51.7415539], [-1.2478014, 51.7408389], [-1.2458687, 51.7389044], [-1.2457737, 51.7388093], [-1.245484, 51.7387196], [-1.2453796, 51.7386873], [-1.245248, 51.7386465], [-1.2447491, 51.7385834], [-1.2442886, 51.7384116], [-1.2440222, 51.7383122], [-1.2559271, 51.7463445]]]}}, {"type": "Feature", "properties": {"water": "river", "name": "River Thames", "source_id": "osm/way/487698865", "source": "OpenStreetMap", "licence": "ODbL 1.0"}, "geometry": {"type": "Polygon", "coordinates": [[[-0.8235532, 51.5505861], [-0.8233376, 51.5506224], [-0.8229313, 51.5506606], [-0.8203821, 51.550742], [-0.8199558, 51.5507746], [-0.8195204, 51.5508233], [-0.8186447, 51.5508873], [-0.8235532, 51.5505861]]]}}, {"type": "Feature", "properties": {"water": "river", "name": "River Thames", "source_id": "osm/way/487698866", "source": "OpenStreetMap", "licence": "ODbL 1.0"}, "geometry": {"type": "Polygon", "coordinates": [[[-0.8985577, 51.5428289], [-0.8973251, 51.5442347], [-0.8969018, 51.5448601], [-0.8985577, 51.5428289]]]}}, {"type": "Feature", "properties": {"water": "river", "name": "River Thames", "source_id": "osm/way/502074019", "source": "OpenStreetMap", "licence": "ODbL 1.0"}, "geometry": {"type": "Polygon", "coordinates": [[[-1.2711065, 51.670197], [-1.2720376, 51.6700567], [-1.2734966, 51.6696968], [-1.2746555, 51.6696025], [-1.2752643, 51.6695942], [-1.2758623, 51.6695088], [-1.2773804, 51.6690648], [-1.2779952, 51.6690172], [-1.2791721, 51.6687919], [-1.2794754, 51.6687957], [-1.2797865, 51.6687176], [-1.280131, 51.6686596], [-1.2810393, 51.6683422], [-1.2812108, 51.6682518], [-1.2813691, 51.668102], [-1.2814776, 51.6679137], [-1.2816355, 51.6675923], [-1.282171, 51.6671289], [-1.2827906, 51.6667762], [-1.2836361, 51.6662151], [-1.2837388, 51.6660049], [-1.2837819, 51.6658226], [-1.2837428, 51.6655717], [-1.2836623, 51.6653055], [-1.2832952, 51.6644385], [-1.2826969, 51.6628384], [-1.2824568, 51.6620422], [-1.2818438, 51.6609366], [-1.2815664, 51.660005], [-1.2812913, 51.6597053], [-1.2809054, 51.6594526], [-1.2802781, 51.6592761], [-1.2785091, 51.658456], [-1.2782818, 51.6583143], [-1.2781799, 51.658128], [-1.278196, 51.6579416], [-1.2783161, 51.6576883], [-1.2788733, 51.6566872], [-1.2798617, 51.6551439], [-1.2806074, 51.6537219], [-1.281301, 51.6520919], [-1.2823103, 51.6508848], [-1.2824289, 51.6507392], [-1.2711065, 51.670197]]]}}, {"type": "Feature", "properties": {"water": "river", "name": "River Thames", "source_id": "osm/way/502074020", "source": "OpenStreetMap", "licence": "ODbL 1.0"}, "geometry": {"type": "Polygon", "coordinates": [[[-1.2674242, 51.6706819], [-1.2690224, 51.6709649], [-1.2692051, 51.6709472], [-1.2674242, 51.6706819]]]}}, {"type": "Feature", "properties": {"water": "river", "name": "River Thames", "source_id": "osm/way/515955835", "source": "OpenStreetMap", "licence": "ODbL 1.0"}, "geometry": {"type": "Polygon", "coordinates": [[[0.2249837, 51.4816688], [0.2257399, 51.4813286], [0.2259214, 51.4812118], [0.226307, 51.4809958], [0.2269218, 51.4806092], [0.2271924, 51.4804286], [0.2277496, 51.4800395], [0.2278365, 51.4799884], [0.228006, 51.4798925], [0.228183, 51.479801], [0.2284801, 51.4796623], [0.2288563, 51.4794617], [0.2293517, 51.4791961], [0.2304169, 51.4785931], [0.230636, 51.4784504], [0.2306374, 51.4784494], [0.2319112, 51.4777534], [0.2322457, 51.4775582], [0.2335144, 51.4768469], [0.2346302, 51.4761647], [0.2357391, 51.4754871], [0.2372098, 51.4745543], [0.2378692, 51.4741658], [0.240783, 51.4724753], [0.241132, 51.4722797], [0.2428231, 51.4713804], [0.2428498, 51.4713664], [0.2430141, 51.4712806], [0.2432394, 51.4711782], [0.2434179, 51.4710894], [0.2435707, 51.4710055], [0.2437947, 51.4708735], [0.2451997, 51.470192], [0.245539, 51.4700361], [0.2475985, 51.4691054], [0.2494342, 51.4683139], [0.2502312, 51.467947], [0.2509665, 51.467646], [0.2527524, 51.4668662], [0.2531971, 51.4666877], [0.2548362, 51.4660711], [0.2557345, 51.4657332], [0.2568905, 51.4653207], [0.2573239, 51.4651766], [0.2578215, 51.4649907], [0.2249837, 51.4816688]]]}}, {"type": "Feature", "properties": {"water": "river", "name": "River Thames", "source_id": "osm/way/516089253", "source": "OpenStreetMap", "licence": "ODbL 1.0"}, "geometry": {"type": "Polygon", "coordinates": [[[0.2578215, 51.4649907], [0.2592664, 51.464453], [0.2603204, 51.4640756], [0.2606689, 51.4639313], [0.2620143, 51.4634224], [0.2621735, 51.4633519], [0.2631987, 51.4628591], [0.2641056, 51.4624207], [0.2643583, 51.4622917], [0.2646414, 51.462163], [0.2654138, 51.4617434], [0.2662696, 51.4613195], [0.2671813, 51.4608045], [0.2675681, 51.460592], [0.2679791, 51.4603449], [0.268958, 51.4598214], [0.2693793, 51.4596379], [0.2699455, 51.4594156], [0.27047, 51.4591923], [0.271439, 51.4588183], [0.271726, 51.458685], [0.271945, 51.4586007], [0.2720584, 51.4585653], [0.272676, 51.4583923], [0.2734223, 51.4581728], [0.2738186, 51.4580662], [0.2743309, 51.4579456], [0.2750045, 51.4578004], [0.2757193, 51.4576705], [0.2760209, 51.4576277], [0.2769309, 51.4576177], [0.2578215, 51.4649907]]]}}, {"type": "Feature", "properties": {"water": "river", "name": "River Thames", "source_id": "osm/way/552596920", "source": "OpenStreetMap", "licence": "ODbL 1.0"}, "geometry": {"type": "Polygon", "coordinates": [[[-0.5129671, 51.4183482], [-0.5129052, 51.4179485], [-0.512765, 51.4175025], [-0.5123654, 51.417227], [-0.5118746, 51.4170172], [-0.5114259, 51.4169079], [-0.510851, 51.4168991], [-0.5101359, 51.4169691], [-0.509582, 51.4170522], [-0.5087968, 51.417262], [-0.5081518, 51.4173976], [-0.5071247, 51.4173998], [-0.5061537, 51.4172358], [-0.5051652, 51.4169538], [-0.5041381, 51.416545], [-0.5033529, 51.4161799], [-0.5025976, 51.4157954], [-0.5021485, 51.4154822], [-0.5129671, 51.4183482]]]}}, {"type": "Feature", "properties": {"water": "river", "name": "River Thames", "source_id": "osm/way/552596938", "source": "OpenStreetMap", "licence": "ODbL 1.0"}, "geometry": {"type": "Polygon", "coordinates": [[[-0.4330379, 51.3846107], [-0.4326201, 51.3848785], [-0.4321796, 51.3854276], [-0.4313533, 51.3871552], [-0.4330379, 51.3846107]]]}}, {"type": "Feature", "properties": {"water": "river", "name": "River Thames", "source_id": "osm/way/552596939", "source": "OpenStreetMap", "licence": "ODbL 1.0"}, "geometry": {"type": "Polygon", "coordinates": [[[-0.5017268, 51.4141307], [-0.5018154, 51.4138809], [-0.5018664, 51.4138002], [-0.5021567, 51.4133386], [-0.5022812, 51.4131856], [-0.5017268, 51.4141307]]]}}, {"type": "Feature", "properties": {"water": "river", "name": "River Thames", "source_id": "osm/way/552596968", "source": "OpenStreetMap", "licence": "ODbL 1.0"}, "geometry": {"type": "Polygon", "coordinates": [[[-0.5005695, 51.413652], [-0.5004467, 51.413787], [-0.5002687, 51.4139079], [-0.5000209, 51.4140109], [-0.4997914, 51.4140799], [-0.4995345, 51.4141089], [-0.5005695, 51.413652]]]}}, {"type": "Feature", "properties": {"water": "river", "name": "River Thames", "source_id": "osm/way/552596972", "source": "OpenStreetMap", "licence": "ODbL 1.0"}, "geometry": {"type": "Polygon", "coordinates": [[[-0.5030138, 51.4107539], [-0.502769, 51.4107054], [-0.5024795, 51.4106783], [-0.5021187, 51.4106746], [-0.5014655, 51.4106411], [-0.5011872, 51.4106204], [-0.5009144, 51.4106547], [-0.5030138, 51.4107539]]]}}, {"type": "Feature", "properties": {"water": "river", "name": "River Thames", "source_id": "osm/way/552596975", "source": "OpenStreetMap", "licence": "ODbL 1.0"}, "geometry": {"type": "Polygon", "coordinates": [[[-0.5037876, 51.4111293], [-0.5037159, 51.4110358], [-0.5035577, 51.4109052], [-0.5033987, 51.4108429], [-0.5032634, 51.4108034], [-0.5030138, 51.4107539], [-0.5037876, 51.4111293]]]}}, {"type": "Feature", "properties": {"water": "river", "name": "River Thames", "source_id": "osm/way/552596979", "source": "OpenStreetMap", "licence": "ODbL 1.0"}, "geometry": {"type": "Polygon", "coordinates": [[[-0.5022812, 51.4131856], [-0.5024174, 51.4130182], [-0.5027187, 51.4127747], [-0.5029982, 51.4124951], [-0.5031116, 51.412367], [-0.5034032, 51.4120245], [-0.5035794, 51.4117363], [-0.5037559, 51.4113969], [-0.5038063, 51.4112626], [-0.5037876, 51.4111293], [-0.5022812, 51.4131856]]]}}, {"type": "Feature", "properties": {"water": "river", "name": "River Thames", "source_id": "osm/way/552596987", "source": "OpenStreetMap", "licence": "ODbL 1.0"}, "geometry": {"type": "Polygon", "coordinates": [[[-0.4608325, 51.379268], [-0.4607524, 51.3793291], [-0.4604133, 51.3794595], [-0.460285, 51.3795127], [-0.4600427, 51.3796264], [-0.4586621, 51.3802161], [-0.4580108, 51.3805681], [-0.4608325, 51.379268]]]}}, {"type": "Feature", "properties": {"water": "river", "name": "River Thames", "source_id": "osm/way/552596991", "source": "OpenStreetMap", "licence": "ODbL 1.0"}, "geometry": {"type": "Polygon", "coordinates": [[[-0.4631798, 51.3785576], [-0.4631245, 51.3785239], [-0.4630337, 51.3784895], [-0.462917, 51.3784565], [-0.4628156, 51.3784362], [-0.4626853, 51.3784219], [-0.4622389, 51.3784098], [-0.462056, 51.3784209], [-0.4618796, 51.3784545], [-0.4618012, 51.3784778], [-0.4615874, 51.378555], [-0.4614844, 51.3785851], [-0.4613701, 51.3786511], [-0.4613385, 51.3786887], [-0.4611939, 51.3789779], [-0.461116, 51.3790704], [-0.4610687, 51.379112], [-0.4610024, 51.3791588], [-0.460891, 51.3792257], [-0.4608325, 51.379268], [-0.4631798, 51.3785576]]]}}, {"type": "Feature", "properties": {"water": "river", "name": "River Thames", "source_id": "osm/way/552596996", "source": "OpenStreetMap", "licence": "ODbL 1.0"}, "geometry": {"type": "Polygon", "coordinates": [[[-0.468307, 51.3818947], [-0.4681289, 51.3818923], [-0.4679984, 51.3818825], [-0.4676264, 51.3818345], [-0.4675065, 51.3818114], [-0.4673503, 51.3817967], [-0.4647955, 51.3818352], [-0.464614, 51.381849], [-0.4644638, 51.3818713], [-0.4641131, 51.3819576], [-0.4633155, 51.3821315], [-0.463049, 51.3821936], [-0.4629203, 51.3822171], [-0.4626837, 51.3822464], [-0.4623155, 51.3822559], [-0.4621138, 51.3822272], [-0.4620197, 51.3822129], [-0.468307, 51.3818947]]]}}, {"type": "Feature", "properties": {"water": "river", "name": "River Thames", "source_id": "osm/way/552598163", "source": "OpenStreetMap", "licence": "ODbL 1.0"}, "geometry": {"type": "Polygon", "coordinates": [[[0.2236757, 51.4822724], [0.2241204, 51.4820571], [0.2249837, 51.4816688], [0.2236757, 51.4822724]]]}}, {"type": "Feature", "properties": {"water": "river", "name": "River Thames", "source_id": "osm/way/552601440", "source": "OpenStreetMap", "licence": "ODbL 1.0"}, "geometry": {"type": "Polygon", "coordinates": [[[-0.6500197, 51.4868189], [-0.6498188, 51.4870359], [-0.6495747, 51.4872543], [-0.6493843, 51.4874113], [-0.6490616, 51.4876567], [-0.6486667, 51.4879111], [-0.6484062, 51.488096], [-0.6482367, 51.4882299], [-0.6480058, 51.4884367], [-0.6478747, 51.4885368], [-0.647408, 51.4892679], [-0.6472438, 51.4894638], [-0.6468318, 51.4898061], [-0.6467009, 51.4898946], [-0.6466015, 51.4899438], [-0.6464907, 51.4899901], [-0.646092, 51.4901276], [-0.6459366, 51.4901699], [-0.6457759, 51.4901959], [-0.6456431, 51.4902052], [-0.645384, 51.4902022], [-0.6433182, 51.4902122], [-0.6500197, 51.4868189]]]}}, {"type": "Feature", "properties": {"water": "river", "name": "River Thames", "source_id": "osm/way/552601523", "source": "OpenStreetMap", "licence": "ODbL 1.0"}, "geometry": {"type": "Polygon", "coordinates": [[[-0.9198592, 51.4721789], [-0.9197601, 51.4722931], [-0.9196493, 51.4724098], [-0.91953, 51.4725229], [-0.9192965, 51.4727177], [-0.9198592, 51.4721789]]]}}, {"type": "Feature", "properties": {"water": "river", "name": "River Thames", "source_id": "osm/way/552601526", "source": "OpenStreetMap", "licence": "ODbL 1.0"}, "geometry": {"type": "Polygon", "coordinates": [[[-0.9780202, 51.4661543], [-0.9765864, 51.4653822], [-0.976039, 51.4651136], [-0.9750534, 51.4646702], [-0.9780202, 51.4661543]]]}}, {"type": "Feature", "properties": {"water": "river", "name": "River Thames", "source_id": "osm/way/552601527", "source": "OpenStreetMap", "licence": "ODbL 1.0"}, "geometry": {"type": "Polygon", "coordinates": [[[-1.0058085, 51.4688314], [-1.0041887, 51.4693024], [-1.0029871, 51.469837], [-1.0058085, 51.4688314]]]}}, {"type": "Feature", "properties": {"water": "river", "name": "River Thames", "source_id": "osm/way/552601528", "source": "OpenStreetMap", "licence": "ODbL 1.0"}, "geometry": {"type": "Polygon", "coordinates": [[[-1.0134413, 51.4666577], [-1.01165, 51.4673125], [-1.0096188, 51.46775], [-1.0069625, 51.46825], [-1.0058085, 51.4688314], [-1.0134413, 51.4666577]]]}}, {"type": "Feature", "properties": {"water": "river", "name": "River Thames", "source_id": "osm/way/552601541", "source": "OpenStreetMap", "licence": "ODbL 1.0"}, "geometry": {"type": "Polygon", "coordinates": [[[-1.040672, 51.4881609], [-1.0397655, 51.4873439], [-1.0390617, 51.4865576], [-1.040672, 51.4881609]]]}}, {"type": "Feature", "properties": {"water": "river", "name": "River Thames", "source_id": "osm/way/552601542", "source": "OpenStreetMap", "licence": "ODbL 1.0"}, "geometry": {"type": "Polygon", "coordinates": [[[-1.0718026, 51.4898706], [-1.0716136, 51.4899199], [-1.0710086, 51.489993], [-1.0718026, 51.4898706]]]}}, {"type": "Feature", "properties": {"water": "river", "name": "River Thames", "source_id": "osm/way/552601543", "source": "OpenStreetMap", "licence": "ODbL 1.0"}, "geometry": {"type": "Polygon", "coordinates": [[[-1.0848139, 51.4869], [-1.0806422, 51.4876581], [-1.0772521, 51.4883326], [-1.073867, 51.4894443], [-1.0718026, 51.4898706], [-1.0848139, 51.4869]]]}}, {"type": "Feature", "properties": {"water": "river", "name": "River Thames", "source_id": "osm/way/552601546", "source": "OpenStreetMap", "licence": "ODbL 1.0"}, "geometry": {"type": "Polygon", "coordinates": [[[-1.0189773, 51.4670721], [-1.017647, 51.4668181], [-1.0147931, 51.4666444], [-1.0134413, 51.4666577], [-1.0189773, 51.4670721]]]}}, {"type": "Feature", "properties": {"water": "river", "name": "River Thames", "source_id": "osm/way/552601549", "source": "OpenStreetMap", "licence": "ODbL 1.0"}, "geometry": {"type": "Polygon", "coordinates": [[[-1.023914, 51.4698309], [-1.0235524, 51.4698072], [-1.0230689, 51.4695328], [-1.0230328, 51.4694247], [-1.0220672, 51.4689569], [-1.0215093, 51.4686227], [-1.0209729, 51.4683687], [-1.0197927, 51.4677405], [-1.0189773, 51.4670721], [-1.023914, 51.4698309]]]}}, {"type": "Feature", "properties": {"water": "river", "name": "River Thames", "source_id": "osm/way/552601552", "source": "OpenStreetMap", "licence": "ODbL 1.0"}, "geometry": {"type": "Polygon", "coordinates": [[[-1.036916, 51.4835645], [-1.0364653, 51.4825756], [-1.0371949, 51.48156], [-1.036916, 51.4835645]]]}}, {"type": "Feature", "properties": {"water": "river", "name": "River Thames", "source_id": "osm/way/552601555", "source": "OpenStreetMap", "licence": "ODbL 1.0"}, "geometry": {"type": "Polygon", "coordinates": [[[-1.0380098, 51.4847008], [-1.0375213, 51.4842829], [-1.036916, 51.4835645], [-1.0380098, 51.4847008]]]}}, {"type": "Feature", "properties": {"water": "river", "name": "River Thames", "source_id": "osm/way/552601629", "source": "OpenStreetMap", "licence": "ODbL 1.0"}, "geometry": {"type": "Polygon", "coordinates": [[[-0.8979155, 51.4868707], [-0.8978542, 51.4869052], [-0.8977649, 51.4869646], [-0.8976708, 51.4870437], [-0.8979155, 51.4868707]]]}}, {"type": "Feature", "properties": {"water": "river", "name": "River Thames", "source_id": "osm/way/552601633", "source": "OpenStreetMap", "licence": "ODbL 1.0"}, "geometry": {"type": "Polygon", "coordinates": [[[-1.0877057, 51.4860015], [-1.0866244, 51.4862393], [-1.085324, 51.4866525], [-1.0848139, 51.4869], [-1.0877057, 51.4860015]]]}}, {"type": "Feature", "properties": {"water": "river", "name": "River Thames", "source_id": "osm/way/552601664", "source": "OpenStreetMap", "licence": "ODbL 1.0"}, "geometry": {"type": "Polygon", "coordinates": [[[-0.957068, 51.4623635], [-0.9566285, 51.4620427], [-0.9563442, 51.4618011], [-0.9559402, 51.4615395], [-0.9554729, 51.4612553], [-0.957068, 51.4623635]]]}}, {"type": "Feature", "properties": {"water": "river", "name": "River Thames", "source_id": "osm/way/552601665", "source": "OpenStreetMap", "licence": "ODbL 1.0"}, "geometry": {"type": "Polygon", "coordinates": [[[-0.9592946, 51.4628621], [-0.958585, 51.4627761], [-0.9578964, 51.4626548], [-0.957068, 51.4623635], [-0.9592946, 51.4628621]]]}}, {"type": "Feature", "properties": {"water": "river", "name": "River Thames", "source_id": "osm/way/552601666", "source": "OpenStreetMap", "licence": "ODbL 1.0"}, "geometry": {"type": "Polygon", "coordinates": [[[-0.9644601, 51.4611694], [-0.9639065, 51.4610795], [-0.9634388, 51.4609938], [-0.9629635, 51.4609074], [-0.9644601, 51.4611694]]]}}, {"type": "Feature", "properties": {"water": "river", "name": "River Thames", "source_id": "osm/way/552601670", "source": "OpenStreetMap", "licence": "ODbL 1.0"}, "geometry": {"type": "Polygon", "coordinates": [[[-0.9674263, 51.4609044], [-0.9666662, 51.461013], [-0.9656438, 51.4611171], [-0.9674263, 51.4609044]]]}}, {"type": "Feature", "properties": {"water": "river", "name": "River Thames", "source_id": "osm/way/605903198", "source": "OpenStreetMap", "licence": "ODbL 1.0"}, "geometry": {"type": "Polygon", "coordinates": [[[-0.3223554, 51.4309443], [-0.3228893, 51.4309369], [-0.3230991, 51.4309257], [-0.3223554, 51.4309443]]]}}, {"type": "Feature", "properties": {"water": "river", "name": "River Thames", "source_id": "osm/way/605903204", "source": "OpenStreetMap", "licence": "ODbL 1.0"}, "geometry": {"type": "Polygon", "coordinates": [[[-0.3230991, 51.4309257], [-0.3231519, 51.4309229], [-0.3234075, 51.4309121], [-0.3230991, 51.4309257]]]}}, {"type": "Feature", "properties": {"water": "river", "name": "River Thames", "source_id": "osm/way/605903208", "source": "OpenStreetMap", "licence": "ODbL 1.0"}, "geometry": {"type": "Polygon", "coordinates": [[[-0.3211571, 51.4299055], [-0.3230561, 51.4304409], [-0.3241179, 51.4307887], [-0.3242505, 51.4310907], [-0.3245961, 51.4312668], [-0.3259504, 51.4319571], [-0.3211571, 51.4299055]]]}}, {"type": "Feature", "properties": {"water": "river", "name": "River Thames", "source_id": "osm/way/605922351", "source": "OpenStreetMap", "licence": "ODbL 1.0"}, "geometry": {"type": "Polygon", "coordinates": [[[-0.3162781, 51.4616535], [-0.3172352, 51.4617613], [-0.3174452, 51.4618793], [-0.3162781, 51.4616535]]]}}, {"type": "Feature", "properties": {"water": "river", "name": "River Thames", "source_id": "osm/way/605922352", "source": "OpenStreetMap", "licence": "ODbL 1.0"}, "geometry": {"type": "Polygon", "coordinates": [[[-0.3177787, 51.4620769], [-0.3179574, 51.4621947], [-0.3179869, 51.462755], [-0.3177787, 51.4620769]]]}}, {"type": "Feature", "properties": {"water": "river", "name": "River Thames", "source_id": "osm/way/605922353", "source": "OpenStreetMap", "licence": "ODbL 1.0"}, "geometry": {"type": "Polygon", "coordinates": [[[-0.3174452, 51.4618793], [-0.3176938, 51.4620266], [-0.3177787, 51.4620769], [-0.3174452, 51.4618793]]]}}, {"type": "Feature", "properties": {"water": "river", "name": "River Thames", "source_id": "osm/way/608139644", "source": "OpenStreetMap", "licence": "ODbL 1.0"}, "geometry": {"type": "Polygon", "coordinates": [[[-0.0957299, 51.5092848], [-0.0953042, 51.5091942], [-0.094949, 51.5091076], [-0.094014, 51.5088954], [-0.0931709, 51.508656], [-0.0930549, 51.508622], [-0.0928234, 51.5085541], [-0.0926509, 51.5085109], [-0.0923611, 51.5084459], [-0.0957299, 51.5092848]]]}}, {"type": "Feature", "properties": {"water": "river", "name": "River Thames", "source_id": "osm/way/608139656", "source": "OpenStreetMap", "licence": "ODbL 1.0"}, "geometry": {"type": "Polygon", "coordinates": [[[-0.0486459, 51.5062968], [-0.0481467, 51.5065826], [-0.0454951, 51.5079341], [-0.0439315, 51.5083712], [-0.0433489, 51.5084801], [-0.0421036, 51.5085889], [-0.04093, 51.5086349], [-0.0396176, 51.5086246], [-0.0382351, 51.5084941], [-0.0360865, 51.5080772], [-0.0341747, 51.5075877], [-0.0323949, 51.5069143], [-0.0314979, 51.5064361], [-0.0303639, 51.5054184], [-0.0296621, 51.5040604], [-0.0293726, 51.5026896], [-0.0296956, 51.5001437], [-0.0298526, 51.4995438], [-0.0300227, 51.4984083], [-0.0300424, 51.497548], [-0.0302043, 51.4960669], [-0.030142, 51.4946711], [-0.0299165, 51.4935331], [-0.0486459, 51.5062968]]]}}, {"type": "Feature", "properties": {"water": "river", "name": "River Thames", "source_id": "osm/way/608139670", "source": "OpenStreetMap", "licence": "ODbL 1.0"}, "geometry": {"type": "Polygon", "coordinates": [[[-0.0855422, 51.5077179], [-0.0851874, 51.5076905], [-0.0848911, 51.5076461], [-0.084207, 51.5075306], [-0.0839354, 51.5074794], [-0.0834665, 51.507425], [-0.0826689, 51.5073031], [-0.0819213, 51.5071938], [-0.0813975, 51.5071079], [-0.0811271, 51.5070621], [-0.0810598, 51.5070502], [-0.0855422, 51.5077179]]]}}, {"type": "Feature", "properties": {"water": "river", "name": "River Thames", "source_id": "osm/way/608139710", "source": "OpenStreetMap", "licence": "ODbL 1.0"}, "geometry": {"type": "Polygon", "coordinates": [[[-0.057559, 51.5020186], [-0.0559797, 51.5023908], [-0.0548732, 51.5027952], [-0.0486459, 51.5062968], [-0.057559, 51.5020186]]]}}, {"type": "Feature", "properties": {"water": "river", "name": "River Thames", "source_id": "osm/way/608139765", "source": "OpenStreetMap", "licence": "ODbL 1.0"}, "geometry": {"type": "Polygon", "coordinates": [[[-0.080209, 51.5068709], [-0.079985, 51.5068051], [-0.0754678, 51.5055343], [-0.080209, 51.5068709]]]}}, {"type": "Feature", "properties": {"water": "river", "name": "River Thames", "source_id": "osm/way/610474428", "source": "OpenStreetMap", "licence": "ODbL 1.0"}, "geometry": {"type": "Polygon", "coordinates": [[[-0.6420121, 51.4906611], [-0.6414043, 51.4907104], [-0.6412463, 51.4907394], [-0.6409505, 51.4908161], [-0.6420121, 51.4906611]]]}}, {"type": "Feature", "properties": {"water": "river", "name": "River Thames", "source_id": "osm/way/610474429", "source": "OpenStreetMap", "licence": "ODbL 1.0"}, "geometry": {"type": "Polygon", "coordinates": [[[-0.6406261, 51.4909058], [-0.6403654, 51.4909755], [-0.6398686, 51.4912422], [-0.6406261, 51.4909058]]]}}, {"type": "Feature", "properties": {"water": "river", "name": "River Thames", "source_id": "osm/way/610474430", "source": "OpenStreetMap", "licence": "ODbL 1.0"}, "geometry": {"type": "Polygon", "coordinates": [[[-0.6409505, 51.4908161], [-0.6407977, 51.4908584], [-0.6406261, 51.4909058], [-0.6409505, 51.4908161]]]}}, {"type": "Feature", "properties": {"water": "river", "name": "River Thames", "source_id": "osm/way/612733201", "source": "OpenStreetMap", "licence": "ODbL 1.0"}, "geometry": {"type": "Polygon", "coordinates": [[[-0.893656, 51.5493093], [-0.8929688, 51.5504663], [-0.892874, 51.5506316], [-0.8926796, 51.5509707], [-0.8923024, 51.5517746], [-0.8921481, 51.5521284], [-0.8914969, 51.553168], [-0.8904015, 51.5548552], [-0.893656, 51.5493093]]]}}, {"type": "Feature", "properties": {"water": "river", "name": "River Thames", "source_id": "osm/way/613348344", "source": "OpenStreetMap", "licence": "ODbL 1.0"}, "geometry": {"type": "Polygon", "coordinates": [[[-1.2403636, 51.7303277], [-1.2403625, 51.7302023], [-1.2401416, 51.7298096], [-1.2401336, 51.7294789], [-1.2403636, 51.7303277]]]}}, {"type": "Feature", "properties": {"water": "river", "name": "River Thames", "source_id": "osm/way/613348346", "source": "OpenStreetMap", "licence": "ODbL 1.0"}, "geometry": {"type": "Polygon", "coordinates": [[[-1.2725429, 51.7527253], [-1.2725213, 51.7524403], [-1.2724528, 51.7520234], [-1.2723948, 51.7515682], [-1.2722739, 51.7507136], [-1.2723168, 51.7505681], [-1.272348, 51.7504094], [-1.2723679, 51.7500974], [-1.2723689, 51.7499513], [-1.2723534, 51.7497868], [-1.2722736, 51.7495861], [-1.2721724, 51.7494592], [-1.2720714, 51.7493524], [-1.2725429, 51.7527253]]]}}, {"type": "Feature", "properties": {"water": "river", "name": "River Thames", "source_id": "osm/way/613348347", "source": "OpenStreetMap", "licence": "ODbL 1.0"}, "geometry": {"type": "Polygon", "coordinates": [[[-1.2977256, 51.777728], [-1.2977654, 51.7773524], [-1.2977654, 51.7771559], [-1.2977387, 51.7769551], [-1.2977061, 51.7767132], [-1.29761, 51.7763575], [-1.2977256, 51.777728]]]}}, {"type": "Feature", "properties": {"water": "river", "name": "River Thames", "source_id": "osm/way/613348348", "source": "OpenStreetMap", "licence": "ODbL 1.0"}, "geometry": {"type": "Polygon", "coordinates": [[[-1.2413282, 51.7251547], [-1.2414625, 51.7246153], [-1.2415241, 51.7243677], [-1.2415155, 51.7239211], [-1.2417199, 51.723401], [-1.2413282, 51.7251547]]]}}, {"type": "Feature", "properties": {"water": "river", "name": "River Thames", "source_id": "osm/way/613348349", "source": "OpenStreetMap", "licence": "ODbL 1.0"}, "geometry": {"type": "Polygon", "coordinates": [[[-1.2405236, 51.7279448], [-1.2405485, 51.7275695], [-1.2407712, 51.7272707], [-1.240806, 51.727224], [-1.2412073, 51.7266966], [-1.2412198, 51.7264445], [-1.2412327, 51.7261845], [-1.2411464, 51.7257316], [-1.2412492, 51.7254055], [-1.2413282, 51.7251547], [-1.2405236, 51.7279448]]]}}, {"type": "Feature", "properties": {"water": "river", "name": "River Thames", "source_id": "osm/way/613351957", "source": "OpenStreetMap", "licence": "ODbL 1.0"}, "geometry": {"type": "Polygon", "coordinates": [[[-0.9961833, 51.4698309], [-0.9944469, 51.4694227], [-0.9916789, 51.4686474], [-0.987795, 51.4682865], [-0.9872298, 51.4682373], [-0.9843452, 51.467986], [-0.9813669, 51.4674204], [-0.9791375, 51.4668558], [-0.9780202, 51.4661543], [-0.9961833, 51.4698309]]]}}, {"type": "Feature", "properties": {"water": "river", "name": "River Thames", "source_id": "osm/way/631094327", "source": "OpenStreetMap", "licence": "ODbL 1.0"}, "geometry": {"type": "Polygon", "coordinates": [[[-1.2210754, 51.6399734], [-1.2210285, 51.6398413], [-1.2209762, 51.6397672], [-1.2209308, 51.6397237], [-1.2208736, 51.6396856], [-1.2208206, 51.6396583], [-1.2207502, 51.6396362], [-1.2206523, 51.6396122], [-1.2204015, 51.6395764], [-1.2202383, 51.6395717], [-1.2201153, 51.6395772], [-1.2198287, 51.6396068], [-1.2196286, 51.639645], [-1.2195024, 51.6396774], [-1.2191247, 51.6397972], [-1.2189414, 51.6398697], [-1.2187725, 51.6399414], [-1.2174532, 51.6406061], [-1.2170815, 51.6407969], [-1.2169634, 51.6408546], [-1.2168543, 51.6408988], [-1.216696, 51.6409436], [-1.2165713, 51.6409688], [-1.2164061, 51.6409938], [-1.216283, 51.6410092], [-1.2159749, 51.641027], [-1.2210754, 51.6399734]]]}}, {"type": "Feature", "properties": {"water": "river", "name": "River Thames", "source_id": "osm/way/631676149", "source": "OpenStreetMap", "licence": "ODbL 1.0"}, "geometry": {"type": "Polygon", "coordinates": [[[-1.1785254, 51.6398701], [-1.1785777, 51.6397778], [-1.1786027, 51.639751], [-1.1786848, 51.639685], [-1.1787857, 51.6396228], [-1.1790346, 51.6393629], [-1.179311, 51.6390978], [-1.1797253, 51.6386403], [-1.1801534, 51.6381407], [-1.1801754, 51.6381192], [-1.1801767, 51.6379709], [-1.1785254, 51.6398701]]]}}, {"type": "Feature", "properties": {"water": "river", "name": "River Thames", "source_id": "osm/way/631676150", "source": "OpenStreetMap", "licence": "ODbL 1.0"}, "geometry": {"type": "Polygon", "coordinates": [[[-1.1804834, 51.6355463], [-1.179996, 51.6354088], [-1.1797874, 51.6353561], [-1.1795889, 51.6353107], [-1.1793787, 51.6352697], [-1.1788542, 51.6351869], [-1.1783569, 51.6351214], [-1.1778968, 51.6350732], [-1.1774047, 51.6350383], [-1.1770875, 51.6350055], [-1.1769491, 51.6349829], [-1.1768413, 51.634957], [-1.1765269, 51.6348433], [-1.1764233, 51.634812], [-1.1762666, 51.6347723], [-1.1758909, 51.6346959], [-1.1753895, 51.6346159], [-1.1746947, 51.6345221], [-1.1738879, 51.6343932], [-1.1737938, 51.6343796], [-1.1728936, 51.6342495], [-1.1726831, 51.634222], [-1.1725331, 51.6342101], [-1.1724017, 51.6342074], [-1.1720417, 51.6342193], [-1.1718667, 51.6342303], [-1.1711419, 51.6342758], [-1.17066, 51.6343174], [-1.1703313, 51.6343573], [-1.1701823, 51.6343679], [-1.1697865, 51.6343606], [-1.1689105, 51.6343805], [-1.1687863, 51.6343778], [-1.1684168, 51.6343564], [-1.1681869, 51.6343592], [-1.1679903, 51.6343704], [-1.1673856, 51.6344094], [-1.1658004, 51.634575], [-1.165214, 51.6346349], [-1.1804834, 51.6355463]]]}}, {"type": "Feature", "properties": {"water": "river", "name": "River Thames", "source_id": "osm/way/631676153", "source": "OpenStreetMap", "licence": "ODbL 1.0"}, "geometry": {"type": "Polygon", "coordinates": [[[-1.1801767, 51.6379709], [-1.1801597, 51.6379537], [-1.179972, 51.6378669], [-1.1799435, 51.637838], [-1.1799183, 51.6377992], [-1.179903, 51.6377604], [-1.1798951, 51.6377199], [-1.1799002, 51.6376795], [-1.1799169, 51.6376364], [-1.1799407, 51.6375997], [-1.1800011, 51.6375354], [-1.180397, 51.6369734], [-1.1805534, 51.6365511], [-1.1805941, 51.6363824], [-1.1805934, 51.6361773], [-1.1805485, 51.6357832], [-1.1804834, 51.6355463], [-1.1801767, 51.6379709]]]}}, {"type": "Feature", "properties": {"water": "river", "name": "River Thames", "source_id": "osm/way/635064399", "source": "OpenStreetMap", "licence": "ODbL 1.0"}, "geometry": {"type": "Polygon", "coordinates": [[[-1.1152124, 51.6184591], [-1.1155343, 51.6181793], [-1.1159048, 51.61707], [-1.1152124, 51.6184591]]]}}, {"type": "Feature", "properties": {"water": "river", "name": "River Thames", "source_id": "osm/way/635064404", "source": "OpenStreetMap", "licence": "ODbL 1.0"}, "geometry": {"type": "Polygon", "coordinates": [[[-1.114059, 51.6133609], [-1.1138873, 51.611069], [-1.115026, 51.6078423], [-1.114059, 51.6133609]]]}}, {"type": "Feature", "properties": {"water": "river", "name": "River Thames", "source_id": "osm/way/652084501", "source": "OpenStreetMap", "licence": "ODbL 1.0"}, "geometry": {"type": "Polygon", "coordinates": [[[-0.4069776, 51.4049311], [-0.4068882, 51.4051098], [-0.4068268, 51.4051643], [-0.4069776, 51.4049311]]]}}, {"type": "Feature", "properties": {"water": "river", "name": "River Thames", "source_id": "osm/way/652084502", "source": "OpenStreetMap", "licence": "ODbL 1.0"}, "geometry": {"type": "Polygon", "coordinates": [[[-0.4066723, 51.4052969], [-0.4065796, 51.4053712], [-0.4059631, 51.405617], [-0.4052762, 51.4057918], [-0.4066723, 51.4052969]]]}}, {"type": "Feature", "properties": {"water": "river", "name": "River Thames", "source_id": "osm/way/652084503", "source": "OpenStreetMap", "licence": "ODbL 1.0"}, "geometry": {"type": "Polygon", "coordinates": [[[-0.4068268, 51.4051643], [-0.4067813, 51.4052034], [-0.4066723, 51.4052969], [-0.4068268, 51.4051643]]]}}, {"type": "Feature", "properties": {"water": "river", "name": "River Thames", "source_id": "osm/way/666914683", "source": "OpenStreetMap", "licence": "ODbL 1.0"}, "geometry": {"type": "Polygon", "coordinates": [[[-0.4981349, 51.4140766], [-0.4979852, 51.4140387], [-0.4974935, 51.4139021], [-0.4973095, 51.4138574], [-0.4967226, 51.4137303], [-0.4963381, 51.4136157], [-0.4960241, 51.4135001], [-0.4956827, 51.4133861], [-0.4955308, 51.4133257], [-0.4948814, 51.4130476], [-0.4981349, 51.4140766]]]}}, {"type": "Feature", "properties": {"water": "river", "name": "River Thames", "source_id": "osm/way/675320855", "source": "OpenStreetMap", "licence": "ODbL 1.0"}, "geometry": {"type": "Polygon", "coordinates": [[[-0.3488379, 51.4064627], [-0.348711, 51.4063949], [-0.3486293, 51.4063308], [-0.3481965, 51.4060315], [-0.3488379, 51.4064627]]]}}, {"type": "Feature", "properties": {"water": "river", "name": "River Thames", "source_id": "osm/way/675320856", "source": "OpenStreetMap", "licence": "ODbL 1.0"}, "geometry": {"type": "Polygon", "coordinates": [[[-0.3481965, 51.4060315], [-0.3480432, 51.4059637], [-0.3479265, 51.4059346], [-0.3477677, 51.40592], [-0.347586, 51.4059205], [-0.3474104, 51.4059258], [-0.3472563, 51.4059127], [-0.3471018, 51.4058815], [-0.3481965, 51.4060315]]]}}, {"type": "Feature", "properties": {"water": "river", "name": "River Thames", "source_id": "osm/way/675320858", "source": "OpenStreetMap", "licence": "ODbL 1.0"}, "geometry": {"type": "Polygon", "coordinates": [[[-0.3665018, 51.4111282], [-0.3661951, 51.411221], [-0.3660457, 51.4112593], [-0.3658137, 51.4113118], [-0.3651369, 51.4115003], [-0.3647612, 51.4115921], [-0.3644193, 51.4116647], [-0.3631237, 51.4119056], [-0.3624411, 51.4119716], [-0.3616588, 51.412012], [-0.3612596, 51.4120405], [-0.3607113, 51.4120508], [-0.3603752, 51.4120408], [-0.3600114, 51.4120393], [-0.359795, 51.4120209], [-0.3596734, 51.4120022], [-0.3591607, 51.4119032], [-0.3590651, 51.4118812], [-0.3588022, 51.4117948], [-0.3584943, 51.411679], [-0.3583926, 51.4116281], [-0.3583272, 51.4116074], [-0.35782, 51.4115167], [-0.3576675, 51.4114786], [-0.3573389, 51.4113769], [-0.3571162, 51.4112937], [-0.3565589, 51.4111168], [-0.3556452, 51.4108504], [-0.3553784, 51.4107523], [-0.3553058, 51.4106892], [-0.3552688, 51.4106401], [-0.3552399, 51.410565], [-0.3552311, 51.4103707], [-0.3552563, 51.4102685], [-0.3552609, 51.4101814], [-0.3552553, 51.410095], [-0.355208, 51.409892], [-0.3551655, 51.4098338], [-0.3551305, 51.4098073], [-0.3544357, 51.409454], [-0.3541439, 51.4092907], [-0.3538099, 51.4091422], [-0.3529809, 51.4087232], [-0.3526415, 51.4085682], [-0.3519813, 51.4082118], [-0.3516395, 51.4080406], [-0.3513176, 51.4078743], [-0.3511382, 51.4077873], [-0.3507018, 51.4076075], [-0.3506188, 51.4075578], [-0.3504814, 51.4074579], [-0.350054, 51.4070705], [-0.3499641, 51.4070099], [-0.349912, 51.4069804], [-0.349697, 51.4068821], [-0.3495954, 51.4068285], [-0.3492204, 51.4066209], [-0.3488379, 51.4064627], [-0.3665018, 51.4111282]]]}}, {"type": "Feature", "properties": {"water": "river", "name": "River Thames", "source_id": "osm/way/675320859", "source": "OpenStreetMap", "licence": "ODbL 1.0"}, "geometry": {"type": "Polygon", "coordinates": [[[-0.3833712, 51.4085384], [-0.3830224, 51.4084401], [-0.3824081, 51.408285], [-0.3816577, 51.4081191], [-0.38138, 51.4080442], [-0.3812056, 51.4080121], [-0.380229, 51.4078971], [-0.3796171, 51.4078419], [-0.3794491, 51.4078341], [-0.3781187, 51.4078886], [-0.3778921, 51.4079115], [-0.3777244, 51.4079388], [-0.3774228, 51.4080075], [-0.3770858, 51.4080648], [-0.3764496, 51.4082458], [-0.3763903, 51.4082558], [-0.3761477, 51.4082857], [-0.3755802, 51.4083111], [-0.3749028, 51.4083583], [-0.3742184, 51.4084379], [-0.3738814, 51.4084935], [-0.3735415, 51.4085499], [-0.3731716, 51.4085996], [-0.3728637, 51.4086889], [-0.3726395, 51.4087667], [-0.3702662, 51.4097193], [-0.3693287, 51.4100803], [-0.3691351, 51.4101459], [-0.3690479, 51.4101753], [-0.3683269, 51.4103928], [-0.367848, 51.4105588], [-0.367607, 51.4106597], [-0.3673316, 51.4107638], [-0.3667657, 51.4110275], [-0.3666447, 51.4110761], [-0.3665018, 51.4111282], [-0.3833712, 51.4085384]]]}}, {"type": "Feature", "properties": {"water": "river", "name": "River Thames", "source_id": "osm/way/675320873", "source": "OpenStreetMap", "licence": "ODbL 1.0"}, "geometry": {"type": "Polygon", "coordinates": [[[-0.3423654, 51.4036035], [-0.3421532, 51.4035689], [-0.341929, 51.4035279], [-0.3414271, 51.4034111], [-0.3412324, 51.4033491], [-0.341017, 51.4032642], [-0.3408781, 51.4032065], [-0.3406579, 51.4030945], [-0.3405298, 51.4030172], [-0.3402455, 51.4028099], [-0.3400518, 51.4026813], [-0.3398028, 51.4024907], [-0.3396103, 51.4023261], [-0.3392032, 51.4019364], [-0.3389732, 51.4017362], [-0.3386326, 51.4012583], [-0.3385024, 51.4010416], [-0.3383668, 51.4008562], [-0.3383571, 51.4008444], [-0.3381353, 51.4005813], [-0.3379278, 51.400314], [-0.3377245, 51.4000918], [-0.337227, 51.3996188], [-0.3370937, 51.3994902], [-0.3369528, 51.3993712], [-0.3365368, 51.3990326], [-0.3359873, 51.3986049], [-0.3358288, 51.398457], [-0.3357141, 51.398369], [-0.335009, 51.3978716], [-0.3340291, 51.3971887], [-0.3330404, 51.3964631], [-0.3324847, 51.3960552], [-0.3322855, 51.3959184], [-0.3321211, 51.3957722], [-0.3317408, 51.3953226], [-0.3311267, 51.3944604], [-0.3308761, 51.394161], [-0.3308082, 51.3940917], [-0.3302805, 51.3936201], [-0.3301519, 51.3934825], [-0.3299973, 51.3933455], [-0.3292129, 51.3927426], [-0.328694, 51.3923098], [-0.3283917, 51.3921221], [-0.3282297, 51.3920353], [-0.3279811, 51.3919147], [-0.3278401, 51.3918381], [-0.3276873, 51.3917721], [-0.3276092, 51.3917458], [-0.3275254, 51.3917204], [-0.3270848, 51.3916205], [-0.3267237, 51.3915506], [-0.3259901, 51.3914457], [-0.3258826, 51.3914406], [-0.3256932, 51.3914316], [-0.3256168, 51.3914359], [-0.324868, 51.3914728], [-0.3246125, 51.3915034], [-0.3237158, 51.3916956], [-0.3223254, 51.3920632], [-0.3220877, 51.3921165], [-0.3216129, 51.3922086], [-0.3212321, 51.3922832], [-0.3209387, 51.3923671], [-0.3207486, 51.3924147], [-0.3204675, 51.3924763], [-0.3200684, 51.3925444], [-0.3198552, 51.3925944], [-0.3193929, 51.3927766], [-0.3190703, 51.3929123], [-0.3187954, 51.3930414], [-0.3185388, 51.3931762], [-0.3182893, 51.3933165], [-0.3177202, 51.393668], [-0.3423654, 51.4036035]]]}}, {"type": "Feature", "properties": {"water": "river", "name": "River Thames", "source_id": "osm/way/675508377", "source": "OpenStreetMap", "licence": "ODbL 1.0"}, "geometry": {"type": "Polygon", "coordinates": [[[0.2103069, 51.485877], [0.2110557, 51.4858709], [0.2115171, 51.4858514], [0.2125608, 51.4857786], [0.2135808, 51.4856641], [0.2138169, 51.4856308], [0.2141755, 51.4855692], [0.2160957, 51.4851876], [0.2163038, 51.4851441], [0.2167021, 51.4850403], [0.216941, 51.4849756], [0.2171767, 51.4849055], [0.2174345, 51.4848152], [0.2186236, 51.4843277], [0.2189836, 51.4842067], [0.2199421, 51.4838352], [0.2202673, 51.4837093], [0.2221039, 51.4829434], [0.2236757, 51.4822724], [0.2103069, 51.485877]]]}}, {"type": "Feature", "properties": {"water": "river", "name": "River Thames", "source_id": "osm/way/675791127", "source": "OpenStreetMap", "licence": "ODbL 1.0"}, "geometry": {"type": "Polygon", "coordinates": [[[-0.3471018, 51.4058815], [-0.3469621, 51.4058086], [-0.3466512, 51.4056593], [-0.3463901, 51.4055235], [-0.3462476, 51.4054477], [-0.3456057, 51.4050255], [-0.3446466, 51.4043946], [-0.3444387, 51.4042981], [-0.3441312, 51.4041346], [-0.343809, 51.4039808], [-0.3435247, 51.4038905], [-0.3433076, 51.4038082], [-0.343167, 51.4037604], [-0.3430631, 51.4037319], [-0.3429191, 51.4036984], [-0.3426306, 51.4036467], [-0.3423654, 51.4036035], [-0.3471018, 51.4058815]]]}}, {"type": "Feature", "properties": {"water": "stream", "name": "River Thames", "source_id": "osm/way/676344249", "source": "OpenStreetMap", "licence": "ODbL 1.0"}, "geometry": {"type": "Polygon", "coordinates": [[[-1.9702485, 51.6490478], [-1.9693732, 51.6494187], [-1.9685954, 51.6488196], [-1.9683862, 51.6486981], [-1.9665623, 51.6481356], [-1.9662994, 51.648034], [-1.9650012, 51.6476895], [-1.9647786, 51.6475481], [-1.9646832, 51.6473712], [-1.9702485, 51.6490478]]]}}, {"type": "Feature", "properties": {"water": "stream", "name": "River Thames", "source_id": "osm/way/676344250", "source": "OpenStreetMap", "licence": "ODbL 1.0"}, "geometry": {"type": "Polygon", "coordinates": [[[-1.9646832, 51.6473712], [-1.9644677, 51.6473267], [-1.96369, 51.647098], [-1.9628063, 51.6468265], [-1.962575, 51.646742], [-1.9623967, 51.6466397], [-1.9622049, 51.6464899], [-1.9615428, 51.6460646], [-1.9610203, 51.6457642], [-1.9605821, 51.6454984], [-1.9646832, 51.6473712]]]}}, {"type": "Feature", "properties": {"water": "river", "name": "River Thames", "source_id": "osm/way/687687357", "source": "OpenStreetMap", "licence": "ODbL 1.0"}, "geometry": {"type": "Polygon", "coordinates": [[[-0.7018195, 51.5177941], [-0.7019235, 51.5174928], [-0.7021633, 51.5169146], [-0.7025124, 51.5161424], [-0.7026489, 51.5157528], [-0.7028937, 51.5149984], [-0.7032867, 51.5135424], [-0.7035404, 51.5128277], [-0.7035837, 51.5126232], [-0.7035968, 51.512519], [-0.7036003, 51.512394], [-0.7035492, 51.5117586], [-0.7035157, 51.5116693], [-0.703495, 51.5115863], [-0.7034392, 51.5114688], [-0.7032721, 51.5112143], [-0.703183, 51.5111045], [-0.7018195, 51.5177941]]]}}, {"type": "Feature", "properties": {"water": "river", "name": "River Thames", "source_id": "osm/way/796382632", "source": "OpenStreetMap", "licence": "ODbL 1.0"}, "geometry": {"type": "Polygon", "coordinates": [[[0.0075979, 51.5055102], [0.0081966, 51.5052311], [0.0085804, 51.5050132], [0.0088232, 51.5048643], [0.0091395, 51.5046511], [0.0096477, 51.5042809], [0.0099241, 51.5040783], [0.0102394, 51.5038112], [0.0105603, 51.5035386], [0.0112213, 51.5029095], [0.012419, 51.5018701], [0.0128166, 51.5015395], [0.0133613, 51.5010832], [0.0141254, 51.5004415], [0.0149883, 51.4996857], [0.0153398, 51.499391], [0.0156046, 51.4991886], [0.0162159, 51.4988058], [0.017547, 51.4980833], [0.0184061, 51.4976692], [0.0191905, 51.4973563], [0.0198025, 51.4971551], [0.0206854, 51.496889], [0.0219183, 51.4965224], [0.0231372, 51.4962954], [0.0240124, 51.496149], [0.024692, 51.4960753], [0.0256875, 51.496041], [0.0268557, 51.4960037], [0.0277711, 51.4960167], [0.0290478, 51.4960872], [0.0295429, 51.4961416], [0.0309392, 51.4962766], [0.0314348, 51.4963741], [0.0317623, 51.4964052], [0.0323709, 51.4964631], [0.0337882, 51.4966822], [0.0348788, 51.4968108], [0.0349411, 51.4968178], [0.0355184, 51.4968411], [0.0356041, 51.49684], [0.0364184, 51.4968299], [0.0369084, 51.4968606], [0.0371005, 51.4968729], [0.0075979, 51.5055102]]]}}, {"type": "Feature", "properties": {"water": "river", "name": "River Thames", "source_id": "osm/way/814535859", "source": "OpenStreetMap", "licence": "ODbL 1.0"}, "geometry": {"type": "Polygon", "coordinates": [[[-0.177774, 51.4775395], [-0.1777721, 51.4775622], [-0.1777675, 51.4775753], [-0.1777605, 51.4775851], [-0.1777446, 51.4775991], [-0.1777103, 51.4776215], [-0.177532, 51.4777397], [-0.1774705, 51.4777816], [-0.1774282, 51.4778144], [-0.1773838, 51.4778609], [-0.177321, 51.4779357], [-0.1772429, 51.4780349], [-0.1771108, 51.4782147], [-0.1770616, 51.4782732], [-0.1767105, 51.4786], [-0.1764912, 51.4788139], [-0.176432, 51.4788792], [-0.1762594, 51.4790614], [-0.1761554, 51.4791702], [-0.1760993, 51.4792254], [-0.1760096, 51.4793129], [-0.1758411, 51.4794742], [-0.1757794, 51.4795317], [-0.1756287, 51.4796722], [-0.1753837, 51.4798794], [-0.175232, 51.4799843], [-0.1750956, 51.480071], [-0.1746905, 51.4803061], [-0.1745406, 51.4803852], [-0.1742431, 51.4805415], [-0.1739408, 51.4806842], [-0.1736081, 51.4808306], [-0.1733576, 51.4809244], [-0.173257, 51.4809604], [-0.1731521, 51.4809959], [-0.1730428, 51.481032], [-0.1729684, 51.481056], [-0.172897, 51.4810776], [-0.1727751, 51.4811129], [-0.1726339, 51.4811493], [-0.1724939, 51.4811881], [-0.1724625, 51.4812178], [-0.1724373, 51.4812424], [-0.1723906, 51.4812778], [-0.1723432, 51.4813088], [-0.1722786, 51.4813377], [-0.172184, 51.4813707], [-0.17212, 51.4813861], [-0.1718712, 51.4814479], [-0.1717019, 51.4814927], [-0.1715967, 51.4815188], [-0.1715393, 51.4815286], [-0.1714448, 51.4815446], [-0.1713631, 51.4815563], [-0.1713504, 51.4815586], [-0.1713351, 51.4815621], [-0.1713212, 51.4815658], [-0.1712441, 51.4815931], [-0.1711959, 51.4816113], [-0.1711655, 51.4816201], [-0.1711452, 51.4816261], [-0.1710876, 51.4816394], [-0.1710063, 51.4816579], [-0.170951, 51.4816686], [-0.1709009, 51.4816788], [-0.1708424, 51.4816954], [-0.1708109, 51.4817033], [-0.1707734, 51.4817102], [-0.1707489, 51.4817146], [-0.1707174, 51.4817205], [-0.1706758, 51.4817271], [-0.1705537, 51.4817384], [-0.1705242, 51.4817407], [-0.1704665, 51.4817407], [-0.1703638, 51.4817383], [-0.1703006, 51.4817379], [-0.1702635, 51.4817392], [-0.1702155, 51.4817417], [-0.1701928, 51.4817441], [-0.170144, 51.4817496], [-0.1701324, 51.4817522], [-0.170105, 51.4817581], [-0.1700493, 51.4817711], [-0.1699845, 51.4817874], [-0.1699312, 51.4818021], [-0.1697653, 51.4818492], [-0.1697548, 51.4818525], [-0.1695785, 51.4819031], [-0.1694694, 51.4819339], [-0.1694157, 51.4819483], [-0.1693716, 51.4819587], [-0.1692976, 51.4819716], [-0.1692667, 51.4819753], [-0.1691286, 51.4819987], [-0.1690423, 51.4820114], [-0.1688648, 51.4820304], [-0.1687962, 51.4820354], [-0.1687614, 51.4820405], [-0.1686902, 51.4820547], [-0.1686239, 51.4820598], [-0.1685877, 51.482061], [-0.1685167, 51.4820619], [-0.168469, 51.4820631], [-0.1684272, 51.4820658], [-0.1683616, 51.4820761], [-0.1682969, 51.4820893], [-0.1681636, 51.482134], [-0.1681159, 51.482158], [-0.16805, 51.4821791], [-0.1680057, 51.4821898], [-0.1679162, 51.4821973], [-0.167811, 51.4822098], [-0.1676294, 51.4822237], [-0.1675029, 51.4822368], [-0.1674005, 51.4822502], [-0.1673063, 51.4822708], [-0.1671088, 51.4823132], [-0.166961, 51.4823386], [-0.1668563, 51.4823534], [-0.1667718, 51.4823625], [-0.1667348, 51.4823665], [-0.1665269, 51.4823919], [-0.1663488, 51.4824138], [-0.1657775, 51.4824954], [-0.1654597, 51.482539], [-0.1652423, 51.4825656], [-0.1651911, 51.4825772], [-0.1651464, 51.4825839], [-0.1650737, 51.4825918], [-0.164929, 51.4826099], [-0.164828, 51.4826208], [-0.1646935, 51.4826328], [-0.1645465, 51.4826412], [-0.164244, 51.4826427], [-0.1641179, 51.4826639], [-0.1640549, 51.4826745], [-0.177774, 51.4775395]]]}}, {"type": "Feature", "properties": {"water": "river", "name": "River Thames", "source_id": "osm/way/856936819", "source": "OpenStreetMap", "licence": "ODbL 1.0"}, "geometry": {"type": "Polygon", "coordinates": [[[-0.1640549, 51.4826745], [-0.1639179, 51.4827118], [-0.1638822, 51.4827212], [-0.1636687, 51.4827732], [-0.1635756, 51.4828039], [-0.1634808, 51.4828349], [-0.1633222, 51.4828489], [-0.1632823, 51.4828498], [-0.1631654, 51.4828495], [-0.1627842, 51.4828971], [-0.1624188, 51.4829225], [-0.1621561, 51.4829335], [-0.1617563, 51.4829697], [-0.1616012, 51.4829687], [-0.1612052, 51.4830129], [-0.16111, 51.4830293], [-0.1609659, 51.4830573], [-0.1606039, 51.483064], [-0.1601806, 51.4831025], [-0.1600191, 51.4831279], [-0.1598608, 51.4831672], [-0.1592926, 51.4832506], [-0.158996, 51.4832813], [-0.1589246, 51.4833046], [-0.1587815, 51.483351], [-0.1586304, 51.4833645], [-0.158615, 51.483364], [-0.1584698, 51.483365], [-0.1583112, 51.4833655], [-0.1581368, 51.4833805], [-0.1580094, 51.4833949], [-0.1575623, 51.4834696], [-0.1555314, 51.4837476], [-0.1549466, 51.4838191], [-0.1546974, 51.4838321], [-0.1545593, 51.4838416], [-0.1544649, 51.4838517], [-0.1541266, 51.4838914], [-0.1539969, 51.4839105], [-0.1537703, 51.48395], [-0.1533587, 51.4840431], [-0.1533032, 51.4840557], [-0.1528194, 51.4841375], [-0.1527783, 51.4841437], [-0.1518929, 51.4842595], [-0.1516333, 51.4843005], [-0.1511457, 51.4843829], [-0.1508732, 51.4844282], [-0.1507676, 51.4844449], [-0.1506769, 51.4844575], [-0.150465, 51.4844841], [-0.1502771, 51.4845084], [-0.1500215, 51.4845317], [-0.1498308, 51.484545], [-0.1640549, 51.4826745]]]}}, {"type": "Feature", "properties": {"water": "river", "name": "River Thames", "source_id": "osm/way/857284754", "source": "OpenStreetMap", "licence": "ODbL 1.0"}, "geometry": {"type": "Polygon", "coordinates": [[[-0.1498308, 51.484545], [-0.1496653, 51.4845561], [-0.1494168, 51.4845674], [-0.1488462, 51.4845864], [-0.1487728, 51.4845889], [-0.1477579, 51.4846099], [-0.1469834, 51.484625], [-0.1464479, 51.484624], [-0.1462449, 51.4846153], [-0.145963, 51.4845989], [-0.1455251, 51.4845717], [-0.145304, 51.4845561], [-0.1451482, 51.4845434], [-0.1449914, 51.48453], [-0.144886, 51.4845147], [-0.1446819, 51.4844794], [-0.1443096, 51.4844148], [-0.144202, 51.4844008], [-0.1440844, 51.4843865], [-0.1436774, 51.4843534], [-0.1435231, 51.4843409], [-0.1430691, 51.484279], [-0.1429878, 51.4842681], [-0.1426124, 51.4842113], [-0.1423659, 51.4841757], [-0.1422342, 51.4841524], [-0.1419879, 51.4841082], [-0.1418474, 51.4840838], [-0.1415086, 51.4840177], [-0.141228, 51.483966], [-0.1410626, 51.4839372], [-0.1408171, 51.4839022], [-0.1405872, 51.4838738], [-0.1403897, 51.4838565], [-0.1400152, 51.4838338], [-0.1396493, 51.4838224], [-0.1391455, 51.4838078], [-0.1389046, 51.4838061], [-0.1385918, 51.4838089], [-0.1383457, 51.483817], [-0.1381098, 51.4838253], [-0.1379622, 51.4838322], [-0.1377659, 51.4838425], [-0.1375612, 51.4838605], [-0.1373747, 51.4838808], [-0.1369897, 51.4839313], [-0.1367143, 51.4839681], [-0.1363709, 51.4840146], [-0.1361942, 51.4840505], [-0.1359971, 51.484081], [-0.1357127, 51.4841373], [-0.1354967, 51.4841855], [-0.1351198, 51.4842622], [-0.1349828, 51.4842883], [-0.1348369, 51.4843073], [-0.1345481, 51.4843591], [-0.1343844, 51.4843797], [-0.1341436, 51.4844256], [-0.1340261, 51.4844425], [-0.1336673, 51.4845175], [-0.1334777, 51.4845664], [-0.1330619, 51.4846582], [-0.1330245, 51.4846672], [-0.1329586, 51.4846717], [-0.1329106, 51.4846755], [-0.1328858, 51.4846791], [-0.132862, 51.4846846], [-0.1327067, 51.4847429], [-0.1325599, 51.484788], [-0.1324361, 51.4848235], [-0.1323361, 51.4848609], [-0.1322374, 51.4848987], [-0.1321608, 51.4849296], [-0.1321195, 51.4849471], [-0.1320825, 51.4849646], [-0.1320236, 51.4849872], [-0.1319979, 51.4849936], [-0.1318586, 51.4850356], [-0.1317476, 51.4850648], [-0.131631, 51.4851027], [-0.1312821, 51.4852397], [-0.1311579, 51.4852897], [-0.1309401, 51.4853801], [-0.1307242, 51.4854651], [-0.1305336, 51.4855394], [-0.130367, 51.4855876], [-0.1302038, 51.4856391], [-0.130031, 51.4856891], [-0.1298741, 51.4857323], [-0.1298419, 51.4857395], [-0.1297995, 51.4857484], [-0.129746, 51.4857615], [-0.1297085, 51.4857754], [-0.1296343, 51.4858159], [-0.1294913, 51.4858926], [-0.1498308, 51.484545]]]}}, {"type": "Feature", "properties": {"water": "river", "name": "River Thames", "source_id": "osm/way/857284757", "source": "OpenStreetMap", "licence": "ODbL 1.0"}, "geometry": {"type": "Polygon", "coordinates": [[[-0.1294913, 51.4858926], [-0.1294405, 51.4859177], [-0.1293844, 51.485947], [-0.1293555, 51.4859627], [-0.1293248, 51.4859841], [-0.1293099, 51.4859952], [-0.1292749, 51.4860179], [-0.1291363, 51.4861199], [-0.1290811, 51.4861598], [-0.1287941, 51.4863828], [-0.128418, 51.486638], [-0.1280225, 51.4869999], [-0.1278473, 51.4871297], [-0.1276673, 51.4872564], [-0.1276187, 51.4872881], [-0.1274517, 51.4874101], [-0.1273044, 51.4875253], [-0.127216, 51.4875935], [-0.1271559, 51.4876393], [-0.1270081, 51.4877722], [-0.1268124, 51.4879565], [-0.1267648, 51.4879983], [-0.1266155, 51.4881605], [-0.1262685, 51.4885461], [-0.1254879, 51.4893852], [-0.1250261, 51.4898967], [-0.1248462, 51.4901051], [-0.1246993, 51.4902782], [-0.12456, 51.4904441], [-0.1241894, 51.4909804], [-0.1240399, 51.4911919], [-0.1239957, 51.4912969], [-0.123948, 51.4914489], [-0.1239468, 51.4915215], [-0.1239641, 51.4916245], [-0.1239681, 51.4917152], [-0.1239636, 51.4917912], [-0.1239563, 51.4918431], [-0.1239023, 51.4920292], [-0.1238754, 51.4921004], [-0.1238605, 51.4921476], [-0.1238325, 51.49221], [-0.1237945, 51.4922873], [-0.1237269, 51.4923858], [-0.1235949, 51.492514], [-0.1235247, 51.4926092], [-0.1234618, 51.4927044], [-0.1232797, 51.4930888], [-0.1231264, 51.4934116], [-0.1231038, 51.4934647], [-0.1229897, 51.493778], [-0.122965, 51.4938893], [-0.1229183, 51.494123], [-0.1229088, 51.4941695], [-0.122894, 51.4942467], [-0.1228573, 51.4944335], [-0.1228435, 51.4944956], [-0.1228364, 51.4945269], [-0.1228341, 51.4945375], [-0.1228332, 51.4945455], [-0.122824, 51.4945887], [-0.1228162, 51.4946406], [-0.1228002, 51.4947283], [-0.122794, 51.4947551], [-0.122772, 51.4948156], [-0.1227533, 51.4948685], [-0.1227389, 51.4949092], [-0.1227352, 51.4949312], [-0.1227044, 51.4950492], [-0.1226833, 51.495132], [-0.122658, 51.4952413], [-0.1226263, 51.4953805], [-0.1225885, 51.4955299], [-0.1225057, 51.4960357], [-0.1224744, 51.4962453], [-0.1223935, 51.4966904], [-0.1223889, 51.4971115], [-0.1223378, 51.4976898], [-0.1223122, 51.4979521], [-0.1222729, 51.4982446], [-0.1222505, 51.4983962], [-0.1222047, 51.4986833], [-0.1221632, 51.4989478], [-0.1221015, 51.4993457], [-0.1220405, 51.4996112], [-0.1220128, 51.4997728], [-0.12189, 51.5003146], [-0.1218516, 51.5005765], [-0.1217807, 51.5011242], [-0.1217592, 51.5012488], [-0.1216521, 51.5018834], [-0.1214316, 51.5031904], [-0.1213915, 51.5033972], [-0.121349, 51.5036672], [-0.121296, 51.5039735], [-0.1212612, 51.5042239], [-0.1212417, 51.5043098], [-0.121216, 51.5044619], [-0.1211606, 51.5046875], [-0.1211134, 51.5048901], [-0.1210752, 51.504989], [-0.1208036, 51.5056713], [-0.1207575, 51.5057602], [-0.1207316, 51.5058032], [-0.1206955, 51.5058556], [-0.1206569, 51.5059022], [-0.1205662, 51.5060104], [-0.1204854, 51.5061073], [-0.1204272, 51.5061752], [-0.120339, 51.5062791], [-0.120187, 51.5064614], [-0.1200826, 51.5065832], [-0.1198894, 51.5068063], [-0.1197474, 51.5069602], [-0.1196622, 51.5070388], [-0.1192404, 51.5074151], [-0.1190624, 51.5075689], [-0.1183405, 51.5080976], [-0.1180625, 51.5082667], [-0.117805, 51.5083992], [-0.1176397, 51.5084577], [-0.1174583, 51.5085222], [-0.1168938, 51.5087227], [-0.1163166, 51.5089517], [-0.1158133, 51.5091001], [-0.1155653, 51.5091726], [-0.1152974, 51.5092375], [-0.1149587, 51.5093085], [-0.1145809, 51.5093869], [-0.113912, 51.5094967], [-0.1127235, 51.5096628], [-0.1120492, 51.5097294], [-0.1117813, 51.5097477], [-0.111629, 51.5097605], [-0.1115308, 51.509768], [-0.11147, 51.5097732], [-0.1294913, 51.4858926]]]}}, {"type": "Feature", "properties": {"water": "river", "name": "River Thames", "source_id": "osm/way/860421850", "source": "OpenStreetMap", "licence": "ODbL 1.0"}, "geometry": {"type": "Polygon", "coordinates": [[[-0.2881606, 51.4870076], [-0.2880943, 51.4869998], [-0.2880696, 51.4869982], [-0.2879232, 51.4869902], [-0.2877722, 51.4869819], [-0.2877227, 51.4869799], [-0.2876288, 51.4869766], [-0.2875337, 51.4869775], [-0.2874593, 51.4869786], [-0.2873825, 51.4869767], [-0.2873715, 51.4869761], [-0.2872818, 51.4869713], [-0.2872051, 51.4869654], [-0.2869439, 51.4869372], [-0.2866891, 51.4869059], [-0.2864974, 51.4868732], [-0.2861302, 51.4868127], [-0.2858623, 51.4867632], [-0.2855608, 51.4866997], [-0.2853644, 51.4866567], [-0.285047, 51.4865812], [-0.2846497, 51.4864817], [-0.2844874, 51.48644], [-0.2843388, 51.4864016], [-0.2842513, 51.4863765], [-0.2841799, 51.4863545], [-0.284115, 51.4863339], [-0.2840329, 51.4863065], [-0.2839998, 51.4862951], [-0.2838445, 51.4862351], [-0.283664, 51.4861596], [-0.2834841, 51.4860802], [-0.2832657, 51.4859835], [-0.2831276, 51.4859205], [-0.2830366, 51.4858805], [-0.2829422, 51.4858359], [-0.2828459, 51.4857884], [-0.2827887, 51.4857594], [-0.2827704, 51.4857502], [-0.2827426, 51.4857324], [-0.2827157, 51.4857165], [-0.2826772, 51.4856886], [-0.2826442, 51.4856591], [-0.2826183, 51.4856256], [-0.2824886, 51.4854381], [-0.282394, 51.4852633], [-0.2823697, 51.4852222], [-0.2823436, 51.4851865], [-0.2823164, 51.4851599], [-0.282289, 51.4851353], [-0.2821897, 51.4850729], [-0.2820902, 51.485016], [-0.2819423, 51.4849358], [-0.281764, 51.484847], [-0.2815689, 51.4847565], [-0.2814556, 51.4847024], [-0.2812099, 51.4845844], [-0.2810854, 51.4845247], [-0.280976, 51.4844722], [-0.2809077, 51.4844445], [-0.2808392, 51.4844188], [-0.2806959, 51.4843688], [-0.2805595, 51.484326], [-0.2804252, 51.4842908], [-0.2803228, 51.4842697], [-0.2802874, 51.4842651], [-0.2801999, 51.4842532], [-0.2801454, 51.4842439], [-0.280067, 51.4842256], [-0.2799592, 51.4841958], [-0.2798524, 51.4841585], [-0.2796801, 51.4840859], [-0.2795453, 51.484022], [-0.2793679, 51.4839322], [-0.2792344, 51.4838567], [-0.2791667, 51.4838195], [-0.2789768, 51.483695], [-0.2788147, 51.483585], [-0.2786958, 51.4835021], [-0.2785124, 51.4833707], [-0.2780323, 51.4829884], [-0.2779232, 51.4828972], [-0.2778574, 51.4828413], [-0.2778256, 51.4828144], [-0.2777555, 51.4827549], [-0.2776852, 51.4826938], [-0.277584, 51.482606], [-0.2773109, 51.4823628], [-0.2771562, 51.4822206], [-0.2770107, 51.4820808], [-0.2768739, 51.481942], [-0.276795, 51.481857], [-0.2767271, 51.4817809], [-0.276613, 51.4816465], [-0.2765991, 51.4816282], [-0.2765771, 51.4816013], [-0.2765693, 51.4815921], [-0.2765592, 51.4815785], [-0.2765407, 51.4815542], [-0.2765041, 51.4815048], [-0.2764496, 51.4814286], [-0.2764243, 51.4813892], [-0.2763403, 51.4812557], [-0.276297, 51.4811851], [-0.2762486, 51.4810992], [-0.2761022, 51.480829], [-0.2760398, 51.4807092], [-0.2759743, 51.4805848], [-0.2759517, 51.4805412], [-0.2759163, 51.4804657], [-0.2758454, 51.4803211], [-0.2757967, 51.4802279], [-0.2757514, 51.4801424], [-0.2756911, 51.4800151], [-0.2756423, 51.4799148], [-0.2756227, 51.4798709], [-0.2756043, 51.4798268], [-0.2755792, 51.4797645], [-0.2755472, 51.479673], [-0.275521, 51.4796067], [-0.2755124, 51.4795868], [-0.2754981, 51.4795543], [-0.2754823, 51.4795252], [-0.2754644, 51.479495], [-0.2754575, 51.4794837], [-0.275452, 51.4794751], [-0.2754478, 51.4794685], [-0.2754411, 51.4794581], [-0.2754338, 51.479447], [-0.2754255, 51.4794342], [-0.2754167, 51.479421], [-0.2754042, 51.4793985], [-0.275352, 51.4793217], [-0.2753312, 51.479271], [-0.2753298, 51.4792291], [-0.275331, 51.4791773], [-0.2752521, 51.4789951], [-0.2751592, 51.4787836], [-0.2751433, 51.4787397], [-0.2750054, 51.4784801], [-0.274814, 51.4781478], [-0.2747372, 51.4780203], [-0.2746957, 51.4779565], [-0.2746586, 51.4778882], [-0.2746249, 51.4778347], [-0.2744272, 51.4774986], [-0.2742171, 51.4771683], [-0.2740735, 51.476953], [-0.2738171, 51.476632], [-0.2737143, 51.4765171], [-0.2735258, 51.4763018], [-0.2732701, 51.4759957], [-0.273116, 51.4758301], [-0.2729563, 51.4756347], [-0.2728338, 51.4755024], [-0.2726973, 51.475361], [-0.2726243, 51.4752848], [-0.2725761, 51.4752341], [-0.2724724, 51.4751233], [-0.2723835, 51.4750291], [-0.2722923, 51.4749347], [-0.2722457, 51.4748866], [-0.2721948, 51.4748341], [-0.27218, 51.4748189], [-0.2720894, 51.474724], [-0.2719771, 51.4746303], [-0.2719677, 51.4746216], [-0.2718356, 51.4745112], [-0.271742, 51.4744328], [-0.2715618, 51.4742821], [-0.2714295, 51.4741707], [-0.2713065, 51.4740677], [-0.271268, 51.4740351], [-0.2711727, 51.4739551], [-0.2711435, 51.4739322], [-0.2710684, 51.4738728], [-0.270961, 51.4737924], [-0.2708435, 51.4737073], [-0.2705109, 51.4734806], [-0.2701041, 51.4732179], [-0.2700008, 51.4731557], [-0.2699174, 51.4731051], [-0.2698805, 51.4730834], [-0.269771, 51.4730199], [-0.2697348, 51.4729983], [-0.2696367, 51.4729372], [-0.269568, 51.4728974], [-0.2695007, 51.4728613], [-0.2694304, 51.4728239], [-0.2693199, 51.4727626], [-0.2690364, 51.4726191], [-0.2689077, 51.4725553], [-0.2687713, 51.4724894], [-0.2686014, 51.4724092], [-0.268235, 51.4722406], [-0.2676411, 51.4719913], [-0.2671187, 51.4717709], [-0.2668686, 51.4716813], [-0.2665117, 51.4715637], [-0.2663697, 51.4715198], [-0.2661677, 51.4714643], [-0.2659929, 51.4714162], [-0.2658605, 51.4713814], [-0.2657255, 51.4713475], [-0.2656462, 51.4713282], [-0.265552, 51.4713065], [-0.2654265, 51.4712792], [-0.2652637, 51.4712463], [-0.2649486, 51.4711802], [-0.264632, 51.4711091], [-0.2643996, 51.47106], [-0.2641457, 51.4710119], [-0.2640006, 51.4709871], [-0.2639468, 51.4709798], [-0.2637935, 51.4709604], [-0.2636079, 51.4709405], [-0.2634656, 51.4709283], [-0.2632091, 51.4709044], [-0.2629663, 51.4708831], [-0.2627402, 51.4708672], [-0.2625205, 51.4708549], [-0.2623297, 51.4708445], [-0.2620183, 51.4708334], [-0.2616409, 51.4708207], [-0.2613086, 51.470809], [-0.2605261, 51.4708303], [-0.2604459, 51.4708317], [-0.2604296, 51.4708322], [-0.2603031, 51.4708389], [-0.2602213, 51.4708428], [-0.2601068, 51.4708475], [-0.2600019, 51.4708505], [-0.2599474, 51.4708509], [-0.2598259, 51.470852], [-0.2597963, 51.4708533], [-0.2597074, 51.4708565], [-0.2596183, 51.4708647], [-0.2595566, 51.4708765], [-0.2595107, 51.4708862], [-0.2594493, 51.4708994], [-0.2593864, 51.4709101], [-0.2592956, 51.4709217], [-0.2592236, 51.470928], [-0.2591285, 51.4709327], [-0.2589836, 51.4709409], [-0.2588228, 51.470955], [-0.2587417, 51.4709625], [-0.2586276, 51.4709756], [-0.2585538, 51.4709864], [-0.2584176, 51.4710121], [-0.2582464, 51.471047], [-0.2580872, 51.4710801], [-0.2577149, 51.4711638], [-0.257516, 51.4712053], [-0.2572912, 51.4712623], [-0.256873, 51.4713827], [-0.2565181, 51.471498], [-0.2562535, 51.4715881], [-0.255983, 51.4716818], [-0.2558679, 51.471723], [-0.255696, 51.4717884], [-0.2555534, 51.4718466], [-0.255428, 51.4718983], [-0.2552946, 51.4719559], [-0.2551623, 51.4720152], [-0.255003, 51.472089], [-0.2547857, 51.4721963], [-0.2546414, 51.4722706], [-0.2545058, 51.4723457], [-0.2542769, 51.4724712], [-0.2540943, 51.4725759], [-0.2539922, 51.4726395], [-0.2539408, 51.4726758], [-0.2537727, 51.4728029], [-0.2536111, 51.4729266], [-0.2534903, 51.4730203], [-0.2534297, 51.4730664], [-0.2533571, 51.4731279], [-0.253326, 51.4731584], [-0.2533158, 51.4731679], [-0.2532026, 51.4733207], [-0.2531318, 51.4734151], [-0.2530406, 51.4735195], [-0.2529817, 51.473587], [-0.2528597, 51.4737264], [-0.2527692, 51.4738263], [-0.2526646, 51.4739402], [-0.2525812, 51.4740316], [-0.2525723, 51.4740413], [-0.2525575, 51.474057], [-0.2524049, 51.4742172], [-0.2522105, 51.4744274], [-0.2520899, 51.4745425], [-0.2520267, 51.4746112], [-0.251962, 51.4746812], [-0.2518987, 51.4747548], [-0.2518647, 51.4747991], [-0.2518134, 51.474875], [-0.2517524, 51.4749723], [-0.2517337, 51.475038], [-0.251704, 51.47516], [-0.2516864, 51.4752409], [-0.2516661, 51.4753302], [-0.2516398, 51.4754054], [-0.2515783, 51.4755572], [-0.2514859, 51.4757663], [-0.2514327, 51.4758737], [-0.2511088, 51.4764827], [-0.2510252, 51.4766285], [-0.2509936, 51.4766851], [-0.2509545, 51.47675], [-0.250868, 51.4768918], [-0.2508211, 51.4769688], [-0.2508023, 51.4770031], [-0.2507933, 51.4770226], [-0.2507293, 51.4771693], [-0.2507196, 51.4771943], [-0.2507122, 51.4772129], [-0.2507079, 51.4772283], [-0.2507064, 51.4772425], [-0.2506953, 51.4773429], [-0.2506867, 51.4773921], [-0.2506774, 51.4774197], [-0.2506353, 51.477604], [-0.2506263, 51.4776357], [-0.2505873, 51.4778478], [-0.2505737, 51.4779362], [-0.250535, 51.4780929], [-0.2505023, 51.478223], [-0.2505031, 51.4783584], [-0.2504773, 51.4785339], [-0.2504296, 51.4786707], [-0.250419, 51.4787395], [-0.2504016, 51.4788868], [-0.250405, 51.4790553], [-0.2504121, 51.4791632], [-0.2504082, 51.479234], [-0.2503978, 51.4793724], [-0.2503631, 51.479666], [-0.2503473, 51.4798031], [-0.2503416, 51.4798856], [-0.2503431, 51.4799455], [-0.2503516, 51.4801196], [-0.2503606, 51.4802473], [-0.2503708, 51.4803411], [-0.2503839, 51.4804271], [-0.2504467, 51.4807258], [-0.2504519, 51.4807612], [-0.2504673, 51.4808976], [-0.2504704, 51.4809394], [-0.2504723, 51.4809978], [-0.2504705, 51.4810581], [-0.2504566, 51.4812868], [-0.2504523, 51.4813586], [-0.2504365, 51.4815299], [-0.250411, 51.4817101], [-0.2503853, 51.4818552], [-0.2503765, 51.4819092], [-0.2503639, 51.4819822], [-0.2503469, 51.4820877], [-0.2503096, 51.48224], [-0.2502968, 51.4822921], [-0.250278, 51.4823772], [-0.2502572, 51.4824617], [-0.2502419, 51.4825105], [-0.2502207, 51.482565], [-0.250179, 51.4826843], [-0.2501172, 51.4828553], [-0.250086, 51.4829287], [-0.2500509, 51.4830087], [-0.2500182, 51.4830805], [-0.2499322, 51.483241], [-0.2498892, 51.4833163], [-0.2497564, 51.4835139], [-0.2496158, 51.4837343], [-0.2495429, 51.4838537], [-0.249516, 51.4838962], [-0.2494751, 51.4839527], [-0.2494267, 51.4840168], [-0.2493301, 51.4841341], [-0.2492441, 51.4842171], [-0.2491942, 51.4842683], [-0.2490631, 51.4844002], [-0.2489788, 51.4844934], [-0.2489261, 51.4845532], [-0.2488658, 51.484613], [-0.2488061, 51.4846908], [-0.2487256, 51.4847841], [-0.248634, 51.4848693], [-0.248492, 51.4849892], [-0.2483114, 51.485129], [-0.2481434, 51.4852526], [-0.2479069, 51.4854132], [-0.2477982, 51.4854853], [-0.247683, 51.4855536], [-0.2472156, 51.4858113], [-0.2468263, 51.4860095], [-0.2462178, 51.4862918], [-0.2451961, 51.4867891], [-0.244703, 51.4870281], [-0.2445299, 51.4871334], [-0.2443124, 51.4872813], [-0.2440854, 51.4874456], [-0.2438873, 51.4875804], [-0.2437878, 51.487645], [-0.2435464, 51.4877894], [-0.2433899, 51.4878909], [-0.2881606, 51.4870076]]]}}, {"type": "Feature", "properties": {"water": "river", "name": "River Thames", "source_id": "osm/way/860421851", "source": "OpenStreetMap", "licence": "ODbL 1.0"}, "geometry": {"type": "Polygon", "coordinates": [[[-0.3153249, 51.4721557], [-0.3152417, 51.4721884], [-0.3151074, 51.4722431], [-0.3148886, 51.4723321], [-0.3148106, 51.4723601], [-0.3147518, 51.4723821], [-0.3146907, 51.4723977], [-0.3145574, 51.4724257], [-0.3144736, 51.4724403], [-0.3143175, 51.4724695], [-0.3142604, 51.4724813], [-0.314217, 51.4724948], [-0.3140611, 51.4725524], [-0.3138757, 51.4726238], [-0.313643, 51.4727026], [-0.3132392, 51.4728459], [-0.313018, 51.472936], [-0.3128096, 51.4730254], [-0.3123726, 51.4731875], [-0.3121506, 51.4732571], [-0.3119422, 51.4733287], [-0.3114493, 51.4735024], [-0.3112696, 51.4735687], [-0.3108759, 51.4737242], [-0.3105005, 51.4738816], [-0.3104842, 51.4738882], [-0.3103119, 51.4739603], [-0.3100757, 51.4740583], [-0.3096497, 51.474233], [-0.3090375, 51.4744898], [-0.3087014, 51.4746289], [-0.3085334, 51.474699], [-0.3083251, 51.4747908], [-0.3081906, 51.4748602], [-0.3079408, 51.4750103], [-0.3078238, 51.4750836], [-0.3077193, 51.47514], [-0.3075062, 51.4752562], [-0.3073637, 51.4753279], [-0.307199, 51.4754154], [-0.3071002, 51.4754767], [-0.3069327, 51.4755849], [-0.3067589, 51.4757042], [-0.3065667, 51.4758417], [-0.3064614, 51.4759201], [-0.30636, 51.4759973], [-0.306303, 51.476047], [-0.3062235, 51.4761208], [-0.3061476, 51.4762009], [-0.3060584, 51.4762938], [-0.3059915, 51.476362], [-0.3059514, 51.4764004], [-0.305912, 51.4764364], [-0.3057917, 51.4765457], [-0.3057115, 51.4766223], [-0.3056686, 51.476664], [-0.3056152, 51.4767187], [-0.3055623, 51.4767811], [-0.3055227, 51.4768328], [-0.3054668, 51.4769025], [-0.3053378, 51.4770964], [-0.3052711, 51.4772046], [-0.305245, 51.4772525], [-0.3052167, 51.4773], [-0.3051993, 51.4773293], [-0.305179, 51.477365], [-0.3051611, 51.4773936], [-0.3051393, 51.4774286], [-0.3051131, 51.477467], [-0.3050823, 51.4775132], [-0.3049935, 51.4776477], [-0.3049373, 51.4777463], [-0.3049221, 51.4777738], [-0.3048998, 51.4778103], [-0.304876, 51.4778458], [-0.3048606, 51.4778651], [-0.3048447, 51.4778835], [-0.3048145, 51.4779146], [-0.304787, 51.4779376], [-0.3047784, 51.4779454], [-0.3047531, 51.477967], [-0.3047421, 51.4779768], [-0.304726, 51.4779931], [-0.3047242, 51.4779953], [-0.3047135, 51.4780072], [-0.304703, 51.478021], [-0.3046981, 51.478027], [-0.3046972, 51.4780279], [-0.3046835, 51.4780422], [-0.3046731, 51.4780531], [-0.3046651, 51.4780615], [-0.3046574, 51.4780694], [-0.3046509, 51.4780762], [-0.304643, 51.4780845], [-0.3046408, 51.478087], [-0.304631, 51.4780986], [-0.3046199, 51.4781114], [-0.3046193, 51.4781121], [-0.3046103, 51.4781222], [-0.3046076, 51.4781255], [-0.3046014, 51.4781336], [-0.3045972, 51.4781389], [-0.3045936, 51.4781435], [-0.3045885, 51.4781498], [-0.3045774, 51.478165], [-0.3045142, 51.4782544], [-0.304483, 51.4782948], [-0.3044687, 51.4783124], [-0.3044589, 51.4783243], [-0.3044504, 51.4783346], [-0.3044379, 51.4783495], [-0.3043843, 51.4784112], [-0.3042891, 51.4785171], [-0.3042497, 51.4785529], [-0.3039777, 51.4788166], [-0.3037851, 51.479017], [-0.3037053, 51.4790937], [-0.3035279, 51.4792535], [-0.3034127, 51.4793561], [-0.3033803, 51.4793809], [-0.3033137, 51.4794363], [-0.3032191, 51.479509], [-0.3030627, 51.4796559], [-0.3029875, 51.4797253], [-0.3029481, 51.4797671], [-0.3028828, 51.4798296], [-0.3028115, 51.4798913], [-0.302751, 51.4799471], [-0.3026073, 51.4800559], [-0.3024838, 51.4801419], [-0.3023005, 51.4802896], [-0.302122, 51.4804294], [-0.3016866, 51.4807115], [-0.3014991, 51.480838], [-0.3013486, 51.4809419], [-0.3011089, 51.4811094], [-0.3010198, 51.4811751], [-0.3008394, 51.4813047], [-0.3006074, 51.4814751], [-0.3004599, 51.4815837], [-0.3002889, 51.4817325], [-0.3001993, 51.4818212], [-0.2999673, 51.4820347], [-0.2998807, 51.4821145], [-0.2998012, 51.4821902], [-0.2997296, 51.4822572], [-0.2996719, 51.4823142], [-0.2995914, 51.4823838], [-0.2995351, 51.4824404], [-0.2994583, 51.4825062], [-0.2993969, 51.4825636], [-0.2992446, 51.4827374], [-0.299119, 51.4828817], [-0.3153249, 51.4721557]]]}}, {"type": "Feature", "properties": {"water": "river", "name": "River Thames", "source_id": "osm/way/860421852", "source": "OpenStreetMap", "licence": "ODbL 1.0"}, "geometry": {"type": "Polygon", "coordinates": [[[-0.2886495, 51.4870976], [-0.2884358, 51.4870506], [-0.2883333, 51.4870311], [-0.2882784, 51.4870209], [-0.288245, 51.4870159], [-0.2882008, 51.4870111], [-0.2881606, 51.4870076], [-0.2886495, 51.4870976]]]}}, {"type": "Feature", "properties": {"water": "river", "name": "River Thames", "source_id": "osm/way/860421854", "source": "OpenStreetMap", "licence": "ODbL 1.0"}, "geometry": {"type": "Polygon", "coordinates": [[[-0.2433899, 51.4878909], [-0.2429667, 51.488231], [-0.2426521, 51.4884206], [-0.2423489, 51.4885686], [-0.2419499, 51.4887484], [-0.2416198, 51.4888775], [-0.2410008, 51.4890908], [-0.2405025, 51.4892384], [-0.2401226, 51.4893311], [-0.2400853, 51.4893402], [-0.239747, 51.4894059], [-0.2393511, 51.4894738], [-0.2389419, 51.4895439], [-0.2387065, 51.4895781], [-0.2383734, 51.4896237], [-0.2379659, 51.4896589], [-0.2378663, 51.4896629], [-0.2377393, 51.4896691], [-0.2374104, 51.489683], [-0.2371468, 51.4896879], [-0.2369629, 51.4896841], [-0.2368695, 51.4896809], [-0.2365936, 51.4896724], [-0.2362819, 51.4896618], [-0.2361497, 51.4896588], [-0.235892, 51.4896548], [-0.2357034, 51.4896545], [-0.2355655, 51.489657], [-0.2353812, 51.4896631], [-0.2352365, 51.489665], [-0.2351023, 51.4896634], [-0.2349358, 51.4896613], [-0.2348199, 51.4896543], [-0.2347367, 51.4896511], [-0.2346881, 51.4896465], [-0.2345646, 51.4896312], [-0.2345316, 51.4896289], [-0.2343636, 51.4896156], [-0.2342137, 51.489599], [-0.2339032, 51.4895646], [-0.2336314, 51.4895155], [-0.2333741, 51.4894631], [-0.2331935, 51.4894037], [-0.2327241, 51.4892501], [-0.2319796, 51.4889826], [-0.2316997, 51.4888452], [-0.231622, 51.4888072], [-0.2310116, 51.4884644], [-0.2306338, 51.4882887], [-0.2304418, 51.4881998], [-0.2302834, 51.4881126], [-0.2296247, 51.4876395], [-0.2287131, 51.4869657], [-0.2284475, 51.4867576], [-0.2280876, 51.4864563], [-0.2278692, 51.486256], [-0.2277059, 51.4860893], [-0.2276416, 51.4860341], [-0.2274301, 51.485807], [-0.2272937, 51.4856458], [-0.2270779, 51.485343], [-0.2269694, 51.4851688], [-0.2268112, 51.484866], [-0.2264991, 51.4840762], [-0.2262897, 51.4833465], [-0.2262859, 51.4833338], [-0.2261484, 51.4829064], [-0.2258867, 51.4823755], [-0.2257277, 51.4821303], [-0.2257154, 51.482113], [-0.2256382, 51.4817657], [-0.2257888, 51.4815215], [-0.2257936, 51.4809533], [-0.2257415, 51.4806261], [-0.2256197, 51.4801638], [-0.2256117, 51.4795918], [-0.2256738, 51.478956], [-0.2256771, 51.4782772], [-0.2256273, 51.4775552], [-0.2255442, 51.4769883], [-0.2254797, 51.4767581], [-0.2253919, 51.4764609], [-0.2253509, 51.4763667], [-0.2252431, 51.4761394], [-0.2252151, 51.4760796], [-0.2250748, 51.4758374], [-0.2245935, 51.475179], [-0.2242529, 51.4747521], [-0.2240973, 51.4745699], [-0.22393, 51.4743921], [-0.2236625, 51.4741236], [-0.22315, 51.4736366], [-0.2227737, 51.4732801], [-0.2217611, 51.4723318], [-0.2433899, 51.4878909]]]}}, {"type": "Feature", "properties": {"water": "river", "name": "River Thames", "source_id": "osm/way/860421857", "source": "OpenStreetMap", "licence": "ODbL 1.0"}, "geometry": {"type": "Polygon", "coordinates": [[[-0.3177202, 51.393668], [-0.3177457, 51.3936863], [-0.3174414, 51.3938972], [-0.3171688, 51.3940891], [-0.3168676, 51.3942964], [-0.3166954, 51.3944185], [-0.3166695, 51.3944408], [-0.3166501, 51.3944537], [-0.3163653, 51.3946679], [-0.3150877, 51.3955606], [-0.3148025, 51.3957658], [-0.3140162, 51.3963113], [-0.3137204, 51.3965194], [-0.3132856, 51.3968277], [-0.3131019, 51.3969548], [-0.3129518, 51.3970598], [-0.3129258, 51.3970822], [-0.3129015, 51.3971026], [-0.3126689, 51.3972903], [-0.3126024, 51.3973573], [-0.312491, 51.3974793], [-0.3124245, 51.3975657], [-0.31238, 51.3976278], [-0.3123437, 51.3976859], [-0.3122888, 51.3977876], [-0.3122172, 51.3979252], [-0.312162, 51.3980608], [-0.3121305, 51.3981394], [-0.3120401, 51.3983056], [-0.3120174, 51.39834], [-0.3120036, 51.3983616], [-0.3119653, 51.3984175], [-0.3119378, 51.3984501], [-0.3119117, 51.3984766], [-0.3118766, 51.398508], [-0.3118296, 51.3985456], [-0.3117882, 51.3985783], [-0.311592, 51.3987276], [-0.3114734, 51.3988145], [-0.3107291, 51.3993306], [-0.3105335, 51.3994678], [-0.3104725, 51.39951], [-0.310416, 51.3995483], [-0.310357, 51.3995847], [-0.3102419, 51.3996501], [-0.3100357, 51.3997632], [-0.3100203, 51.3997724], [-0.3099146, 51.3998249], [-0.30982, 51.399872], [-0.309723, 51.3999248], [-0.3096655, 51.3999677], [-0.3096248, 51.4000088], [-0.3095552, 51.400091], [-0.3095208, 51.400145], [-0.3094892, 51.4002048], [-0.3094066, 51.4003656], [-0.3093432, 51.4004861], [-0.3092654, 51.400627], [-0.3091947, 51.4007624], [-0.3091605, 51.400824], [-0.3091396, 51.400869], [-0.3090989, 51.4009545], [-0.3090668, 51.4010301], [-0.3090292, 51.40112], [-0.3089868, 51.4012479], [-0.308958, 51.4013478], [-0.3088943, 51.4015485], [-0.3088561, 51.4017037], [-0.3088107, 51.4019175], [-0.3087764, 51.402108], [-0.3087555, 51.4022592], [-0.3087054, 51.4026593], [-0.3086886, 51.4028247], [-0.3086767, 51.403055], [-0.308659, 51.4033492], [-0.3086596, 51.4035636], [-0.3086737, 51.4038274], [-0.3086828, 51.4039065], [-0.3087084, 51.404228], [-0.3087602, 51.4046288], [-0.3087927, 51.4048117], [-0.3088112, 51.404909], [-0.3088394, 51.4050236], [-0.3088743, 51.4051873], [-0.3088887, 51.405259], [-0.3089087, 51.4053201], [-0.3089354, 51.4054272], [-0.3089483, 51.4054935], [-0.3089657, 51.4055781], [-0.3089925, 51.4056595], [-0.3090075, 51.4057239], [-0.3090122, 51.4057865], [-0.309009, 51.4059243], [-0.308974, 51.4062781], [-0.3089592, 51.4064486], [-0.3089584, 51.4066545], [-0.3089617, 51.4067953], [-0.3089876, 51.4071745], [-0.3090049, 51.4075052], [-0.3090217, 51.4078803], [-0.3090414, 51.408263], [-0.3090541, 51.4083615], [-0.3090555, 51.4084621], [-0.3090584, 51.4087399], [-0.3090639, 51.4087995], [-0.30907, 51.4089547], [-0.3090704, 51.4091665], [-0.3090677, 51.4092377], [-0.3090659, 51.4093449], [-0.309059, 51.4094145], [-0.3090556, 51.4094834], [-0.3090544, 51.4095073], [-0.3090416, 51.4097453], [-0.3090349, 51.4098167], [-0.3090264, 51.4099281], [-0.3090139, 51.4100014], [-0.3089985, 51.410099], [-0.3089936, 51.4101221], [-0.3089738, 51.4102085], [-0.3089397, 51.4103892], [-0.3089074, 51.4105417], [-0.3088959, 51.4106165], [-0.3088762, 51.4107485], [-0.3088466, 51.4109102], [-0.3088017, 51.41118], [-0.3087378, 51.4115141], [-0.308717, 51.4116124], [-0.3086434, 51.4118571], [-0.3085796, 51.4120389], [-0.3085449, 51.4121308], [-0.3085089, 51.4122183], [-0.3084707, 51.4123065], [-0.3084487, 51.4123724], [-0.3084433, 51.4124004], [-0.3084176, 51.4125919], [-0.3084169, 51.4126982], [-0.3084296, 51.4128456], [-0.3084434, 51.4129202], [-0.3084622, 51.4130104], [-0.3084845, 51.4131165], [-0.3084864, 51.4131534], [-0.3084914, 51.4132726], [-0.3084899, 51.4133881], [-0.3084894, 51.4134459], [-0.3084895, 51.4134737], [-0.3084898, 51.413491], [-0.3084903, 51.4135066], [-0.3084911, 51.4135253], [-0.3084935, 51.4135584], [-0.3084974, 51.4136254], [-0.3084889, 51.4138568], [-0.3084836, 51.4139994], [-0.3084716, 51.4141878], [-0.308462, 51.4143148], [-0.3084536, 51.4144288], [-0.3084519, 51.4144567], [-0.3084456, 51.4145528], [-0.3084412, 51.4146156], [-0.3084307, 51.414671], [-0.3084001, 51.4148128], [-0.3083466, 51.4150189], [-0.3083094, 51.4151765], [-0.3082744, 51.4153139], [-0.3082445, 51.4154038], [-0.3079921, 51.4160229], [-0.3079281, 51.41619], [-0.3078959, 51.4162714], [-0.3078419, 51.4164084], [-0.3078075, 51.4164962], [-0.3077777, 51.4165741], [-0.3077268, 51.4167116], [-0.3076976, 51.4167896], [-0.3076907, 51.4168038], [-0.3076888, 51.4168106], [-0.3076822, 51.4168351], [-0.3076735, 51.4168618], [-0.3076685, 51.416879], [-0.3076606, 51.41691], [-0.307654, 51.4169353], [-0.3076471, 51.4169616], [-0.3076223, 51.4170386], [-0.3075938, 51.4171393], [-0.3075505, 51.4172657], [-0.3074755, 51.4174213], [-0.3073712, 51.4175731], [-0.3072922, 51.417692], [-0.3072305, 51.4177729], [-0.3071969, 51.4178243], [-0.3071049, 51.4179787], [-0.3069718, 51.418199], [-0.3069177, 51.4182849], [-0.3068626, 51.4183943], [-0.3067348, 51.4186765], [-0.3067103, 51.4187277], [-0.30668, 51.4187964], [-0.3066518, 51.4188678], [-0.3066382, 51.4189102], [-0.3066275, 51.418945], [-0.3066232, 51.4189725], [-0.306623, 51.4189969], [-0.3066289, 51.4190451], [-0.3066323, 51.419067], [-0.306638, 51.4190832], [-0.3066492, 51.4191092], [-0.3066956, 51.4191974], [-0.3067144, 51.4192482], [-0.306728, 51.4192759], [-0.3067402, 51.4193233], [-0.3067468, 51.4193664], [-0.3067342, 51.4194694], [-0.3067118, 51.4196036], [-0.3066603, 51.4198603], [-0.3066368, 51.4200048], [-0.306617, 51.4200773], [-0.30657, 51.4203263], [-0.3065282, 51.420494], [-0.3064822, 51.4205849], [-0.3064411, 51.4206635], [-0.3063358, 51.4208825], [-0.306283, 51.4209227], [-0.306227, 51.4209608], [-0.3061898, 51.4209785], [-0.3061148, 51.4210234], [-0.3060221, 51.4210718], [-0.3060096, 51.4210831], [-0.3059758, 51.4211669], [-0.3059527, 51.4212621], [-0.306029, 51.4215008], [-0.3060856, 51.4216893], [-0.3061472, 51.4218689], [-0.3062058, 51.4220014], [-0.3062585, 51.4221074], [-0.306359, 51.422297], [-0.3064401, 51.422455], [-0.3066296, 51.422849], [-0.3066736, 51.4229426], [-0.3067287, 51.4230465], [-0.3068042, 51.4231581], [-0.3068908, 51.4232888], [-0.3068944, 51.4232936], [-0.3069387, 51.4233586], [-0.3069595, 51.4233866], [-0.3069966, 51.4234357], [-0.3070405, 51.4234913], [-0.30711, 51.4235793], [-0.3071889, 51.4236753], [-0.3072739, 51.4237765], [-0.3073423, 51.4238505], [-0.3073897, 51.4238983], [-0.3074034, 51.4239148], [-0.3074499, 51.4239528], [-0.3074806, 51.4239792], [-0.3075059, 51.4240027], [-0.3076684, 51.4242239], [-0.3079373, 51.4245719], [-0.3079889, 51.4246321], [-0.3081117, 51.424753], [-0.3083143, 51.4249458], [-0.3083973, 51.4250221], [-0.3084909, 51.4251003], [-0.3086152, 51.4251996], [-0.3087218, 51.4252833], [-0.3092613, 51.4257043], [-0.3096334, 51.4259497], [-0.3096657, 51.4259655], [-0.3100044, 51.4261701], [-0.310317, 51.4263474], [-0.3105009, 51.4264514], [-0.311076, 51.4267629], [-0.3112807, 51.4268717], [-0.3113643, 51.4269146], [-0.3114929, 51.4269806], [-0.3115906, 51.4270278], [-0.3117634, 51.4271101], [-0.3119181, 51.4271883], [-0.3120816, 51.4272645], [-0.3121057, 51.4272758], [-0.3121616, 51.4272958], [-0.3122334, 51.4273196], [-0.3124063, 51.4273693], [-0.3124547, 51.427384], [-0.3125223, 51.4274081], [-0.3125692, 51.4274276], [-0.3127438, 51.4275155], [-0.3128231, 51.4275561], [-0.3128601, 51.4275728], [-0.3129639, 51.4276227], [-0.3130281, 51.4276522], [-0.3131091, 51.4276866], [-0.3131682, 51.4277115], [-0.3132468, 51.4277425], [-0.3135178, 51.4278394], [-0.3136709, 51.427897], [-0.3137398, 51.4279251], [-0.3141663, 51.4281209], [-0.3143597, 51.4282116], [-0.3143856, 51.428222], [-0.3144524, 51.4282493], [-0.3177202, 51.393668]]]}}, {"type": "Feature", "properties": {"water": "river", "name": "River Thames", "source_id": "osm/way/860421861", "source": "OpenStreetMap", "licence": "ODbL 1.0"}, "geometry": {"type": "Polygon", "coordinates": [[[-0.3208002, 51.4653877], [-0.3207878, 51.4654043], [-0.3207858, 51.4654068], [-0.3207446, 51.4654618], [-0.3206755, 51.4655546], [-0.3205188, 51.4657629], [-0.320506, 51.4658257], [-0.320495, 51.465884], [-0.3204912, 51.4659159], [-0.3204719, 51.4660297], [-0.3204024, 51.4661199], [-0.3203678, 51.4661577], [-0.320347, 51.4661801], [-0.3203272, 51.4662136], [-0.3203149, 51.4662416], [-0.3203061, 51.4662829], [-0.3202869, 51.4663883], [-0.3202082, 51.4665318], [-0.3201633, 51.4666566], [-0.3201048, 51.4668215], [-0.3200173, 51.4669549], [-0.3199876, 51.4669991], [-0.3199649, 51.4670336], [-0.3199605, 51.4670631], [-0.3199512, 51.4671147], [-0.3199293, 51.4672361], [-0.3208002, 51.4653877]]]}}, {"type": "Feature", "properties": {"water": "river", "name": "River Thames", "source_id": "osm/way/860421863", "source": "OpenStreetMap", "licence": "ODbL 1.0"}, "geometry": {"type": "Polygon", "coordinates": [[[-0.3199293, 51.4672361], [-0.3198935, 51.4674013], [-0.3198152, 51.4678326], [-0.3197873, 51.4680211], [-0.3197548, 51.468268], [-0.3197402, 51.4683858], [-0.3197258, 51.4685104], [-0.3197145, 51.4685647], [-0.3197099, 51.4685782], [-0.3197002, 51.4686035], [-0.3196697, 51.4686744], [-0.3196064, 51.4688166], [-0.3195649, 51.4689147], [-0.3194302, 51.4692443], [-0.3193636, 51.4694096], [-0.3192597, 51.4696691], [-0.3191911, 51.469844], [-0.3191426, 51.4699793], [-0.3191022, 51.4700921], [-0.3190598, 51.4702119], [-0.3189987, 51.4703566], [-0.318935, 51.4705087], [-0.3189252, 51.4705369], [-0.3189203, 51.4705668], [-0.3189121, 51.4706194], [-0.318898, 51.4706601], [-0.3188719, 51.4707188], [-0.3188348, 51.4707678], [-0.3188122, 51.470799], [-0.3187895, 51.4708333], [-0.3187764, 51.4708465], [-0.3187363, 51.4708735], [-0.3186341, 51.4709489], [-0.3186068, 51.4709693], [-0.3185098, 51.4710344], [-0.318474, 51.471054], [-0.3184495, 51.4710675], [-0.3183818, 51.4711015], [-0.3182849, 51.471152], [-0.3181755, 51.4712059], [-0.3178823, 51.4713457], [-0.3177289, 51.4714161], [-0.3176304, 51.4714625], [-0.3175032, 51.4715202], [-0.3174557, 51.4715401], [-0.3173328, 51.4715898], [-0.3172176, 51.4716304], [-0.3171465, 51.4716551], [-0.3169775, 51.4717086], [-0.3168665, 51.4717453], [-0.3167972, 51.471765], [-0.3167165, 51.4717885], [-0.3166425, 51.4718109], [-0.3165416, 51.4718439], [-0.3164413, 51.4718776], [-0.3163968, 51.4718928], [-0.3163294, 51.4719141], [-0.3162564, 51.471935], [-0.3161756, 51.4719564], [-0.316089, 51.4719778], [-0.3159505, 51.4720081], [-0.3159225, 51.472014], [-0.3157425, 51.4720413], [-0.3156678, 51.4720528], [-0.3156093, 51.4720661], [-0.3154997, 51.4720968], [-0.3153249, 51.4721557], [-0.3199293, 51.4672361]]]}}, {"type": "Feature", "properties": {"water": "river", "name": "River Thames", "source_id": "osm/way/862765026", "source": "OpenStreetMap", "licence": "ODbL 1.0"}, "geometry": {"type": "Polygon", "coordinates": [[[-1.6794186, 51.689896], [-1.6794613, 51.6897865], [-1.6794791, 51.6896886], [-1.6794806, 51.689659], [-1.679454, 51.6896035], [-1.6793948, 51.6894951], [-1.6794186, 51.689896]]]}}, {"type": "Feature", "properties": {"water": "river", "name": "River Thames", "source_id": "osm/way/895984120", "source": "OpenStreetMap", "licence": "ODbL 1.0"}, "geometry": {"type": "Polygon", "coordinates": [[[0.5031321, 51.4994222], [0.5038545, 51.4994059], [0.5044201, 51.4993659], [0.5049794, 51.499345], [0.506188, 51.4994181], [0.5076016, 51.4995237], [0.5086988, 51.4996414], [0.5101647, 51.4998079], [0.5106501, 51.4998829], [0.51118, 51.4999804], [0.5118622, 51.5001231], [0.5123071, 51.5002224], [0.5131266, 51.5004234], [0.5133338, 51.5004711], [0.5135726, 51.5005155], [0.514285, 51.5006315], [0.5152412, 51.5007252], [0.5154679, 51.5007599], [0.5156874, 51.5007957], [0.5161088, 51.5008847], [0.5165963, 51.5009713], [0.5171325, 51.5010533], [0.5176578, 51.5011203], [0.5182681, 51.5012124], [0.5185108, 51.5012495], [0.5194005, 51.5013904], [0.5199492, 51.5014893], [0.5221658, 51.5018877], [0.5230156, 51.5020376], [0.5233312, 51.502038], [0.5236458, 51.5020465], [0.5248759, 51.5021162], [0.5251798, 51.5021394], [0.5257825, 51.5021974], [0.5262366, 51.5022524], [0.5273855, 51.5023652], [0.5031321, 51.4994222]]]}}, {"type": "Feature", "properties": {"water": "river", "name": "River Thames", "source_id": "osm/way/920057505", "source": "OpenStreetMap", "licence": "ODbL 1.0"}, "geometry": {"type": "Polygon", "coordinates": [[[-1.2718734, 51.7488202], [-1.2715949, 51.7487512], [-1.2713156, 51.7486393], [-1.2718734, 51.7488202]]]}}, {"type": "Feature", "properties": {"water": "river", "name": "Osney Pool", "source_id": "osm/way/920083284", "source": "OpenStreetMap", "licence": "ODbL 1.0"}, "geometry": {"type": "Polygon", "coordinates": [[[-1.2728586, 51.7490957], [-1.2727687, 51.7489994], [-1.2726243, 51.7489499], [-1.2723465, 51.7488858], [-1.2718734, 51.7488202], [-1.2728586, 51.7490957]]]}}, {"type": "Feature", "properties": {"water": "river", "name": "River Thames", "source_id": "osm/way/954268588", "source": "OpenStreetMap", "licence": "ODbL 1.0"}, "geometry": {"type": "Polygon", "coordinates": [[[-0.7935161, 51.5520165], [-0.7927811, 51.5521256], [-0.7919366, 51.5522836], [-0.7935161, 51.5520165]]]}}, {"type": "Feature", "properties": {"water": "river", "name": "River Thames", "source_id": "osm/way/954268589", "source": "OpenStreetMap", "licence": "ODbL 1.0"}, "geometry": {"type": "Polygon", "coordinates": [[[-0.7957371, 51.5516899], [-0.7949996, 51.5516976], [-0.7942327, 51.5518739], [-0.7957371, 51.5516899]]]}}, {"type": "Feature", "properties": {"water": "river", "name": "River Thames", "source_id": "osm/way/954268590", "source": "OpenStreetMap", "licence": "ODbL 1.0"}, "geometry": {"type": "Polygon", "coordinates": [[[-0.7942327, 51.5518739], [-0.793902, 51.5519397], [-0.7935161, 51.5520165], [-0.7942327, 51.5518739]]]}}, {"type": "Feature", "properties": {"water": "river", "name": "River Thames", "source_id": "osm/way/957572185", "source": "OpenStreetMap", "licence": "ODbL 1.0"}, "geometry": {"type": "Polygon", "coordinates": [[[-0.9192965, 51.4727177], [-0.9192005, 51.4731075], [-0.919198, 51.4735044], [-0.9192965, 51.4727177]]]}}, {"type": "Feature", "properties": {"water": "river", "name": "River Thames", "source_id": "osm/way/958788077", "source": "OpenStreetMap", "licence": "ODbL 1.0"}, "geometry": {"type": "Polygon", "coordinates": [[[-1.1435386, 51.52276], [-1.1436733, 51.5224472], [-1.1437362, 51.5223011], [-1.1438017, 51.5219894], [-1.1433993, 51.5216716], [-1.1426, 51.5212684], [-1.1425685, 51.5212253], [-1.1435386, 51.52276]]]}}, {"type": "Feature", "properties": {"water": "river", "name": "River Thames", "source_id": "osm/way/962235355", "source": "OpenStreetMap", "licence": "ODbL 1.0"}, "geometry": {"type": "Polygon", "coordinates": [[[-1.3644827, 51.7613525], [-1.3636995, 51.7616181], [-1.363163, 51.7618041], [-1.3622085, 51.7618698], [-1.3644827, 51.7613525]]]}}, {"type": "Feature", "properties": {"water": "river", "name": "River Thames", "source_id": "osm/way/962283678", "source": "OpenStreetMap", "licence": "ODbL 1.0"}, "geometry": {"type": "Polygon", "coordinates": [[[-1.390891, 51.7068095], [-1.3906008, 51.7070219], [-1.3903074, 51.7071865], [-1.3897114, 51.7074391], [-1.3884082, 51.7078754], [-1.3878524, 51.7080782], [-1.38742, 51.7082641], [-1.3870155, 51.7084724], [-1.3859409, 51.708924], [-1.3852337, 51.7093775], [-1.3843209, 51.7101723], [-1.3824407, 51.7116742], [-1.3816608, 51.7121157], [-1.3801448, 51.7128582], [-1.3799348, 51.7129617], [-1.3793756, 51.7132374], [-1.3784917, 51.7138617], [-1.3779593, 51.7144723], [-1.3778007, 51.7150407], [-1.3776879, 51.71557], [-1.3774379, 51.71583], [-1.390891, 51.7068095]]]}}, {"type": "Feature", "properties": {"water": "river", "name": "River Thames", "source_id": "osm/way/962283679", "source": "OpenStreetMap", "licence": "ODbL 1.0"}, "geometry": {"type": "Polygon", "coordinates": [[[-1.3767604, 51.7164208], [-1.3765051, 51.7166078], [-1.3762451, 51.7167148], [-1.3767604, 51.7164208]]]}}, {"type": "Feature", "properties": {"water": "stream", "name": "River Thames", "source_id": "osm/way/981987053", "source": "OpenStreetMap", "licence": "ODbL 1.0"}, "geometry": {"type": "Polygon", "coordinates": [[[-2.0229885, 51.6895309], [-2.0229899, 51.6895058], [-2.0229913, 51.6894842], [-2.0229885, 51.6894537], [-2.0229855, 51.6894339], [-2.0229754, 51.6894114], [-2.0229624, 51.6893853], [-2.0229204, 51.689317], [-2.0228871, 51.6892685], [-2.0226193, 51.6890756], [-2.0226646, 51.6882873], [-2.0227799, 51.687889], [-2.0225198, 51.687568], [-2.0224204, 51.6875266], [-2.0229885, 51.6895309]]]}}, {"type": "Feature", "properties": {"water": "river", "name": "River Thames", "source_id": "osm/way/1021966442", "source": "OpenStreetMap", "licence": "ODbL 1.0"}, "geometry": {"type": "Polygon", "coordinates": [[[-0.1041472, 51.5098594], [-0.1036136, 51.5098522], [-0.1033008, 51.5098175], [-0.1015878, 51.5098068], [-0.1002106, 51.5097261], [-0.0999518, 51.509712], [-0.0998845, 51.5097079], [-0.1041472, 51.5098594]]]}}, {"type": "Feature", "properties": {"water": "stream", "name": "River Thames", "source_id": "osm/way/1056516701", "source": "OpenStreetMap", "licence": "ODbL 1.0"}, "geometry": {"type": "Polygon", "coordinates": [[[-2.0224204, 51.6875266], [-2.021412, 51.6874136], [-2.0202962, 51.6869214], [-2.0198617, 51.6865639], [-2.0192877, 51.6862962], [-2.0189016, 51.6859518], [-2.0187931, 51.6858947], [-2.0186966, 51.6858758], [-2.0185491, 51.6858426], [-2.0182426, 51.6857856], [-2.0180983, 51.6857509], [-2.0179935, 51.6857167], [-2.0179035, 51.6856751], [-2.0177234, 51.6855777], [-2.0174023, 51.6854069], [-2.0168102, 51.6850884], [-2.0224204, 51.6875266]]]}}, {"type": "Feature", "properties": {"water": "river", "name": "River Thames", "source_id": "osm/way/1059343610", "source": "OpenStreetMap", "licence": "ODbL 1.0"}, "geometry": {"type": "Polygon", "coordinates": [[[-0.7937923, 51.5512261], [-0.7928985, 51.5512087], [-0.79189, 51.5514389], [-0.7921539, 51.5521531], [-0.7937923, 51.5512261]]]}}, {"type": "Feature", "properties": {"water": "river", "name": "River Thames", "source_id": "osm/way/1081021374", "source": "OpenStreetMap", "licence": "ODbL 1.0"}, "geometry": {"type": "Polygon", "coordinates": [[[-1.3473435, 51.7774591], [-1.3465492, 51.7780571], [-1.3461911, 51.77827], [-1.3454158, 51.7786505], [-1.3453368, 51.7786968], [-1.3452637, 51.7787458], [-1.3452226, 51.778778], [-1.3447704, 51.7791792], [-1.3437721, 51.7799495], [-1.3435645, 51.7800743], [-1.3473435, 51.7774591]]]}}, {"type": "Feature", "properties": {"water": "river", "name": "River Thames", "source_id": "osm/way/1130678335", "source": "OpenStreetMap", "licence": "ODbL 1.0"}, "geometry": {"type": "Polygon", "coordinates": [[[-1.9451795, 51.6460258], [-1.9444547, 51.646042], [-1.9432433, 51.6462155], [-1.9422681, 51.6462204], [-1.9412908, 51.6461846], [-1.940803, 51.6461999], [-1.9403132, 51.6462363], [-1.9393511, 51.6463272], [-1.9389242, 51.6463621], [-1.93849, 51.6464311], [-1.9381975, 51.6465192], [-1.9380785, 51.6465551], [-1.9451795, 51.6460258]]]}}, {"type": "Feature", "properties": {"water": "river", "name": "River Thames", "source_id": "osm/way/1163297503", "source": "OpenStreetMap", "licence": "ODbL 1.0"}, "geometry": {"type": "Polygon", "coordinates": [[[-0.0998845, 51.5097079], [-0.0993164, 51.509673], [-0.0989834, 51.5096433], [-0.098612, 51.5096113], [-0.0998845, 51.5097079]]]}}, {"type": "Feature", "properties": {"water": "river", "name": "River Thames", "source_id": "osm/way/1163297504", "source": "OpenStreetMap", "licence": "ODbL 1.0"}, "geometry": {"type": "Polygon", "coordinates": [[[-0.089064, 51.5080298], [-0.0889695, 51.5080174], [-0.0886235, 51.5079857], [-0.0880986, 51.5079259], [-0.0877574, 51.5078835], [-0.089064, 51.5080298]]]}}, {"type": "Feature", "properties": {"water": "river", "name": "River Thames", "source_id": "osm/way/1163297505", "source": "OpenStreetMap", "licence": "ODbL 1.0"}, "geometry": {"type": "Polygon", "coordinates": [[[-0.0923611, 51.5084459], [-0.0919282, 51.5083579], [-0.091105, 51.5082618], [-0.0905102, 51.5081838], [-0.0903267, 51.5081592], [-0.0895028, 51.5080846], [-0.089064, 51.5080298], [-0.0923611, 51.5084459]]]}}, {"type": "Feature", "properties": {"water": "river", "name": "River Thames", "source_id": "osm/way/1163297506", "source": "OpenStreetMap", "licence": "ODbL 1.0"}, "geometry": {"type": "Polygon", "coordinates": [[[-0.0985454, 51.5096056], [-0.0977328, 51.509534], [-0.0968501, 51.5094468], [-0.0960161, 51.5093326], [-0.0957299, 51.5092848], [-0.0985454, 51.5096056]]]}}, {"type": "Feature", "properties": {"water": "river", "name": "River Thames", "source_id": "osm/way/1163297507", "source": "OpenStreetMap", "licence": "ODbL 1.0"}, "geometry": {"type": "Polygon", "coordinates": [[[-0.0810598, 51.5070502], [-0.0806301, 51.5069665], [-0.080209, 51.5068709], [-0.0810598, 51.5070502]]]}}, {"type": "Feature", "properties": {"water": "river", "name": "River Thames", "source_id": "osm/way/1163297508", "source": "OpenStreetMap", "licence": "ODbL 1.0"}, "geometry": {"type": "Polygon", "coordinates": [[[-0.0877574, 51.5078835], [-0.0877503, 51.5078825], [-0.0876596, 51.5078765], [-0.0867675, 51.5078143], [-0.0861013, 51.507754], [-0.0857764, 51.5077352], [-0.0857377, 51.5077328], [-0.0856758, 51.5077282], [-0.0855422, 51.5077179], [-0.0877574, 51.5078835]]]}}, {"type": "Feature", "properties": {"water": "river", "name": "River Thames", "source_id": "osm/way/1167431860", "source": "OpenStreetMap", "licence": "ODbL 1.0"}, "geometry": {"type": "Polygon", "coordinates": [[[-1.573086, 51.7003936], [-1.5723271, 51.7004169], [-1.5718223, 51.7003921], [-1.5715691, 51.7002432], [-1.5713302, 51.6996418], [-1.573086, 51.7003936]]]}}, {"type": "Feature", "properties": {"water": "river", "name": "River Thames", "source_id": "osm/way/1167431861", "source": "OpenStreetMap", "licence": "ODbL 1.0"}, "geometry": {"type": "Polygon", "coordinates": [[[-1.5743805, 51.7001484], [-1.5737572, 51.7003367], [-1.5733898, 51.7003843], [-1.573086, 51.7003936], [-1.5743805, 51.7001484]]]}}, {"type": "Feature", "properties": {"water": "stream", "name": "River Thames", "source_id": "osm/way/1191887409", "source": "OpenStreetMap", "licence": "ODbL 1.0"}, "geometry": {"type": "Polygon", "coordinates": [[[-2.0168102, 51.6850884], [-2.0166356, 51.6850152], [-2.0164242, 51.6848767], [-2.0163781, 51.6847701], [-2.0162468, 51.6845021], [-2.0161653, 51.6843941], [-2.0160409, 51.6843148], [-2.0159244, 51.6842384], [-2.015728, 51.6841586], [-2.015597, 51.6840346], [-2.0155326, 51.683702], [-2.0156399, 51.6833162], [-2.0156897, 51.6830624], [-2.0157251, 51.6825674], [-2.0155516, 51.6823782], [-2.0155606, 51.682047], [-2.0156312, 51.6817847], [-2.0158411, 51.6815582], [-2.015969, 51.6812868], [-2.0159346, 51.6809093], [-2.0158485, 51.6806299], [-2.0155878, 51.6803911], [-2.0152562, 51.6803357], [-2.0151309, 51.6802788], [-2.0149429, 51.6801188], [-2.0168102, 51.6850884]]]}}, {"type": "Feature", "properties": {"water": "river", "name": "River Thames", "source_id": "osm/way/1212886721", "source": "OpenStreetMap", "licence": "ODbL 1.0"}, "geometry": {"type": "Polygon", "coordinates": [[[0.2769309, 51.4576177], [0.2770793, 51.4576054], [0.2772543, 51.4575939], [0.2774983, 51.4575784], [0.2776849, 51.457568], [0.2779016, 51.4575552], [0.2780883, 51.4575462], [0.2782865, 51.4575361], [0.2785104, 51.4575236], [0.2787115, 51.4575134], [0.2789068, 51.4575042], [0.27913, 51.4574922], [0.2793117, 51.4574838], [0.2795645, 51.4574725], [0.2797468, 51.4574627], [0.2799426, 51.4574625], [0.2799959, 51.4574624], [0.2801707, 51.4574612], [0.2803887, 51.4574588], [0.2805455, 51.4574575], [0.2807095, 51.4574557], [0.2808564, 51.457456], [0.2809967, 51.4574564], [0.2811638, 51.4574572], [0.2812876, 51.4574575], [0.2813863, 51.45746], [0.2814937, 51.4574624], [0.2816155, 51.4574668], [0.2817279, 51.4574691], [0.2818709, 51.457478], [0.2820665, 51.4574895], [0.2823924, 51.4575146], [0.2825838, 51.4575284], [0.2827407, 51.457542], [0.2828693, 51.4575517], [0.2829865, 51.4575633], [0.2830756, 51.4575746], [0.283195, 51.4575871], [0.2832905, 51.4575988], [0.2834398, 51.4576179], [0.2835282, 51.4576297], [0.2836465, 51.4576498], [0.2837561, 51.4576675], [0.283867, 51.4576847], [0.2839681, 51.4577038], [0.2840967, 51.4577296], [0.284176, 51.4577465], [0.2842889, 51.4577722], [0.2844181, 51.4578093], [0.2845983, 51.4578561], [0.2848237, 51.457916], [0.2850214, 51.4579693], [0.2852075, 51.4580219], [0.2854689, 51.4580959], [0.2857059, 51.4581713], [0.2859166, 51.4582401], [0.2862094, 51.4583378], [0.2864611, 51.4584201], [0.2866649, 51.4584926], [0.2868803, 51.4585684], [0.2870584, 51.4586333], [0.2871766, 51.4586786], [0.2872404, 51.458703], [0.2872559, 51.4587103], [0.2873442, 51.4587486], [0.2874412, 51.4587895], [0.2875376, 51.4588312], [0.2876327, 51.4588761], [0.2877047, 51.4589053], [0.2877209, 51.4589126], [0.2877681, 51.4589355], [0.2878147, 51.4589593], [0.2879454, 51.4590251], [0.2880933, 51.4591054], [0.2881252, 51.4591228], [0.2882967, 51.4592143], [0.2884707, 51.4593108], [0.2886207, 51.4594018], [0.2886326, 51.4594097], [0.2888167, 51.4595225], [0.2890248, 51.4596534], [0.2891911, 51.459754], [0.2893469, 51.4598467], [0.2895236, 51.4599543], [0.2896694, 51.4600486], [0.289827, 51.4601481], [0.289969, 51.4602384], [0.2901332, 51.4603408], [0.2903017, 51.4604441], [0.2904571, 51.4605418], [0.2905183, 51.4605847], [0.2905561, 51.4606208], [0.2910015, 51.4609493], [0.2914498, 51.4612769], [0.2939085, 51.4630526], [0.2939264, 51.463064], [0.29466, 51.4635964], [0.295554, 51.4642543], [0.2957721, 51.4644119], [0.2962467, 51.4647461], [0.2967256, 51.4650794], [0.296921, 51.465214], [0.2973981, 51.4655401], [0.297878, 51.4658644], [0.2987544, 51.4664578], [0.2990195, 51.4666325], [0.2993886, 51.4668717], [0.2997605, 51.4671081], [0.3001351, 51.4673435], [0.3005126, 51.4675762], [0.3008943, 51.467808], [0.3010162, 51.4678838], [0.3013178, 51.4680721], [0.3016301, 51.4682592], [0.3021525, 51.4686331], [0.3026892, 51.46894], [0.303265, 51.4692516], [0.3040015, 51.4695231], [0.3044657, 51.4696201], [0.3050888, 51.4697256], [0.3063857, 51.4698881], [0.3078397, 51.4700249], [0.3084901, 51.4700436], [0.3093015, 51.470087], [0.3103819, 51.4701232], [0.3107221, 51.4701309], [0.3119889, 51.4701536], [0.3127353, 51.4701353], [0.3133848, 51.4701072], [0.3140458, 51.470024], [0.3146857, 51.4699214], [0.3154408, 51.4697626], [0.3169213, 51.4693404], [0.2769309, 51.4576177]]]}}, {"type": "Feature", "properties": {"water": "river", "name": "River Thames", "source_id": "osm/way/1218234438", "source": "OpenStreetMap", "licence": "ODbL 1.0"}, "geometry": {"type": "Polygon", "coordinates": [[[-0.0754678, 51.5055343], [-0.0752635, 51.5054749], [-0.0750821, 51.5054242], [-0.0748647, 51.5053753], [-0.0746786, 51.5053405], [-0.0744278, 51.5052903], [-0.0743481, 51.5052711], [-0.0742458, 51.5052483], [-0.0741329, 51.5052211], [-0.0740013, 51.5051866], [-0.0738314, 51.5051404], [-0.0737124, 51.5051079], [-0.0734958, 51.5050457], [-0.0733823, 51.5050102], [-0.0733343, 51.5049979], [-0.0732947, 51.5049845], [-0.0732421, 51.5049667], [-0.0731668, 51.5049416], [-0.0730903, 51.5049156], [-0.0730279, 51.5048943], [-0.0729649, 51.5048731], [-0.0729387, 51.5048629], [-0.072867, 51.5048357], [-0.0726165, 51.5047397], [-0.0724139, 51.5046517], [-0.0720672, 51.5045104], [-0.0719248, 51.5044557], [-0.0718404, 51.5044185], [-0.0715978, 51.5043049], [-0.0713516, 51.50418], [-0.0710768, 51.5040451], [-0.0708816, 51.5039521], [-0.0708159, 51.5039207], [-0.0707184, 51.5038818], [-0.0706051, 51.5038471], [-0.070588, 51.5038401], [-0.0701823, 51.5037079], [-0.0698711, 51.5036061], [-0.0695538, 51.5035047], [-0.0692831, 51.5034259], [-0.0691112, 51.5033759], [-0.0687547, 51.5032738], [-0.0685563, 51.5032206], [-0.0683477, 51.5031663], [-0.0680542, 51.5030857], [-0.0678188, 51.5030197], [-0.0673552, 51.5028854], [-0.0665949, 51.502676], [-0.0660046, 51.502509], [-0.0657941, 51.5024542], [-0.0653031, 51.5023536], [-0.0650095, 51.5022996], [-0.0649071, 51.5022798], [-0.0645821, 51.5022248], [-0.0643552, 51.5021843], [-0.0641411, 51.5021483], [-0.0639695, 51.5021202], [-0.0637073, 51.5020825], [-0.0635675, 51.5020611], [-0.0634216, 51.5020386], [-0.0633746, 51.5020307], [-0.063222, 51.5020052], [-0.0629532, 51.5019599], [-0.0627324, 51.5019283], [-0.062335, 51.5018787], [-0.0618005, 51.5018149], [-0.061631, 51.5017956], [-0.0614508, 51.5017753], [-0.061273, 51.5017555], [-0.0611347, 51.5017398], [-0.0609923, 51.5017245], [-0.0608671, 51.501711], [-0.060717, 51.5016971], [-0.0605708, 51.5016842], [-0.060522, 51.5016795], [-0.0604625, 51.5016771], [-0.0603525, 51.5016744], [-0.0602048, 51.5016704], [-0.0600498, 51.5016713], [-0.059903, 51.5016722], [-0.0597943, 51.5016785], [-0.0595213, 51.5017001], [-0.0592981, 51.5017233], [-0.0591672, 51.5017383], [-0.0590168, 51.5017611], [-0.0586943, 51.5018111], [-0.0584493, 51.5018479], [-0.0583133, 51.501871], [-0.0581568, 51.501899], [-0.0578479, 51.5019536], [-0.057559, 51.5020186], [-0.0754678, 51.5055343]]]}}, {"type": "Feature", "properties": {"water": "river", "name": "River Thames", "source_id": "osm/way/1218792447", "source": "OpenStreetMap", "licence": "ODbL 1.0"}, "geometry": {"type": "Polygon", "coordinates": [[[-1.3762451, 51.7167148], [-1.376137, 51.7167985], [-1.3759326, 51.7169007], [-1.3756314, 51.7169061], [-1.3748979, 51.716832], [-1.3745672, 51.7169397], [-1.3737038, 51.7178711], [-1.3719764, 51.7195587], [-1.3709121, 51.7210353], [-1.3702518, 51.7217071], [-1.3694754, 51.7226329], [-1.3686718, 51.7239919], [-1.3686916, 51.7242439], [-1.3689047, 51.7244524], [-1.3694328, 51.7247489], [-1.369618, 51.7249877], [-1.3696088, 51.7252003], [-1.3695234, 51.725578], [-1.369337, 51.7257684], [-1.3690106, 51.7259185], [-1.3762451, 51.7167148]]]}}, {"type": "Feature", "properties": {"water": "river", "name": "River Thames", "source_id": "osm/way/1274908268", "source": "OpenStreetMap", "licence": "ODbL 1.0"}, "geometry": {"type": "Polygon", "coordinates": [[[-0.79189, 51.5514389], [-0.7913176, 51.5515207], [-0.7895372, 51.5519882], [-0.7889053, 51.552209], [-0.7880336, 51.5526851], [-0.7876923, 51.5528858], [-0.7875447, 51.5532013], [-0.7873842, 51.5536622], [-0.79189, 51.5514389]]]}}, {"type": "Feature", "properties": {"water": "stream", "name": "River Thames", "source_id": "osm/way/1340398873", "source": "OpenStreetMap", "licence": "ODbL 1.0"}, "geometry": {"type": "Polygon", "coordinates": [[[-1.9804271, 51.6528005], [-1.980227, 51.6527343], [-1.9797203, 51.6525726], [-1.9795048, 51.6524713], [-1.9792042, 51.6523046], [-1.978942, 51.6521635], [-1.9786363, 51.6520825], [-1.9784407, 51.6521747], [-1.9782805, 51.6523913], [-1.9781406, 51.6521617], [-1.9778295, 51.6522173], [-1.9775832, 51.6522765], [-1.9773238, 51.6521945], [-1.977005, 51.652185], [-1.9766801, 51.6521549], [-1.9763154, 51.6520417], [-1.9758873, 51.6518253], [-1.9756481, 51.6516806], [-1.9753741, 51.6514993], [-1.9750308, 51.6517989], [-1.9748588, 51.651802], [-1.9745301, 51.6516494], [-1.9738217, 51.6512882], [-1.9735335, 51.6512559], [-1.9734468, 51.6512325], [-1.9734167, 51.6511903], [-1.973205, 51.6505892], [-1.9730852, 51.6504714], [-1.9729597, 51.6503841], [-1.9726437, 51.6503279], [-1.9724301, 51.650331], [-1.9722235, 51.650288], [-1.9712021, 51.6496083], [-1.9708327, 51.6494344], [-1.9705556, 51.6492471], [-1.9702485, 51.6490478], [-1.9804271, 51.6528005]]]}}, {"type": "Feature", "properties": {"water": "stream", "name": "River Thames", "source_id": "osm/way/1445226075", "source": "OpenStreetMap", "licence": "ODbL 1.0"}, "geometry": {"type": "Polygon", "coordinates": [[[-1.9825909, 51.6549974], [-1.9825016, 51.654722], [-1.9824118, 51.6545099], [-1.9822817, 51.6543578], [-1.9818557, 51.654148], [-1.981195, 51.6537576], [-1.9805732, 51.6533271], [-1.9804271, 51.6528005], [-1.9825909, 51.6549974]]]}}]}